UDI,Product ID,Type,Air temperature [K],Process temperature [K],Rotational speed [rpm],Torque [Nm],Tool wear [min],Machine failure,TWF,HDF,PWF,OSF,RNF
1,M10001,M,300.8,309.1,1770,34.3,3,0,0,0,0,0,0
2,L50001,L,300.8,309.1,1849,29.3,5,0,0,0,0,0,0
3,H70001,H,300.8,309.2,1640,42.5,10,0,0,0,0,0,0
4,M10002,M,300.8,309.2,1744,46.8,13,0,0,0,0,0,0
5,L50002,L,300.8,309.2,1754,41.9,15,0,0,0,0,0,0
6,H70002,H,300.8,309.2,1705,41.5,20,0,0,0,0,0,0
7,M10003,M,300.8,309.2,1637,56.0,23,1,0,0,1,0,0
8,M10004,M,300.8,309.2,1592,40.9,26,0,0,0,0,0,0
9,L50003,L,300.8,309.2,1839,35.3,28,0,0,0,0,0,0
10,L50004,L,300.8,309.1,1687,28.7,30,0,0,0,0,0,0
11,L50005,L,300.7,309.1,1634,52.7,32,1,0,0,1,0,0
12,H70003,H,300.7,309.1,1733,35.7,37,0,0,0,0,0,0
13,M10005,M,300.7,309.1,1544,36.7,40,0,0,0,0,0,0
14,H70004,H,300.7,309.1,1591,50.5,45,0,0,0,0,0,0
15,L50006,L,300.7,309.1,1561,60.5,47,1,0,0,1,0,0
16,L50007,L,300.8,309.2,1627,42.5,49,0,0,0,0,0,0
17,M10006,M,300.8,309.1,1654,38.6,52,0,0,0,0,0,0
18,L50008,L,300.8,309.2,1785,39.9,54,0,0,0,0,0,0
19,H70005,H,300.8,309.2,1599,35.4,59,0,0,0,0,0,0
20,M10007,M,300.8,309.2,1554,36.4,62,0,0,0,0,0,0
21,M10008,M,300.8,309.2,1615,36.5,65,0,0,0,0,0,0
22,L50009,L,300.8,309.2,1670,49.1,67,0,0,0,0,0,0
23,H70006,H,300.9,309.2,1730,39.1,72,0,0,0,0,0,0
24,H70007,H,300.8,309.2,1634,53.6,77,1,0,0,1,0,0
25,M10009,M,300.7,309.1,1738,38.8,80,0,0,0,0,0,0
26,L50010,L,300.7,309.1,1692,36.3,82,0,0,0,0,0,0
27,L50011,L,300.7,309.1,1537,52.8,84,0,0,0,0,0,0
28,L50012,L,300.8,309.1,1564,40.2,86,0,0,0,0,0,0
29,L50013,L,300.8,309.1,1543,38.7,88,0,0,0,0,0,0
30,M10010,M,300.8,309.1,1628,40.3,91,0,0,0,0,0,0
31,M10011,M,300.7,309.0,1645,54.7,94,1,0,0,1,0,0
32,H70008,H,300.7,309.0,1655,43.1,99,0,0,0,0,0,0
33,L50014,L,300.7,309.0,1237,52.5,101,1,0,1,0,0,0
34,L50015,L,300.7,309.0,1567,37.7,103,0,0,0,0,0,0
35,L50016,L,300.6,309.0,1825,50.9,105,1,0,0,1,0,0
36,L50017,L,300.7,309.0,1563,42.4,107,0,0,0,0,0,0
37,L50018,L,300.6,309.0,1615,48.8,109,0,0,0,0,0,0
38,L50019,L,300.6,309.0,1690,49.7,111,0,0,0,0,0,0
39,L50020,L,300.6,309.0,1703,30.6,113,0,0,0,0,0,0
40,M10012,M,300.6,309.0,1574,40.7,116,0,0,0,0,0,0
41,L50021,L,300.6,308.9,1673,49.6,118,0,0,0,0,0,0
42,H70009,H,300.5,308.9,1471,51.2,123,0,0,0,0,0,0
43,M10013,M,300.5,308.9,1742,52.5,2,1,0,0,1,0,0
44,L50022,L,300.4,308.8,1670,41.0,4,0,0,0,0,0,0
45,H70010,H,300.4,308.8,1547,55.4,9,0,0,0,0,0,0
46,H70011,H,300.5,308.9,1557,33.4,14,0,0,0,0,0,0
47,L50023,L,300.5,308.9,1624,25.1,16,0,0,0,0,0,0
48,L50024,L,300.5,308.9,1660,37.2,18,0,0,0,0,0,0
49,M10014,M,300.5,308.9,1758,52.0,21,1,0,0,1,0,0
50,L50025,L,300.5,308.9,1727,29.1,23,0,0,0,0,0,0
51,L50026,L,300.5,308.8,1758,25.3,25,0,0,0,0,0,0
52,L50027,L,300.4,308.8,1774,22.8,5,0,0,0,0,0,0
53,M10015,M,300.4,308.8,1824,47.4,8,1,0,0,1,0,0
54,M10016,M,300.4,308.8,1686,25.5,11,0,0,0,0,0,0
55,M10017,M,300.4,308.8,1762,45.5,14,0,0,0,0,0,0
56,M10018,M,300.4,308.7,1631,36.7,17,0,0,0,0,0,0
57,L50028,L,300.5,308.8,1627,32.3,19,0,0,0,0,0,0
58,M10019,M,300.4,308.8,1695,30.0,22,0,0,0,0,0,0
59,L50029,L,300.4,308.8,1632,42.1,24,0,0,0,0,0,0
60,L50030,L,300.4,308.7,1740,32.5,26,0,0,0,0,0,0
61,M10020,M,300.4,308.7,1441,40.0,29,0,0,0,0,0,0
62,L50031,L,300.3,308.7,1642,44.0,31,0,0,0,0,0,0
63,M10021,M,300.4,308.7,1564,46.1,34,0,0,0,0,0,0
64,M10022,M,300.4,308.7,1536,49.3,37,0,0,0,0,0,0
65,M10023,M,300.4,308.7,1525,41.6,40,0,0,0,0,0,0
66,M10024,M,300.3,308.7,1672,29.5,43,0,0,0,0,0,0
67,M10025,M,300.3,308.7,1229,44.7,46,1,0,1,0,0,0
68,L50032,L,300.3,308.6,1577,46.6,48,0,0,0,0,0,0
69,L50033,L,300.3,308.6,1512,38.2,50,0,0,0,0,0,0
70,L50034,L,300.3,308.6,1674,37.1,52,0,0,0,0,0,0
71,L50035,L,300.3,308.6,1450,64.8,54,1,0,0,1,0,0
72,L50036,L,300.3,308.6,1570,27.1,56,0,0,0,0,0,0
73,H70012,H,300.3,308.6,1575,44.9,61,0,0,0,0,0,0
74,L50037,L,300.2,308.6,1526,50.5,63,0,0,0,0,0,0
75,L50038,L,300.2,308.6,1671,36.6,65,0,0,0,0,0,0
76,L50039,L,300.2,308.6,1608,38.3,67,0,0,0,0,0,0
77,L50040,L,300.2,308.6,1540,36.0,69,0,0,0,0,0,0
78,M10026,M,300.3,308.6,1570,40.0,72,0,0,0,0,0,0
79,M10027,M,300.3,308.6,1448,49.0,75,0,0,0,0,0,0
80,M10028,M,300.2,308.6,1763,38.0,78,0,0,0,0,0,0
81,M10029,M,300.2,308.6,1605,71.1,81,1,0,0,1,0,0
82,L50041,L,300.2,308.6,1801,35.5,83,0,0,0,0,0,0
83,H70013,H,300.2,308.6,1525,53.8,88,0,0,0,0,0,0
84,L50042,L,300.2,308.6,1738,45.4,90,0,0,0,0,0,0
85,L50043,L,300.2,308.6,1681,41.1,92,0,0,0,0,0,0
86,L50044,L,300.2,308.6,1500,54.7,94,0,0,0,0,0,0
87,M10030,M,300.2,308.6,1677,24.0,97,0,0,0,0,0,0
88,L50045,L,300.2,308.5,1612,44.3,99,0,0,0,0,0,0
89,L50046,L,300.2,308.5,1696,32.8,101,0,0,0,0,0,0
90,M10031,M,300.2,308.5,1705,35.6,104,0,0,0,0,0,0
91,L50047,L,300.2,308.5,1675,35.2,106,0,0,0,0,0,0
92,M10032,M,300.2,308.6,1669,30.4,109,0,0,0,0,0,0
93,L50048,L,300.1,308.5,1858,23.5,111,0,0,0,0,0,0
94,L50049,L,300.1,308.5,1620,43.9,113,0,0,0,0,0,0
95,L50050,L,300.1,308.6,1638,39.3,115,0,0,0,0,0,0
96,M10033,M,300.2,308.6,1646,37.0,118,0,0,0,0,0,0
97,L50051,L,300.2,308.6,1600,47.6,120,0,0,0,0,0,0
98,L50052,L,300.1,308.6,1504,44.5,122,0,0,0,0,0,0
99,L50053,L,300.1,308.6,1574,37.3,124,0,0,0,0,0,0
100,H70014,H,300.2,308.6,1711,70.5,129,1,0,0,1,0,0
101,H70015,H,300.1,308.6,1449,50.2,134,0,0,0,0,0,0
102,M10034,M,300.1,308.5,1547,64.4,137,1,0,0,1,0,0
103,L50054,L,300.1,308.5,1702,35.9,139,0,0,0,0,0,0
104,H70016,H,300.1,308.6,1728,42.5,144,0,0,0,0,0,0
105,M10035,M,300.1,308.5,1747,27.6,147,0,0,0,0,0,0
106,M10036,M,300.1,308.6,1837,36.7,150,0,0,0,0,0,0
107,L50055,L,300.1,308.5,1702,34.2,152,0,0,0,0,0,0
108,L50056,L,300.0,308.5,1616,70.0,154,1,0,0,1,0,0
109,L50057,L,300.0,308.4,1780,33.1,156,0,0,0,0,0,0
110,H70017,H,299.9,308.4,1801,37.7,161,0,0,0,0,0,0
111,L50058,L,300.0,308.4,1728,25.5,163,0,0,0,0,0,0
112,L50059,L,300.1,308.5,1658,45.3,165,0,0,0,0,0,0
113,L50060,L,300.1,308.5,1664,31.0,167,0,0,0,0,0,0
114,M10037,M,300.0,308.5,1617,49.2,170,0,0,0,0,0,0
115,L50061,L,300.0,308.5,1762,22.1,172,0,0,0,0,0,0
116,H70018,H,300.0,308.5,1889,38.8,177,0,0,0,0,0,0
117,M10038,M,300.0,308.4,1733,21.5,180,0,0,0,0,0,0
118,M10039,M,300.0,308.4,1756,35.1,183,0,0,0,0,0,0
119,L50062,L,300.0,308.5,1543,37.1,185,0,0,0,0,0,0
120,M10040,M,300.0,308.5,1592,34.0,188,0,0,0,0,0,0
121,M10041,M,300.0,308.4,1780,35.0,191,0,0,0,0,0,0
122,M10042,M,300.0,308.4,1720,49.7,194,0,0,0,0,0,0
123,L50063,L,300.0,308.4,1481,61.7,196,1,0,0,1,1,0
124,L50064,L,300.0,308.5,1648,43.4,198,0,0,0,0,0,0
125,L50065,L,300.0,308.4,1688,31.4,200,0,0,0,0,0,0
126,L50066,L,300.0,308.4,1753,40.6,202,0,0,0,0,0,0
127,L50067,L,300.0,308.5,1620,36.5,204,0,0,0,0,0,0
128,L50068,L,300.0,308.5,1220,48.9,206,1,0,1,0,0,0
129,L50069,L,300.0,308.5,1756,42.9,208,0,0,0,0,0,0
130,M10043,M,300.1,308.6,1642,24.2,211,0,0,0,0,0,0
131,L50070,L,300.1,308.6,1548,51.0,213,0,0,0,0,0,0
132,H70019,H,300.0,308.5,1612,49.7,218,0,0,0,0,0,0
133,M10044,M,300.0,308.6,1709,55.0,221,1,0,0,1,1,0
134,L50071,L,300.1,308.6,1569,34.8,223,0,0,0,0,0,0
135,M10045,M,300.1,308.6,1570,43.0,226,0,0,0,0,0,0
136,L50072,L,300.1,308.6,1765,28.2,228,0,0,0,0,0,0
137,H70020,H,300.0,308.6,1720,39.5,233,0,0,0,0,0,0
138,L50073,L,300.0,308.6,1648,44.0,235,0,0,0,0,0,0
139,M10046,M,300.1,308.6,1673,33.6,238,0,0,0,0,0,0
140,L50074,L,300.0,308.6,1644,43.4,240,0,0,0,0,0,0
141,L50075,L,300.0,308.6,1506,41.7,242,0,0,0,0,0,0
142,L50076,L,300.0,308.6,1683,35.5,244,0,0,0,0,0,0
143,H70021,H,300.0,308.6,1711,54.0,249,1,0,0,1,1,0
144,M10047,M,300.0,308.6,1543,37.7,252,0,0,0,0,0,0
145,L50077,L,300.0,308.6,1573,41.3,2,0,0,0,0,0,0
146,L50078,L,300.0,308.6,1691,25.3,4,0,0,0,0,0,0
147,L50079,L,300.0,308.6,1593,45.2,6,0,0,0,0,0,0
148,M10048,M,299.9,308.5,1841,35.2,9,0,0,0,0,0,0
149,L50080,L,299.9,308.5,1516,49.6,11,0,0,0,0,0,0
150,L50081,L,299.9,308.5,1616,26.9,13,0,0,0,0,0,0
151,H70022,H,300.0,308.6,1697,44.3,18,0,0,0,0,0,0
152,H70023,H,300.0,308.7,1705,18.2,23,1,0,0,1,0,0
153,L50082,L,300.1,308.7,1689,46.2,25,0,0,0,0,0,0
154,M10049,M,300.1,308.7,1641,38.3,28,0,0,0,0,0,0
155,L50083,L,300.1,308.7,1671,44.0,30,0,0,0,0,0,0
156,M10050,M,300.1,308.7,1540,34.0,33,0,0,0,0,0,0
157,L50084,L,300.2,308.8,1740,30.5,35,0,0,0,0,0,0
158,M10051,M,300.1,308.8,1692,35.7,38,0,0,0,0,0,0
159,M10052,M,300.2,308.3,1617,41.9,41,0,0,0,0,0,0
160,M10053,M,300.2,308.7,1509,45.8,44,0,0,0,0,0,0
161,L50085,L,300.2,308.8,1654,43.0,46,0,0,0,0,0,0
162,H70024,H,300.1,308.8,1764,30.6,51,0,0,0,0,0,0
163,L50086,L,300.2,308.8,1507,58.4,53,1,0,0,1,0,0
164,L50087,L,300.2,308.8,1587,43.3,55,0,0,0,0,0,0
165,M10054,M,300.2,308.8,1754,33.8,58,0,0,0,0,0,0
166,L50088,L,300.2,308.9,1782,44.2,60,0,0,0,0,0,0
167,H70025,H,300.2,308.8,1721,42.6,65,0,0,0,0,0,0
168,H70026,H,300.2,308.9,1680,38.2,70,0,0,0,0,0,0
169,L50089,L,300.2,308.9,1643,37.1,72,0,0,0,0,0,0
170,H70027,H,300.2,308.9,1596,49.8,77,0,0,0,0,0,0
171,L50090,L,300.2,308.9,1441,57.3,79,0,0,0,0,0,0
172,M10055,M,300.2,308.9,1742,19.6,82,0,0,0,0,0,0
173,L50091,L,300.1,308.9,1687,52.3,84,1,0,0,1,0,0
174,H70028,H,300.1,308.8,1653,40.2,89,0,0,0,0,0,0
175,L50092,L,300.1,308.8,1581,42.4,91,0,0,0,0,0,0
176,L50093,L,300.1,308.8,1515,53.5,93,0,0,0,0,0,0
177,L50094,L,300.1,308.8,1785,13.5,95,1,0,0,1,0,0
178,H70029,H,300.0,308.7,1497,48.1,100,0,0,0,0,0,0
179,H70030,H,300.0,308.7,1152,52.8,105,0,0,0,0,0,0
180,M10056,M,300.0,308.2,1824,33.1,108,0,0,0,0,0,0
181,H70031,H,300.0,308.7,1629,26.1,113,0,0,0,0,0,0
182,H70032,H,300.0,308.7,1493,56.4,118,0,0,0,0,0,0
183,M10057,M,300.0,308.7,1768,22.4,121,0,0,0,0,0,0
184,L50095,L,300.1,308.8,1588,44.2,123,0,0,0,0,0,0
185,M10058,M,300.1,308.8,2025,50.2,126,1,0,0,1,0,0
186,M10059,M,300.0,308.8,1707,44.0,129,0,0,0,0,0,0
187,L50096,L,300.1,308.8,1901,45.6,131,1,0,0,1,0,0
188,L50097,L,300.1,308.8,1732,37.3,133,0,0,0,0,0,0
189,M10060,M,300.2,308.9,1574,44.6,136,0,0,0,0,0,0
190,L50098,L,300.1,308.9,1661,32.9,138,0,0,0,0,0,0
191,H70033,H,300.1,308.8,1853,34.2,143,0,0,0,0,0,0
192,L50099,L,300.1,308.8,1522,40.4,145,0,0,0,0,0,0
193,L50100,L,300.1,308.9,1783,24.6,147,0,0,0,0,0,0
194,H70034,H,300.1,308.9,1722,45.8,152,0,0,0,0,0,0
195,L50101,L,300.1,308.9,1717,15.2,154,1,0,0,1,0,0
196,L50102,L,300.1,308.9,1571,43.6,156,0,0,0,0,0,0
197,M10061,M,300.1,308.9,1593,44.6,159,0,0,0,0,0,0
198,H70035,H,300.1,308.9,1629,32.1,164,0,0,0,0,0,0
199,L50103,L,300.1,308.9,1720,27.7,166,0,0,0,0,0,0
200,L50104,L,300.1,308.9,1752,35.9,168,0,0,0,0,0,0
201,M10062,M,300.2,308.9,2004,46.4,171,1,0,0,1,0,0
202,H70036,H,300.2,309.0,1716,43.5,176,0,0,0,0,0,0
203,M10063,M,300.2,309.0,1834,28.9,179,0,0,0,0,0,0
204,L50105,L,300.2,308.9,1683,41.1,181,0,0,0,0,0,0
205,L50106,L,300.2,308.9,1684,42.6,183,0,0,0,0,0,0
206,L50107,L,300.2,308.9,1585,42.2,185,0,0,0,0,0,0
207,L50108,L,300.1,308.9,1465,30.1,187,0,0,0,0,0,0
208,M10064,M,300.1,308.9,1695,41.6,190,0,0,0,0,0,0
209,L50109,L,300.1,308.9,1674,49.2,192,0,0,0,0,0,0
210,M10065,M,300.1,308.9,1644,45.4,195,0,0,0,0,0,0
211,M10066,M,300.1,308.9,1710,44.1,198,0,0,0,0,0,0
212,M10067,M,300.0,308.8,1515,56.4,201,0,0,0,0,0,0
213,L50110,L,300.1,308.9,1688,41.7,203,0,0,0,0,0,0
214,H70037,H,300.0,308.8,1826,31.6,208,0,0,0,0,0,0
215,M10068,M,300.0,308.8,1754,31.6,211,1,1,0,0,0,0
216,M10069,M,300.1,308.9,1762,41.8,214,0,0,0,0,0,0
217,L50111,L,300.1,308.9,1846,25.6,216,0,0,0,0,0,0
218,L50112,L,300.1,308.9,1556,36.9,218,1,1,0,0,0,0
219,H70038,H,300.1,308.9,1691,44.6,223,0,0,0,0,0,0
220,L50113,L,300.2,309.0,1532,51.7,225,1,1,0,0,1,0
221,L50114,L,300.2,309.0,1631,24.6,227,0,0,0,0,0,0
222,L50115,L,300.2,309.1,1619,41.0,229,1,1,0,0,0,0
223,M10070,M,300.2,309.0,1811,39.3,232,0,0,0,0,0,0
224,H70039,H,300.1,309.0,1599,40.4,237,0,0,0,0,0,0
225,L50116,L,300.2,309.0,1484,41.4,239,0,0,0,0,0,0
226,H70040,H,300.1,309.0,1522,39.7,244,0,0,0,0,0,0
227,L50117,L,300.2,309.1,1621,53.9,246,1,0,0,1,1,0
228,M10071,M,300.2,309.0,1167,52.4,249,1,0,0,0,1,0
229,M10072,M,300.2,309.1,1355,61.4,252,1,0,0,0,1,0
230,L50118,L,300.2,309.1,1524,39.9,8,0,0,0,0,0,0
231,L50119,L,300.2,309.1,1686,35.9,10,0,0,0,0,0,0
232,L50120,L,300.2,308.4,1770,30.3,12,0,0,0,0,0,0
233,H70041,H,300.3,309.1,1637,34.8,17,0,0,0,0,0,0
234,M10073,M,300.2,309.1,1671,47.1,20,0,0,0,0,0,0
235,H70042,H,300.2,309.1,1687,48.7,25,0,0,0,0,0,0
236,H70043,H,300.2,309.1,1544,46.8,30,0,0,0,0,0,0
237,L50121,L,300.2,309.1,1674,33.4,32,0,0,0,0,0,0
238,M10074,M,300.3,309.2,1630,33.4,35,0,0,0,0,0,0
239,L50122,L,300.2,309.1,1597,59.6,37,1,0,0,1,0,0
240,L50123,L,300.2,309.0,1638,31.7,39,0,0,0,0,0,0
241,H70044,H,300.2,309.0,1467,54.2,44,0,0,0,0,0,0
242,M10075,M,300.2,309.1,1634,44.0,47,0,0,0,0,0,0
243,L50124,L,300.2,309.1,1788,32.7,49,0,0,0,0,0,0
244,M10076,M,300.2,309.1,1758,28.2,52,0,0,0,0,0,0
245,M10077,M,300.3,309.1,1776,33.1,55,0,0,0,0,0,0
246,H70045,H,300.2,309.1,1361,44.2,60,0,0,0,0,0,0
247,M10078,M,300.2,309.1,1701,30.9,63,0,0,0,0,0,0
248,L50125,L,300.2,309.1,1515,55.5,65,0,0,0,0,0,0
249,L50126,L,300.2,309.1,1583,37.9,67,0,0,0,0,0,0
250,L50127,L,300.2,309.1,1471,47.0,69,0,0,0,0,0,0
251,M10079,M,300.2,309.1,2145,46.2,72,1,0,0,1,0,0
252,H70046,H,300.2,309.1,1536,56.2,77,1,0,0,1,0,0
253,L50128,L,300.2,309.1,1519,35.6,79,0,0,0,0,0,0
254,L50129,L,300.2,309.1,1756,41.1,81,0,0,0,0,0,0
255,L50130,L,300.2,309.1,1731,26.0,83,0,0,0,0,0,0
256,M10080,M,300.2,309.2,1732,41.0,86,0,0,0,0,0,0
257,H70047,H,300.2,309.1,1567,51.4,91,0,0,0,0,0,0
258,L50131,L,300.2,309.1,1567,42.2,93,0,0,0,0,0,0
259,L50132,L,300.1,309.1,1570,63.1,95,1,0,0,1,0,0
260,M10081,M,300.1,309.1,1671,45.2,98,0,0,0,0,0,0
261,L50133,L,300.1,309.1,1653,34.6,100,0,0,0,0,0,0
262,H70048,H,300.2,309.1,1745,44.6,105,0,0,0,0,0,0
263,L50134,L,300.2,309.1,1811,25.4,107,0,0,0,0,0,0
264,L50135,L,300.2,309.1,1742,32.0,109,0,0,0,0,0,0
265,H70049,H,300.3,309.2,1613,27.8,114,0,0,0,0,0,0
266,L50136,L,300.2,309.2,1537,40.2,116,0,0,0,0,0,0
267,L50137,L,300.2,309.1,1761,39.4,118,0,0,0,0,0,0
268,L50138,L,300.1,309.1,1390,52.1,120,0,0,0,0,0,0
269,L50139,L,300.1,309.1,1647,39.0,122,0,0,0,0,0,0
270,L50140,L,300.1,309.1,1715,30.0,124,0,0,0,0,0,0
271,L50141,L,300.1,309.1,1525,55.6,126,0,0,0,0,0,0
272,L50142,L,300.1,309.1,1800,10.6,128,1,0,0,1,0,0
273,L50143,L,300.2,309.2,1686,40.4,130,0,0,0,0,0,0
274,M10082,M,300.2,309.2,1586,42.2,133,0,0,0,0,0,0
275,M10083,M,300.3,309.3,1730,39.9,136,0,0,0,0,0,0
276,L50144,L,300.3,309.3,1676,45.0,138,0,0,0,0,0,0
277,L50145,L,300.2,309.2,1628,41.1,140,0,0,0,0,0,0
278,M10084,M,300.2,309.3,1550,45.0,7,0,0,0,0,0,0
279,H70050,H,300.2,309.2,1673,34.0,12,0,0,0,0,0,0
280,H70051,H,300.2,309.2,1916,25.4,17,0,0,0,0,0,0
281,L50146,L,300.2,309.2,1584,39.5,19,0,0,0,0,0,0
282,L50147,L,300.2,309.2,1841,29.7,21,0,0,0,0,0,0
283,L50148,L,300.2,309.2,1530,32.7,23,0,0,0,0,0,0
284,L50149,L,300.1,309.2,1512,51.6,5,0,0,0,0,0,0
285,M10085,M,300.1,309.2,1520,55.6,8,0,0,0,0,0,0
286,L50150,L,300.2,309.2,1676,51.4,10,1,0,0,1,0,0
287,L50151,L,300.2,309.2,1605,49.6,12,0,0,0,0,0,0
288,L50152,L,300.1,309.2,1765,40.6,14,0,0,0,0,0,0
289,M10086,M,300.1,309.2,1567,50.2,17,0,0,0,0,0,0
290,L50153,L,300.1,309.1,1627,43.6,19,0,0,0,0,0,0
291,H70052,H,300.1,309.1,1519,59.5,24,1,0,0,1,0,0
292,L50154,L,300.1,309.1,1880,30.8,26,0,0,0,0,0,0
293,H70053,H,300.1,309.1,1514,46.7,31,0,0,0,0,0,0
294,L50155,L,300.0,309.0,1670,27.4,33,0,0,0,0,0,0
295,H70054,H,300.0,309.0,1527,46.8,38,0,0,0,0,0,0
296,H70055,H,300.0,309.0,1791,22.8,43,0,0,0,0,0,0
297,H70056,H,300.0,309.1,1610,27.9,48,0,0,0,0,0,0
298,H70057,H,300.0,309.0,1881,27.2,53,0,0,0,0,0,0
299,M10087,M,299.9,309.0,1644,42.5,56,0,0,0,0,0,0
300,M10088,M,299.9,309.0,1669,43.5,59,0,0,0,0,0,0
301,M10089,M,300.0,309.1,1564,64.5,62,1,0,0,1,0,0
302,L50156,L,300.0,309.1,1653,39.1,64,0,0,0,0,0,0
303,M10090,M,300.0,309.1,1621,47.7,67,0,0,0,0,0,0
304,M10091,M,300.1,309.1,1649,41.6,70,0,0,0,0,0,0
305,H70058,H,300.0,309.1,1661,46.9,75,0,0,0,0,0,0
306,L50157,L,300.0,309.0,1569,41.4,77,0,0,0,0,0,0
307,L50158,L,299.9,308.9,1504,51.0,79,0,0,0,0,0,0
308,M10092,M,299.9,309.0,1779,29.5,82,0,0,0,0,0,0
309,L50159,L,300.0,309.0,1777,15.5,84,1,0,0,1,0,0
310,L50160,L,300.0,309.0,1448,44.2,86,0,0,0,0,0,0
311,L50161,L,300.0,309.0,1701,21.9,88,0,0,0,0,0,0
312,L50162,L,300.0,308.9,1719,53.1,90,1,0,0,1,0,0
313,L50163,L,299.9,308.9,1664,34.5,92,0,0,0,0,0,0
314,L50164,L,300.0,309.0,1656,29.6,94,0,0,0,0,0,0
315,L50165,L,300.0,309.0,1375,67.0,96,1,0,0,1,0,0
316,L50166,L,300.0,309.0,1600,39.8,98,0,0,0,0,0,0
317,L50167,L,299.9,308.9,1556,37.9,100,0,0,0,0,0,0
318,M10093,M,300.0,309.0,1650,47.5,103,0,0,0,0,0,0
319,L50168,L,300.0,309.0,2032,48.2,105,1,0,0,1,0,0
320,H70059,H,299.9,308.9,1558,51.4,110,0,0,0,0,0,0
321,H70060,H,299.9,308.9,1651,26.7,115,0,0,0,0,0,0
322,L50169,L,299.8,308.8,1760,45.4,117,0,0,0,0,0,0
323,L50170,L,299.8,308.9,1602,37.1,119,0,0,0,0,0,0
324,M10094,M,299.8,308.9,1635,30.8,122,0,0,0,0,0,0
325,H70061,H,299.8,308.9,1626,40.5,127,0,0,0,0,0,0
326,M10095,M,299.9,308.9,1735,21.9,130,0,0,0,0,0,0
327,H70062,H,299.9,308.9,1645,49.2,135,0,0,0,0,0,0
328,M10096,M,299.9,308.9,1749,37.1,138,0,0,0,0,0,0
329,M10097,M,299.9,308.9,1752,35.2,141,0,0,0,0,0,0
330,L50171,L,300.0,309.0,1876,38.6,143,0,0,0,0,0,0
331,M10098,M,300.0,309.0,1506,38.3,146,0,0,0,0,0,0
332,L50172,L,299.9,309.0,1611,51.4,148,0,0,0,0,0,0
333,M10099,M,299.9,309.0,1660,29.0,151,0,0,0,0,0,0
334,H70063,H,299.9,309.0,1851,36.2,156,0,0,0,0,0,0
335,L50173,L,299.8,308.9,1677,37.8,158,0,0,0,0,0,0
336,M10100,M,299.8,308.9,1523,29.3,161,0,0,0,0,0,0
337,L50174,L,299.8,308.9,1681,41.6,163,0,0,0,0,0,0
338,M10101,M,299.8,308.9,1712,32.8,166,0,0,0,0,0,0
339,L50175,L,299.7,308.9,1791,26.0,168,0,0,0,0,0,0
340,H70064,H,299.7,308.8,1558,45.3,173,0,0,0,0,0,0
341,L50176,L,299.7,308.9,1599,55.5,175,1,0,0,1,0,0
342,H70065,H,299.8,308.9,1623,40.5,180,0,0,0,0,0,0
343,H70066,H,299.8,308.9,1595,39.0,185,0,0,0,0,0,0
344,M10102,M,299.8,308.9,1687,38.8,188,0,0,0,0,0,0
345,M10103,M,299.8,308.9,1691,34.8,191,0,0,0,0,0,0
346,M10104,M,299.7,308.9,1684,51.7,194,1,0,0,1,0,0
347,H70067,H,299.7,308.8,1648,40.9,199,0,0,0,0,0,0
348,L50177,L,299.7,308.9,1818,18.2,201,1,0,0,1,0,0
349,M10105,M,299.7,308.9,1479,52.0,204,0,0,0,0,0,0
350,L50178,L,299.8,308.9,1726,49.5,206,1,1,0,0,0,0
351,M10106,M,299.8,308.9,1549,46.0,209,0,0,0,0,0,0
352,L50179,L,299.8,308.9,2295,12.4,211,1,1,0,1,0,0
353,M10107,M,299.8,308.9,1674,40.0,214,0,0,0,0,0,0
354,M10108,M,299.7,308.8,1616,48.9,217,0,0,0,0,0,0
355,L50180,L,299.8,308.8,1699,43.8,219,1,1,0,0,0,0
356,M10109,M,299.7,308.8,1447,42.1,222,0,0,0,0,0,0
357,M10110,M,299.7,308.8,1552,49.0,225,0,0,0,0,0,0
358,M10111,M,299.6,308.7,1710,41.4,228,0,0,0,0,0,0
359,L50181,L,299.7,308.8,1760,52.0,230,1,1,0,1,1,0
360,M10112,M,299.7,308.8,1639,41.6,233,1,1,0,0,0,0
361,H70068,H,299.8,308.9,1426,40.8,238,0,0,0,0,0,0
362,L50182,L,299.8,308.9,1575,48.9,240,1,0,0,0,1,0
363,L50183,L,299.8,308.9,1665,36.0,242,0,0,0,0,0,0
364,L50184,L,299.8,308.9,1807,29.0,244,0,0,0,0,0,0
365,M10113,M,299.8,308.9,1654,40.0,247,0,0,0,0,0,0
366,L50185,L,299.7,308.8,1504,45.9,249,1,0,0,0,1,0
367,M10114,M,299.7,308.8,1689,49.3,252,1,0,0,0,1,0
368,M10115,M,299.7,308.8,1653,49.3,9,0,0,0,0,0,0
369,L50186,L,299.7,308.8,1591,39.3,11,0,0,0,0,0,0
370,H70069,H,299.7,308.8,1724,38.3,16,0,0,0,0,0,0
371,M10116,M,299.7,308.8,1632,34.1,19,0,0,0,0,0,0
372,L50187,L,299.7,308.9,2030,42.5,21,1,0,0,1,0,0
373,L50188,L,299.7,308.9,1688,23.6,23,0,0,0,0,0,0
374,L50189,L,299.8,308.9,1621,40.2,25,0,0,0,0,0,0
375,L50190,L,299.7,308.9,1583,68.5,27,1,0,0,1,0,0
376,L50191,L,299.7,308.9,1567,25.0,29,0,0,0,0,0,0
377,H70070,H,299.7,308.8,1741,41.6,34,0,0,0,0,0,0
378,L50192,L,299.7,308.8,1646,43.8,36,0,0,0,0,0,0
379,L50193,L,299.8,308.9,1589,45.1,38,0,0,0,0,0,0
380,M10117,M,299.8,308.9,1702,30.3,41,0,0,0,0,0,0
381,M10118,M,299.8,308.9,1541,45.2,44,0,0,0,0,0,0
382,H70071,H,299.8,308.9,1181,34.7,49,0,0,0,0,0,0
383,M10119,M,299.8,309.0,1645,25.7,52,0,0,0,0,0,0
384,L50194,L,299.9,309.0,1430,49.5,54,0,0,0,0,0,0
385,L50195,L,299.9,309.0,1494,46.6,56,0,0,0,0,0,0
386,H70072,H,299.9,309.0,1554,30.3,61,0,0,0,0,0,0
387,M10120,M,299.9,309.0,1788,34.6,64,0,0,0,0,0,0
388,H70073,H,300.0,308.2,1565,34.2,69,0,0,0,0,0,0
389,L50196,L,300.0,309.1,1382,23.6,71,1,0,0,1,0,0
390,H70074,H,300.0,309.1,1711,47.6,76,0,0,0,0,0,0
391,M10121,M,300.0,309.1,1685,48.0,79,0,0,0,0,0,0
392,L50197,L,300.0,309.0,1641,36.7,81,0,0,0,0,0,0
393,M10122,M,300.0,309.0,1275,39.7,84,0,0,0,0,0,0
394,M10123,M,299.9,309.0,1660,41.1,87,0,0,0,0,0,0
395,L50198,L,299.9,309.0,1827,42.4,89,0,0,0,0,0,0
396,L50199,L,299.9,309.0,1757,26.5,91,0,0,0,0,0,0
397,H70075,H,299.9,309.0,1685,44.9,96,0,0,0,0,0,0
398,L50200,L,299.9,309.0,1915,28.2,98,0,0,0,0,0,0
399,L50201,L,299.9,309.0,1640,46.8,100,0,0,0,0,0,0
400,L50202,L,299.9,309.0,1809,29.4,102,0,0,0,0,0,0
401,L50203,L,299.9,309.0,2181,27.0,104,0,0,0,0,0,0
402,H70076,H,299.9,309.0,1693,39.7,109,0,0,0,0,0,0
403,M10124,M,299.8,309.0,1566,39.5,112,0,0,0,0,0,0
404,L50204,L,299.8,309.0,1543,41.0,114,0,0,0,0,0,0
405,H70077,H,299.8,309.0,1650,31.1,119,0,0,0,0,0,0
406,H70078,H,299.8,309.1,1719,42.0,124,0,0,0,0,0,0
407,L50205,L,299.8,309.0,1710,43.0,126,0,0,0,0,0,0
408,H70079,H,299.8,309.0,1709,51.7,131,1,0,0,1,0,0
409,L50206,L,299.8,309.0,1639,41.9,133,0,0,0,0,0,0
410,H70080,H,299.8,309.0,1730,34.0,138,0,0,0,0,0,0
411,M10125,M,299.7,308.9,1769,26.5,141,0,0,0,0,0,0
412,M10126,M,299.7,308.9,1720,24.7,144,0,0,0,0,0,0
413,L50207,L,299.7,308.9,1604,43.2,146,0,0,0,0,0,0
414,H70081,H,299.7,309.0,1475,47.9,151,0,0,0,0,0,0
415,L50208,L,299.7,309.0,1683,31.1,153,0,0,0,0,0,0
416,L50209,L,299.7,308.9,1627,42.6,155,0,0,0,0,0,0
417,L50210,L,299.7,308.9,1761,38.3,157,0,0,0,0,0,0
418,M10127,M,299.7,308.9,1724,47.2,160,0,0,0,0,0,0
419,L50211,L,299.7,308.9,1618,48.7,162,0,0,0,0,0,0
420,H70082,H,299.7,308.9,1954,17.3,167,0,0,0,0,0,0
421,M10128,M,299.7,308.8,1613,50.3,170,0,0,0,0,0,0
422,L50212,L,299.7,308.8,1730,42.5,172,0,0,0,0,0,0
423,L50213,L,299.8,309.0,1669,34.7,174,0,0,0,0,0,0
424,L50214,L,299.7,308.9,1574,35.0,176,0,0,0,0,0,0
425,M10129,M,299.8,308.9,1610,40.3,179,0,0,0,0,0,0
426,H70083,H,299.7,308.9,1809,35.0,184,0,0,0,0,0,0
427,L50215,L,299.7,308.9,1675,30.6,186,0,0,0,0,0,0
428,H70084,H,299.8,308.9,1645,32.9,191,0,0,0,0,0,0
429,L50216,L,299.8,308.9,1704,29.6,193,0,0,0,0,0,0
430,H70085,H,299.8,308.9,1545,53.5,198,0,0,0,0,0,0
431,H70086,H,299.7,308.9,1755,40.6,203,0,0,0,0,0,0
432,M10130,M,299.7,308.9,1703,62.5,206,1,0,0,1,1,0
433,M10131,M,299.7,308.9,1631,43.7,209,0,0,0,0,0,0
434,H70087,H,299.7,308.9,1668,45.9,214,0,0,0,0,0,0
435,L50217,L,299.6,308.8,1793,29.4,216,0,0,0,0,0,0
436,L50218,L,299.7,308.9,1671,37.8,218,0,0,0,0,0,0
437,L50219,L,299.7,308.9,1567,40.7,220,1,1,0,0,0,0
438,M10132,M,299.6,308.9,1646,33.6,223,0,0,0,0,0,0
439,M10133,M,299.7,308.9,1711,35.4,226,1,1,0,0,0,0
440,M10134,M,299.7,308.9,1664,44.2,229,0,0,0,0,0,0
441,H70088,H,299.7,308.9,1466,44.4,234,0,0,0,0,0,0
442,L50220,L,299.6,308.8,1680,26.6,236,0,0,0,0,0,0
443,M10135,M,299.6,308.8,1569,42.8,239,0,0,0,0,0,0
444,L50221,L,299.6,308.8,1701,45.5,241,0,0,0,0,0,0
445,L50222,L,299.6,308.8,1618,34.1,243,0,0,0,0,0,0
446,M10136,M,299.6,308.8,1644,33.1,246,0,0,0,0,0,0
447,H70089,H,299.6,308.8,1582,44.4,251,0,0,0,0,0,0
448,M10137,M,299.6,308.8,1855,14.3,16,1,0,0,1,0,0
449,L50223,L,299.5,308.7,1737,40.0,18,0,0,0,0,0,0
450,M10138,M,299.5,308.7,1609,56.3,21,1,0,0,1,0,0
451,L50224,L,299.6,308.7,1885,14.0,23,1,0,0,1,0,0
452,H70090,H,299.6,308.8,1718,48.2,28,0,0,0,0,0,0
453,M10139,M,299.6,308.8,1459,45.4,31,0,0,0,0,0,0
454,L50225,L,299.6,308.7,1778,25.6,33,0,0,0,0,0,0
455,L50226,L,299.6,308.8,1590,45.2,35,0,0,0,0,0,0
456,L50227,L,299.6,308.8,1485,50.0,37,0,0,0,0,0,0
457,H70091,H,299.6,308.8,1332,28.2,42,0,0,0,0,0,0
458,L50228,L,299.6,308.8,1753,32.9,44,0,0,0,0,0,0
459,M10140,M,299.5,308.7,1780,40.3,47,0,0,0,0,0,0
460,M10141,M,299.5,308.7,1478,49.8,50,0,0,0,0,0,0
461,M10142,M,299.5,308.7,1734,34.6,53,0,0,0,0,0,0
462,L50229,L,299.5,308.7,1829,39.6,55,0,0,0,0,0,0
463,H70092,H,299.6,308.7,1849,33.4,60,0,0,0,0,0,0
464,L50230,L,299.6,308.7,1338,40.2,62,0,0,0,0,0,0
465,M10143,M,299.6,308.8,1792,50.5,65,1,0,0,1,0,0
466,M10144,M,299.6,308.8,1731,41.1,68,0,0,0,0,0,0
467,M10145,M,299.6,308.7,1461,36.4,71,0,0,0,0,0,0
468,H70093,H,299.6,308.7,1583,39.7,76,0,0,0,0,0,0
469,L50231,L,299.6,308.8,1805,32.0,78,0,0,0,0,0,0
470,M10146,M,299.7,308.8,1734,30.1,81,0,0,0,0,0,0
471,L50232,L,299.7,308.8,1536,52.0,83,0,0,0,0,0,0
472,L50233,L,299.7,308.8,1571,56.4,85,1,0,0,1,0,0
473,L50234,L,299.7,308.8,1792,22.1,87,0,0,0,0,0,0
474,L50235,L,299.7,308.8,1568,45.8,89,0,0,0,0,0,0
475,L50236,L,299.7,308.8,1594,48.6,91,0,0,0,0,0,0
476,L50237,L,299.7,308.9,1794,27.9,93,0,0,0,0,0,0
477,L50238,L,299.6,308.8,1611,35.3,95,0,0,0,0,0,0
478,M10147,M,299.6,308.8,1558,34.2,98,0,0,0,0,0,0
479,M10148,M,299.6,308.9,1494,59.0,101,1,0,0,1,0,0
480,L50239,L,299.6,308.8,1484,56.5,103,0,0,0,0,0,0
481,L50240,L,299.6,308.8,1643,30.8,105,0,0,0,0,0,0
482,L50241,L,299.6,308.8,1570,25.4,107,0,0,0,0,0,0
483,M10149,M,299.6,308.8,1631,47.7,110,0,0,0,0,0,0
484,L50242,L,299.6,308.8,1700,45.4,112,0,0,0,0,0,0
485,L50243,L,299.7,308.9,1512,52.4,114,0,0,0,0,0,0
486,L50244,L,299.7,308.9,1646,29.4,116,0,0,0,0,0,0
487,L50245,L,299.7,308.9,1596,47.2,118,0,0,0,0,0,0
488,L50246,L,299.7,308.9,1606,32.7,120,0,0,0,0,0,0
489,M10150,M,299.7,309.0,1706,46.2,123,0,0,0,0,0,0
490,M10151,M,299.8,308.1,1572,39.6,126,0,0,0,0,0,0
491,M10152,M,299.7,309.0,1504,59.0,129,1,0,0,1,0,0
492,M10153,M,299.7,308.9,1558,44.5,132,0,0,0,0,0,0
493,M10154,M,299.7,309.0,1757,36.9,135,0,0,0,0,0,0
494,L50247,L,299.7,308.9,1622,41.4,137,0,0,0,0,0,0
495,M10155,M,299.7,308.9,1835,39.0,140,0,0,0,0,0,0
496,M10156,M,299.7,308.9,1742,28.5,143,0,0,0,0,0,0
497,L50248,L,299.7,308.9,1654,59.2,145,1,0,0,1,0,0
498,M10157,M,299.7,308.9,1538,56.0,148,1,0,0,1,0,0
499,L50249,L,299.7,308.9,1574,38.2,150,0,0,0,0,0,0
500,M10158,M,299.7,308.9,1611,47.0,153,0,0,0,0,0,0
501,M10159,M,299.7,308.9,1482,60.5,156,1,0,0,1,0,0
502,H70094,H,299.7,308.9,1406,52.4,161,0,0,0,0,0,0
503,H70095,H,299.7,308.9,1757,36.9,166,0,0,0,0,0,0
504,M10160,M,299.7,308.9,1658,39.1,169,0,0,0,0,0,0
505,M10161,M,299.7,309.0,1676,22.8,172,0,0,0,0,0,0
506,M10162,M,299.7,308.9,1644,47.7,175,0,0,0,0,0,0
507,L50250,L,299.7,309.0,1590,52.4,177,0,0,0,0,0,0
508,H70096,H,299.8,309.1,1712,52.5,182,1,0,0,1,0,0
509,L50251,L,299.8,309.0,1652,47.0,184,0,0,0,0,0,0
510,L50252,L,299.7,308.9,1618,43.5,186,0,0,0,0,0,0
511,L50253,L,299.7,309.0,1764,30.0,188,0,0,0,0,0,0
512,H70097,H,299.7,308.9,1630,43.2,193,0,0,0,0,0,0
513,L50254,L,299.7,308.9,1699,33.7,195,0,0,0,0,0,0
514,L50255,L,299.6,308.9,1733,45.3,197,0,0,0,0,0,0
515,L50256,L,299.6,308.9,1585,32.4,199,0,0,0,0,0,0
516,L50257,L,299.7,308.9,1545,45.2,201,1,1,0,0,0,0
517,L50258,L,299.7,308.9,1963,53.2,203,1,1,0,1,0,0
518,M10163,M,299.7,308.9,1606,43.8,206,0,0,0,0,0,0
519,L50259,L,299.7,308.9,1737,43.3,208,0,0,0,0,0,0
520,H70098,H,299.7,308.9,1475,49.1,213,0,0,0,0,0,0
521,H70099,H,299.7,308.9,1555,57.7,218,1,0,0,1,0,0
522,L50260,L,299.7,308.9,1606,38.9,220,0,0,0,0,0,0
523,L50261,L,299.8,309.0,1776,45.2,222,0,0,0,0,0,0
524,M10164,M,299.8,309.0,1301,55.1,225,1,1,0,0,1,0
525,L50262,L,299.8,309.0,1637,46.7,227,1,1,0,0,0,0
526,L50263,L,299.8,309.0,1841,20.0,229,1,1,0,0,0,0
527,H70100,H,299.8,309.0,1568,32.8,234,0,0,0,0,0,0
528,H70101,H,299.8,309.0,1793,47.5,239,0,0,0,0,0,0
529,M10165,M,299.8,308.9,1595,36.0,242,0,0,0,0,0,0
530,L50264,L,299.7,308.9,1688,54.4,244,1,0,0,1,1,0
531,M10166,M,299.7,308.9,1603,58.6,247,1,0,0,1,1,0
532,M10167,M,299.7,308.9,1704,34.1,250,0,0,0,0,0,0
533,L50265,L,299.8,308.9,1813,29.7,252,0,0,0,0,0,0
534,M10168,M,299.7,308.9,1758,36.4,1,0,0,0,0,0,0
535,L50266,L,299.7,308.9,2101,35.8,3,0,0,0,0,0,0
536,L50267,L,299.7,308.9,1532,55.4,5,0,0,0,0,0,0
537,M10169,M,299.7,308.9,1715,29.6,8,0,0,0,0,0,0
538,L50268,L,299.7,308.8,1602,47.4,10,0,0,0,0,0,0
539,L50269,L,299.7,308.8,1610,53.9,12,1,0,0,1,0,0
540,H70102,H,299.7,308.8,1699,48.2,17,0,0,0,0,0,0
541,H70103,H,299.7,308.8,1669,44.4,22,0,0,0,0,0,0
542,M10170,M,299.7,308.8,1675,38.4,25,0,0,0,0,0,0
543,H70104,H,299.6,308.8,1495,58.5,30,1,0,0,1,0,0
544,H70105,H,299.6,308.8,1692,37.5,35,0,0,0,0,0,0
545,L50270,L,299.7,308.8,1448,49.5,37,0,0,0,0,0,0
546,L50271,L,299.6,308.8,1586,38.4,39,0,0,0,0,0,0
547,L50272,L,299.6,308.7,1800,21.6,41,0,0,0,0,0,0
548,L50273,L,299.7,308.8,1744,37.3,43,0,0,0,0,0,0
549,M10171,M,299.7,308.8,1656,38.4,46,0,0,0,0,0,0
550,L50274,L,299.7,308.8,1676,38.6,48,0,0,0,0,0,0
551,L50275,L,299.7,308.8,1718,33.4,50,0,0,0,0,0,0
552,L50276,L,299.7,308.8,1679,46.3,52,0,0,0,0,0,0
553,L50277,L,299.7,308.8,1594,47.4,54,0,0,0,0,0,0
554,H70106,H,299.7,308.8,1577,36.9,59,0,0,0,0,0,0
555,L50278,L,299.8,308.8,1701,36.9,61,0,0,0,0,0,0
556,L50279,L,299.8,308.9,1881,29.5,63,0,0,0,0,0,0
557,L50280,L,299.7,308.8,1554,42.5,65,0,0,0,0,0,0
558,L50281,L,299.8,308.9,1567,53.8,67,0,0,0,0,0,0
559,M10172,M,299.8,308.9,1544,53.8,70,0,0,0,0,0,0
560,L50282,L,299.8,308.8,1898,34.0,72,0,0,0,0,0,0
561,L50283,L,299.7,308.8,1460,59.9,74,1,0,0,1,0,0
562,L50284,L,299.8,308.9,1654,36.4,76,0,0,0,0,0,0
563,H70107,H,299.8,308.9,1670,29.8,81,0,0,0,0,0,0
564,M10173,M,299.8,308.9,1608,26.4,84,0,0,0,0,0,0
565,M10174,M,299.8,308.9,1588,29.2,87,0,0,0,0,0,0
566,M10175,M,299.8,308.9,1684,43.3,90,0,0,0,0,0,0
567,M10176,M,299.8,308.9,1727,37.4,93,0,0,0,0,0,0
568,L50285,L,299.8,308.9,1633,33.7,95,0,0,0,0,0,0
569,L50286,L,299.8,308.9,1821,31.5,97,0,0,0,0,0,0
570,M10177,M,299.8,308.9,1504,29.1,100,0,0,0,0,0,0
571,L50287,L,299.7,308.9,1583,31.1,102,0,0,0,0,0,0
572,H70108,H,299.8,308.9,1523,50.2,107,0,0,0,0,0,0
573,L50288,L,299.8,308.9,1555,58.0,109,1,0,0,1,0,0
574,M10178,M,299.8,308.9,1512,58.7,112,1,0,0,1,0,0
575,H70109,H,299.8,308.9,1596,46.9,117,0,0,0,0,0,0
576,M10179,M,299.8,308.8,1719,35.1,120,0,0,0,0,0,0
577,H70110,H,299.7,308.8,1816,33.3,125,0,0,0,0,0,0
578,M10180,M,299.7,308.8,1683,47.6,128,0,0,0,0,0,0
579,H70111,H,299.7,308.8,1668,37.5,5,0,0,0,0,0,0
580,L50289,L,299.7,308.8,1621,44.1,18,0,0,0,0,0,0
581,L50290,L,299.7,308.9,1649,59.3,20,1,0,0,1,0,0
582,M10181,M,299.7,308.8,1808,42.2,23,0,0,0,0,0,0
583,L50291,L,299.7,308.8,1589,62.8,25,1,0,0,1,0,0
584,L50292,L,299.6,308.7,1664,28.7,27,0,0,0,0,0,0
585,H70112,H,299.6,308.7,1650,44.5,32,0,0,0,0,0,0
586,M10182,M,299.6,308.7,1686,43.1,35,0,0,0,0,0,0
587,L50293,L,299.6,308.7,1651,30.2,37,0,0,0,0,0,0
588,L50294,L,299.5,308.6,1336,48.0,39,0,0,0,0,0,0
589,L50295,L,299.5,308.6,1594,55.3,41,1,0,0,1,0,0
590,L50296,L,299.5,308.6,1640,62.0,43,1,0,0,1,0,0
591,H70113,H,299.6,308.0,1541,44.1,48,0,0,0,0,0,0
592,L50297,L,299.5,308.6,1592,21.0,50,0,0,0,0,0,0
593,L50298,L,299.5,308.6,1590,44.8,52,0,0,0,0,0,0
594,M10183,M,299.4,308.5,1614,47.4,55,0,0,0,0,0,0
595,L50299,L,299.4,308.6,1500,37.6,57,0,0,0,0,0,0
596,L50300,L,299.4,308.5,1234,42.2,59,0,0,0,0,0,0
597,M10184,M,299.5,308.6,1791,35.2,62,0,0,0,0,0,0
598,M10185,M,299.5,308.6,1705,38.7,65,0,0,0,0,0,0
599,H70114,H,299.5,308.6,1610,50.2,70,0,0,0,0,0,0
600,M10186,M,299.5,308.7,1483,53.9,73,0,0,0,0,0,0
601,L50301,L,299.5,308.6,1829,27.3,75,0,0,0,0,0,0
602,M10187,M,299.5,308.6,1639,34.9,78,0,0,0,0,0,0
603,H70115,H,299.5,308.6,1741,24.1,83,0,0,0,0,0,0
604,M10188,M,299.5,308.5,1591,58.4,86,1,0,0,1,0,0
605,H70116,H,299.4,308.5,1620,48.7,91,0,0,0,0,0,0
606,M10189,M,299.5,308.6,1888,20.0,94,0,0,0,0,0,0
607,H70117,H,299.5,308.6,1705,39.4,99,0,0,0,0,0,0
608,L50302,L,299.5,308.6,1695,37.2,101,0,0,0,0,0,0
609,M10190,M,299.5,308.6,1682,32.4,104,0,0,0,0,0,0
610,L50303,L,299.5,308.6,1635,50.4,106,0,0,0,0,0,0
611,M10191,M,299.5,308.6,1578,50.1,109,0,0,0,0,0,0
612,M10192,M,299.4,308.5,1653,42.7,112,0,0,0,0,0,0
613,H70118,H,299.4,308.5,1653,33.6,117,0,0,0,0,0,0
614,H70119,H,299.5,308.6,1638,33.7,122,0,0,0,0,0,0
615,L50304,L,299.5,308.6,1565,40.4,124,0,0,0,0,0,0
616,M10193,M,299.5,308.7,1649,35.4,127,0,0,0,0,0,0
617,M10194,M,299.5,308.7,1620,39.9,130,0,0,0,0,0,0
618,L50305,L,299.5,308.6,1786,45.6,132,0,0,0,0,0,0
619,L50306,L,299.5,308.6,1819,24.7,134,0,0,0,0,0,0
620,L50307,L,299.5,308.6,1677,32.4,136,0,0,0,0,0,0
621,M10195,M,299.5,308.6,1614,39.7,139,0,0,0,0,0,0
622,L50308,L,299.5,308.7,1624,55.7,141,1,0,0,1,0,0
623,H70120,H,299.5,308.7,1781,48.5,146,1,0,0,1,0,0
624,L50309,L,299.5,308.7,1722,40.0,148,0,0,0,0,0,0
625,H70121,H,299.5,308.7,1474,44.0,153,0,0,0,0,0,0
626,L50310,L,299.5,308.7,1733,39.0,155,0,0,0,0,0,0
627,M10196,M,299.5,308.7,1688,50.8,158,0,0,0,0,0,0
628,L50311,L,299.5,308.7,1825,44.3,160,0,0,0,0,0,0
629,M10197,M,299.5,308.8,1561,52.8,163,0,0,0,0,0,0
630,H70122,H,299.5,308.8,1733,26.4,9,0,0,0,0,0,0
631,H70123,H,299.6,308.8,1732,31.9,14,0,0,0,0,0,0
632,H70124,H,299.5,308.7,1567,42.7,19,0,0,0,0,0,0
633,L50312,L,299.5,308.7,1547,44.9,21,0,0,0,0,0,0
634,L50313,L,299.5,308.7,1561,64.0,23,1,0,0,1,0,0
635,L50314,L,299.4,308.7,1605,21.9,25,0,0,0,0,0,0
636,L50315,L,299.4,308.6,1183,39.7,27,0,0,0,0,0,0
637,M10198,M,299.4,308.6,1727,39.2,30,0,0,0,0,0,0
638,M10199,M,299.4,308.7,1682,42.4,33,0,0,0,0,0,0
639,M10200,M,299.4,308.6,1672,57.3,36,1,0,0,1,0,0
640,H70125,H,299.5,308.7,1646,48.8,41,0,0,0,0,0,0
641,M10201,M,299.5,308.7,1734,24.0,44,0,0,0,0,0,0
642,H70126,H,299.5,308.7,1686,55.3,49,1,0,0,1,0,0
643,L50316,L,299.5,308.6,1534,55.1,51,0,0,0,0,0,0
644,L50317,L,299.5,308.7,1606,42.6,53,0,0,0,0,0,0
645,M10202,M,299.5,308.7,1728,23.8,56,0,0,0,0,0,0
646,H70127,H,299.5,308.7,1698,38.5,61,0,0,0,0,0,0
647,L50318,L,299.5,308.6,1620,44.7,63,0,0,0,0,0,0
648,M10203,M,299.4,308.6,1465,50.0,66,0,0,0,0,0,0
649,M10204,M,299.4,308.6,1718,22.3,69,0,0,0,0,0,0
650,L50319,L,299.3,308.5,1687,32.3,71,0,0,0,0,0,0
651,L50320,L,299.4,308.5,1603,51.0,73,0,0,0,0,0,0
652,H70128,H,299.4,308.5,1531,55.0,78,0,0,0,0,0,0
653,M10205,M,299.4,308.5,1673,44.3,81,0,0,0,0,0,0
654,L50321,L,299.4,308.5,1445,51.5,83,0,0,0,0,0,0
655,H70129,H,299.4,308.5,1664,44.6,88,0,0,0,0,0,0
656,L50322,L,299.4,308.5,1761,49.6,90,1,0,0,1,0,0
657,H70130,H,299.3,308.4,1588,41.5,95,0,0,0,0,0,0
658,L50323,L,299.3,308.4,1630,44.8,97,0,0,0,0,0,0
659,M10206,M,299.3,308.4,1691,27.8,100,0,0,0,0,0,0
660,L50324,L,299.3,308.4,1592,47.2,102,0,0,0,0,0,0
661,L50325,L,299.4,308.5,1623,27.5,104,0,0,0,0,0,0
662,H70131,H,299.4,308.5,1792,47.2,109,0,0,0,0,0,0
663,L50326,L,299.4,308.5,1708,35.6,111,0,0,0,0,0,0
664,L50327,L,299.4,308.5,1570,43.7,113,0,0,0,0,0,0
665,L50328,L,299.4,308.5,1629,30.5,115,0,0,0,0,0,0
666,M10207,M,299.3,308.5,1682,35.0,118,0,0,0,0,0,0
667,H70132,H,299.3,308.4,1436,43.7,123,0,0,0,0,0,0
668,H70133,H,299.3,308.4,1706,47.5,128,0,0,0,0,0,0
669,L50329,L,299.3,308.4,1547,50.9,130,0,0,0,0,0,0
670,L50330,L,299.2,308.4,1745,28.5,132,0,0,0,0,0,0
671,L50331,L,299.2,308.4,1767,25.0,134,0,0,0,0,0,0
672,M10208,M,299.2,308.4,1788,30.2,137,1,0,0,0,0,1
673,H70134,H,299.3,307.4,1750,29.3,142,0,0,0,0,0,0
674,M10209,M,299.2,307.7,1635,55.7,145,1,0,0,1,0,0
675,M10210,M,299.2,308.4,1672,53.4,148,1,0,0,1,0,0
676,L50332,L,299.2,308.3,1672,30.0,150,0,0,0,0,0,0
677,H70135,H,299.2,308.4,1755,57.1,155,1,0,0,1,0,0
678,L50333,L,299.2,308.4,1615,52.8,157,0,0,0,0,0,0
679,L50334,L,299.2,308.3,1732,23.7,159,0,0,0,0,0,0
680,L50335,L,299.2,308.4,1628,29.7,161,0,0,0,0,0,0
681,L50336,L,299.2,307.6,1718,23.4,163,0,0,0,0,0,0
682,L50337,L,299.2,308.4,1691,39.1,165,0,0,0,0,0,0
683,L50338,L,299.2,308.3,1658,40.2,167,0,0,0,0,0,0
684,L50339,L,299.2,308.3,1814,40.2,169,0,0,0,0,0,0
685,M10211,M,299.2,308.3,1720,19.7,172,0,0,0,0,0,0
686,L50340,L,299.2,308.3,1785,25.7,174,0,0,0,0,0,0
687,L50341,L,299.2,308.3,1535,42.6,176,0,0,0,0,0,0
688,H70136,H,299.2,308.3,1814,46.2,181,0,0,0,0,0,0
689,M10212,M,299.2,308.4,1648,19.8,184,1,0,0,1,0,0
690,M10213,M,299.2,308.4,1903,27.2,187,0,0,0,0,0,0
691,L50342,L,299.3,307.5,1585,50.2,189,0,0,0,0,0,0
692,H70137,H,299.3,308.5,1513,27.8,194,0,0,0,0,0,0
693,L50343,L,299.3,308.4,1772,39.9,196,0,0,0,0,0,0
694,L50344,L,299.3,308.5,1726,26.8,198,0,0,0,0,0,0
695,H70138,H,299.3,308.5,1566,48.3,203,0,0,0,0,0,0
696,M10214,M,299.4,308.6,1813,19.8,206,0,0,0,0,0,0
697,M10215,M,299.4,308.6,1726,37.0,209,0,0,0,0,0,0
698,M10216,M,299.5,308.6,1638,49.4,212,0,0,0,0,0,0
699,M10217,M,299.5,308.6,1720,46.1,215,0,0,0,0,0,0
700,L50345,L,299.5,308.6,1697,35.4,217,0,0,0,0,0,0
701,L50346,L,299.5,308.6,1745,33.0,219,0,0,0,0,0,0
702,L50347,L,299.5,308.6,1615,37.7,221,0,0,0,0,0,0
703,L50348,L,299.5,308.7,1786,27.1,223,0,0,0,0,0,0
704,H70139,H,299.5,308.7,1609,39.0,228,0,0,0,0,0,0
705,L50349,L,299.5,308.7,1553,39.2,230,1,1,0,0,0,0
706,M10218,M,299.5,308.7,1653,35.8,233,0,0,0,0,0,0
707,M10219,M,299.5,308.7,1573,50.0,236,0,0,0,0,0,0
708,M10220,M,299.5,308.7,1789,29.3,239,0,0,0,0,0,0
709,L50350,L,299.5,308.8,1608,23.0,241,0,0,0,0,0,0
710,L50351,L,299.5,308.7,1776,34.7,243,0,0,0,0,0,0
711,H70140,H,299.5,308.8,1587,41.2,248,0,0,0,0,0,0
712,M10221,M,299.5,308.8,1434,38.9,251,0,0,0,0,0,0
713,H70141,H,299.6,308.8,1549,38.5,16,0,0,0,0,0,0
714,H70142,H,299.6,308.8,1681,28.7,21,0,0,0,0,0,0
715,M10222,M,299.5,308.8,1741,30.2,24,0,0,0,0,0,0
716,L50352,L,299.5,308.7,1663,35.1,26,0,0,0,0,0,0
717,M10223,M,299.6,308.8,1571,34.3,29,0,0,0,0,0,0
718,L50353,L,299.6,308.8,1523,51.0,31,0,0,0,0,0,0
719,M10224,M,299.6,308.9,1529,42.6,34,0,0,0,0,0,0
720,H70143,H,299.6,308.9,1701,34.7,39,0,0,0,0,0,0
721,M10225,M,299.6,308.9,1585,51.0,42,0,0,0,0,0,0
722,L50354,L,299.6,308.9,1682,44.5,44,0,0,0,0,0,0
723,L50355,L,299.6,308.9,1561,26.4,46,0,0,0,0,0,0
724,H70144,H,299.6,308.9,1771,7.6,51,1,0,0,1,0,0
725,L50356,L,299.6,308.9,1902,26.7,53,0,0,0,0,0,0
726,L50357,L,299.6,308.9,1677,45.9,55,0,0,0,0,0,0
727,L50358,L,299.6,308.9,1577,48.9,57,0,0,0,0,0,0
728,L50359,L,299.6,308.9,1647,23.4,59,0,0,0,0,0,0
729,L50360,L,299.6,308.9,1715,46.6,61,0,0,0,0,0,0
730,M10226,M,299.7,308.9,1756,46.2,64,0,0,0,0,0,0
731,L50361,L,299.6,308.9,1474,54.0,66,0,0,0,0,0,0
732,L50362,L,299.6,308.9,1506,49.5,68,0,0,0,0,0,0
733,L50363,L,299.6,308.9,1605,53.5,70,0,0,0,0,0,0
734,L50364,L,299.6,308.9,1658,44.9,72,0,0,0,0,0,0
735,L50365,L,299.6,308.9,1670,44.5,74,0,0,0,0,0,0
736,M10227,M,299.6,308.9,1833,36.6,77,0,0,0,0,0,0
737,L50366,L,299.6,308.9,1520,48.2,79,0,0,0,0,0,0
738,L50367,L,299.6,308.9,1723,26.7,81,0,0,0,0,0,0
739,L50368,L,299.7,309.0,1722,38.6,83,0,0,0,0,0,0
740,L50369,L,299.7,309.0,1686,45.4,85,0,0,0,0,0,0
741,L50370,L,299.7,309.0,1518,54.1,87,0,0,0,0,0,0
742,L50371,L,299.7,309.0,1620,35.2,89,0,0,0,0,0,0
743,H70145,H,299.7,309.0,1558,49.7,94,0,0,0,0,0,0
744,L50372,L,299.7,309.0,1814,38.0,96,0,0,0,0,0,0
745,M10228,M,299.7,309.0,1511,49.9,99,0,0,0,0,0,0
746,L50373,L,299.7,309.0,1662,32.0,101,0,0,0,0,0,0
747,L50374,L,299.6,308.9,1682,47.3,103,0,0,0,0,0,0
748,L50375,L,299.6,308.9,1557,39.0,105,0,0,0,0,0,0
749,M10229,M,299.6,308.9,1735,28.1,108,0,0,0,0,0,0
750,H70146,H,299.6,308.8,1487,38.5,113,0,0,0,0,0,0
751,L50376,L,299.6,308.9,1599,53.2,115,0,0,0,0,0,0
752,L50377,L,299.6,308.8,1708,29.8,117,0,0,0,0,0,0
753,L50378,L,299.7,308.9,1742,25.2,119,0,0,0,0,0,0
754,L50379,L,299.7,308.9,1551,44.0,121,0,0,0,0,0,0
755,M10230,M,299.6,308.9,1758,23.2,124,0,0,0,0,0,0
756,L50380,L,299.6,308.0,1565,55.6,5,1,0,0,1,0,0
757,L50381,L,299.7,308.9,1687,55.4,7,1,0,0,1,0,0
758,H70147,H,299.6,308.9,1653,50.4,12,0,0,0,0,0,0
759,L50382,L,299.6,308.8,1520,39.9,14,0,0,0,0,0,0
760,L50383,L,299.6,308.8,1489,56.6,16,0,0,0,0,0,0
761,M10231,M,299.6,308.8,1525,53.5,19,0,0,0,0,0,0
762,L50384,L,299.6,308.8,1694,34.7,21,0,0,0,0,0,0
763,L50385,L,299.6,308.8,1560,54.4,23,0,0,0,0,0,0
764,L50386,L,299.7,308.8,1682,30.9,25,0,0,0,0,0,0
765,H70148,H,299.6,308.8,1914,38.0,30,0,0,0,0,0,0
766,L50387,L,299.6,308.8,1697,22.1,32,0,0,0,0,0,0
767,L50388,L,299.6,308.8,1768,41.5,34,0,0,0,0,0,0
768,L50389,L,299.6,308.8,1652,37.1,36,0,0,0,0,0,0
769,L50390,L,299.6,308.8,1477,35.5,38,0,0,0,0,0,0
770,M10232,M,299.6,308.8,1676,38.3,41,0,0,0,0,0,0
771,L50391,L,299.6,308.8,1781,34.2,43,0,0,0,0,0,0
772,M10233,M,299.6,308.8,1705,40.4,46,0,0,0,0,0,0
773,M10234,M,299.5,308.7,1606,52.8,49,0,0,0,0,0,0
774,H70149,H,299.5,308.7,1707,29.4,54,0,0,0,0,0,0
775,L50392,L,299.5,308.7,1561,48.6,56,0,0,0,0,0,0
776,H70150,H,299.5,308.7,1719,42.2,61,0,0,0,0,0,0
777,M10235,M,299.5,308.7,1591,43.7,64,0,0,0,0,0,0
778,L50393,L,299.5,308.7,1594,39.7,66,0,0,0,0,0,0
779,M10236,M,299.6,308.8,1724,32.8,69,0,0,0,0,0,0
780,H70151,H,299.5,308.7,1600,44.4,74,0,0,0,0,0,0
781,L50394,L,299.5,308.7,1738,45.2,76,0,0,0,0,0,0
782,H70152,H,299.4,308.6,1734,32.0,81,0,0,0,0,0,0
783,L50395,L,299.5,308.6,1650,26.6,83,0,0,0,0,0,0
784,M10237,M,299.5,308.6,1543,40.9,86,0,0,0,0,0,0
785,H70153,H,299.5,308.7,1559,47.5,91,0,0,0,0,0,0
786,L50396,L,299.5,308.6,1808,50.1,93,1,0,0,1,0,0
787,H70154,H,299.5,308.6,1566,52.0,98,0,0,0,0,0,0
788,L50397,L,299.5,308.6,1699,43.7,100,0,0,0,0,0,0
789,M10238,M,299.5,308.6,1546,37.4,103,0,0,0,0,0,0
790,M10239,M,299.5,308.6,1553,40.0,106,0,0,0,0,0,0
791,L50398,L,299.4,308.6,1698,27.6,108,0,0,0,0,0,0
792,L50399,L,299.4,308.5,1839,33.2,110,0,0,0,0,0,0
793,L50400,L,299.4,308.6,1537,39.5,112,0,0,0,0,0,0
794,L50401,L,299.4,308.5,1257,37.3,114,0,0,0,0,0,0
795,L50402,L,299.4,308.6,1726,40.9,116,0,0,0,0,0,0
796,L50403,L,299.4,308.5,1865,26.3,118,0,0,0,0,0,0
797,L50404,L,299.3,308.5,1749,28.5,120,0,0,0,0,0,0
798,L50405,L,299.3,308.5,1670,47.8,122,0,0,0,0,0,0
799,M10240,M,299.4,308.5,1613,31.7,125,0,0,0,0,0,0
800,M10241,M,299.4,308.4,1566,33.2,128,0,0,0,0,0,0
801,M10242,M,299.4,308.5,1542,41.0,131,0,0,0,0,0,0
802,L50406,L,299.4,308.5,1620,30.7,133,0,0,0,0,0,0
803,H70155,H,299.4,308.5,1613,51.1,138,0,0,0,0,0,0
804,M10243,M,299.4,308.4,1606,27.4,141,0,0,0,0,0,0
805,L50407,L,299.4,308.4,1672,40.0,143,0,0,0,0,0,0
806,L50408,L,299.3,308.4,1661,32.5,145,0,0,0,0,0,0
807,M10244,M,299.3,308.4,1591,41.6,148,0,0,0,0,0,0
808,L50409,L,299.4,308.4,1756,35.0,10,0,0,0,0,0,0
809,M10245,M,299.4,308.4,1565,39.8,13,0,0,0,0,0,0
810,H70156,H,299.4,308.4,1716,52.2,18,1,0,0,1,0,0
811,L50410,L,299.4,308.4,1761,33.1,20,0,0,0,0,0,0
812,L50411,L,299.4,308.4,1597,33.0,22,0,0,0,0,0,0
813,H70157,H,299.4,308.5,1775,36.8,27,0,0,0,0,0,0
814,M10246,M,299.4,308.5,1474,54.7,30,0,0,0,0,0,0
815,L50412,L,299.5,308.5,1771,39.1,32,0,0,0,0,0,0
816,H70158,H,299.5,308.5,1616,52.3,37,0,0,0,0,0,0
817,H70159,H,299.5,308.6,1517,38.2,42,0,0,0,0,0,0
818,M10247,M,299.5,308.5,1472,51.9,45,0,0,0,0,0,0
819,M10248,M,299.5,308.5,1592,44.1,48,0,0,0,0,0,0
820,L50413,L,299.5,308.5,1699,45.5,50,0,0,0,0,0,0
821,L50414,L,299.5,308.5,1709,25.6,52,0,0,0,0,0,0
822,M10249,M,299.4,308.5,1715,24.2,55,0,0,0,0,0,0
823,L50415,L,299.4,308.5,1598,50.7,57,0,0,0,0,0,0
824,M10250,M,299.5,308.5,1415,50.6,60,0,0,0,0,0,0
825,H70160,H,299.5,308.5,1598,64.2,65,1,0,0,1,0,0
826,L50416,L,299.5,308.5,1848,25.1,67,0,0,0,0,0,0
827,M10251,M,299.4,308.5,1696,44.9,70,0,0,0,0,0,0
828,L50417,L,299.4,308.5,1665,29.8,72,0,0,0,0,0,0
829,H70161,H,299.4,308.5,1609,32.6,77,0,0,0,0,0,0
830,L50418,L,299.4,308.5,1579,35.0,79,0,0,0,0,0,0
831,M10252,M,299.5,308.6,1528,43.8,82,0,0,0,0,0,0
832,M10253,M,299.5,308.6,1888,33.4,85,0,0,0,0,0,0
833,L50419,L,299.5,308.5,1641,40.3,87,0,0,0,0,0,0
834,M10254,M,299.5,308.6,1688,48.3,90,0,0,0,0,0,0
835,M10255,M,299.5,308.6,1668,51.3,93,0,0,0,0,0,0
836,M10256,M,299.5,308.5,1627,46.9,96,0,0,0,0,0,0
837,M10257,M,299.5,308.6,1543,44.5,99,0,0,0,0,0,0
838,H70162,H,299.5,308.6,1704,38.6,104,0,0,0,0,0,0
839,L50420,L,299.6,308.6,1582,34.3,106,0,0,0,0,0,0
840,M10258,M,299.6,308.6,1676,45.4,109,0,0,0,0,0,0
841,L50421,L,299.6,308.6,1611,29.5,111,0,0,0,0,0,0
842,M10259,M,299.6,308.6,1605,41.2,114,0,0,0,0,0,0
843,M10260,M,299.5,308.6,1667,29.2,117,0,0,0,0,0,0
844,L50422,L,299.6,308.6,1778,39.6,119,0,0,0,0,0,0
845,L50423,L,299.5,308.6,1486,29.5,121,0,0,0,0,0,0
846,H70163,H,299.6,308.6,1881,36.0,126,0,0,0,0,0,0
847,L50424,L,299.6,308.6,1613,33.2,128,0,0,0,0,0,0
848,M10261,M,299.5,308.6,1680,32.0,131,0,0,0,0,0,0
849,L50425,L,299.5,308.6,1692,39.1,133,0,0,0,0,0,0
850,H70164,H,299.6,308.6,1806,15.8,138,1,0,0,1,0,0
851,L50426,L,299.6,308.6,1820,22.0,140,0,0,0,0,0,0
852,L50427,L,299.6,308.6,1663,48.0,142,0,0,0,0,0,0
853,H70165,H,299.5,308.6,1826,41.5,147,0,0,0,0,0,0
854,H70166,H,299.6,308.6,1753,32.8,152,0,0,0,0,0,0
855,L50428,L,299.6,308.7,1589,49.7,154,0,0,0,0,0,0
856,L50429,L,299.6,308.6,1633,33.6,156,0,0,0,0,0,0
857,M10262,M,299.6,308.6,1628,34.2,159,0,0,0,0,0,0
858,H70167,H,299.7,308.7,1807,32.2,164,0,0,0,0,0,0
859,L50430,L,299.6,308.6,1709,59.1,166,1,0,0,1,0,0
860,M10263,M,299.6,308.6,1728,42.4,169,0,0,0,0,0,0
861,M10264,M,299.6,308.6,1355,42.0,172,0,0,0,0,0,0
862,M10265,M,299.7,308.6,1424,44.7,175,0,0,0,0,0,0
863,M10266,M,299.6,308.6,1746,21.5,178,0,0,0,0,0,0
864,M10267,M,299.6,308.6,1666,34.1,181,0,0,0,0,0,0
865,L50431,L,299.7,308.7,1628,44.5,183,0,0,0,0,0,0
866,H70168,H,299.7,308.7,1763,40.0,188,0,0,0,0,0,0
867,H70169,H,299.7,308.7,1643,62.1,193,1,0,0,1,0,0
868,M10268,M,299.6,308.6,1694,34.6,196,0,0,0,0,0,0
869,L50432,L,299.7,308.7,1464,49.4,198,0,0,0,0,0,0
870,L50433,L,299.7,308.7,1497,48.1,200,0,0,0,0,0,0
871,M10269,M,299.8,308.8,1649,41.4,203,0,0,0,0,0,0
872,L50434,L,299.8,308.8,1671,43.2,205,0,0,0,0,0,0
873,H70170,H,299.8,308.1,1556,37.1,210,1,1,0,0,0,0
874,L50435,L,299.8,308.8,1812,20.3,212,0,0,0,0,0,0
875,M10270,M,299.8,308.8,1474,43.5,215,0,0,0,0,0,0
876,H70171,H,299.8,308.9,1388,44.3,220,0,0,0,0,0,0
877,L50436,L,299.9,308.9,1541,45.9,222,0,0,0,0,0,0
878,L50437,L,299.9,308.9,1770,40.6,224,1,1,0,0,0,0
879,M10271,M,299.9,308.8,1737,49.7,227,1,1,0,1,0,0
880,M10272,M,299.9,308.8,1551,31.3,230,0,0,0,0,0,0
881,L50438,L,299.8,308.8,1437,54.7,232,1,1,0,0,1,0
882,M10273,M,299.7,308.7,1770,30.1,235,0,0,0,0,0,0
883,H70172,H,299.8,308.7,1616,38.9,240,0,0,0,0,0,0
884,L50439,L,299.7,308.7,1738,46.8,242,1,0,0,0,1,0
885,L50440,L,299.7,308.7,1744,34.9,244,0,0,0,0,0,0
886,L50441,L,299.8,308.7,1694,47.5,246,1,0,0,0,1,0
887,L50442,L,299.8,308.8,1594,36.6,248,0,0,0,0,0,0
888,L50443,L,299.8,308.8,2104,41.2,250,1,0,0,1,0,0
889,L50444,L,299.9,308.9,1841,38.2,252,0,0,0,0,0,0
890,M10274,M,299.9,308.9,1693,34.2,18,0,0,0,0,0,0
891,L50445,L,299.9,308.9,1529,62.5,20,1,0,0,1,0,0
892,H70173,H,299.9,308.9,1654,31.6,25,0,0,0,0,0,0
893,L50446,L,299.9,308.9,1625,17.1,27,1,0,0,1,0,0
894,L50447,L,299.9,308.9,1593,32.0,29,0,0,0,0,0,0
895,M10275,M,299.8,308.8,1563,41.3,32,0,0,0,0,0,0
896,H70174,H,299.8,308.8,1522,36.2,37,0,0,0,0,0,0
897,L50448,L,299.8,308.8,1458,50.2,39,0,0,0,0,0,0
898,L50449,L,299.8,308.8,1379,49.8,41,0,0,0,0,0,0
899,L50450,L,299.8,308.8,1596,36.8,43,0,0,0,0,0,0
900,M10276,M,299.8,308.8,1798,23.2,46,0,0,0,0,0,0
901,L50451,L,299.9,308.8,1688,27.2,48,0,0,0,0,0,0
902,L50452,L,299.8,308.8,1624,39.7,50,0,0,0,0,0,0
903,L50453,L,299.8,308.8,1800,24.4,52,0,0,0,0,0,0
904,L50454,L,299.8,308.7,1821,36.3,54,0,0,0,0,0,0
905,H70175,H,299.8,308.8,1781,54.2,59,1,0,0,1,0,0
906,M10277,M,299.8,308.8,1645,43.4,62,0,0,0,0,0,0
907,L50455,L,299.7,308.7,1622,40.5,64,0,0,0,0,0,0
908,L50456,L,299.7,308.7,1667,29.6,66,0,0,0,0,0,0
909,L50457,L,299.8,308.7,1694,41.8,68,0,0,0,0,0,0
910,L50458,L,299.8,308.7,1649,37.4,70,0,0,0,0,0,0
911,M10278,M,299.8,308.7,1624,42.4,73,0,0,0,0,0,0
912,H70176,H,299.8,308.7,2024,47.3,78,1,0,0,1,0,0
913,H70177,H,299.8,308.8,1519,49.0,83,0,0,0,0,0,0
914,H70178,H,299.8,308.8,1433,41.3,88,0,0,0,0,0,0
915,H70179,H,299.9,308.2,1563,45.1,93,0,0,0,0,0,0
916,H70180,H,299.8,308.8,1808,34.9,98,0,0,0,0,0,0
917,L50459,L,299.9,308.8,1718,51.3,100,1,0,0,1,0,0
918,L50460,L,299.8,308.7,1781,31.1,102,0,0,0,0,0,0
919,L50461,L,299.8,308.7,1616,37.9,104,0,0,0,0,0,0
920,M10279,M,299.8,308.7,1515,52.4,107,0,0,0,0,0,0
921,L50462,L,299.7,308.6,1821,35.2,109,0,0,0,0,0,0
922,H70181,H,299.8,308.7,1622,26.6,114,0,0,0,0,0,0
923,M10280,M,299.8,308.7,1675,35.9,117,0,0,0,0,0,0
924,M10281,M,299.8,308.7,1730,53.9,120,1,0,0,1,0,0
925,L50463,L,299.8,308.7,1779,17.3,122,1,0,0,1,0,0
926,L50464,L,299.8,308.7,1618,41.0,124,0,0,0,0,0,0
927,L50465,L,299.9,308.8,1787,33.7,126,0,0,0,0,0,0
928,H70182,H,299.9,308.8,1665,38.3,131,0,0,0,0,0,0
929,M10282,M,299.9,308.8,1686,36.5,134,0,0,0,0,0,0
930,M10283,M,299.9,308.8,1736,49.6,137,1,0,0,1,0,0
931,L50466,L,300.0,308.8,1068,40.5,139,0,0,0,0,0,0
932,L50467,L,300.0,308.8,1630,50.1,141,0,0,0,0,0,0
933,L50468,L,299.9,308.8,1514,52.8,143,0,0,0,0,0,0
934,M10284,M,299.9,308.7,1630,40.3,146,0,0,0,0,0,0
935,M10285,M,299.9,308.8,1679,36.4,149,0,0,0,0,0,0
936,L50469,L,300.0,308.8,1570,43.8,151,0,0,0,0,0,0
937,H70183,H,299.9,308.8,1641,45.7,156,0,0,0,0,0,0
938,L50470,L,299.9,308.7,1745,28.5,158,0,0,0,0,0,0
939,H70184,H,299.9,308.7,1656,42.4,163,0,0,0,0,0,0
940,L50471,L,299.9,308.7,1673,37.5,165,0,0,0,0,0,0
941,L50472,L,299.9,308.7,1661,35.8,167,0,0,0,0,0,0
942,H70185,H,299.9,308.7,1327,33.1,172,0,0,0,0,0,0
943,L50473,L,299.9,308.6,1690,33.7,174,0,0,0,0,0,0
944,L50474,L,299.9,308.7,1500,52.6,176,0,0,0,0,0,0
945,L50475,L,299.9,308.7,1783,36.4,178,0,0,0,0,0,0
946,L50476,L,299.9,308.7,1582,51.4,180,0,0,0,0,0,0
947,M10286,M,299.9,308.7,1607,41.3,183,0,0,0,0,0,0
948,H70186,H,299.9,308.7,1745,28.7,188,0,0,0,0,0,0
949,H70187,H,300.0,308.7,1630,41.9,193,0,0,0,0,0,0
950,L50477,L,299.9,308.7,1824,28.1,195,0,0,0,0,0,0
951,M10287,M,299.9,308.7,1699,46.1,198,0,0,0,0,0,0
952,L50478,L,300.0,308.8,1669,37.9,200,0,0,0,0,0,0
953,L50479,L,300.0,308.8,1690,48.6,202,0,0,0,0,0,0
954,L50480,L,300.0,308.8,1597,54.3,204,1,0,0,1,1,0
955,H70188,H,300.0,308.8,1636,22.6,15,0,0,0,0,0,0
956,H70189,H,300.0,308.8,1754,35.4,20,0,0,0,0,0,0
957,M10288,M,299.9,308.7,1542,27.9,23,0,0,0,0,0,0
958,M10289,M,300.0,308.7,1221,61.6,26,0,0,0,0,0,0
959,L50481,L,299.9,308.7,1736,35.6,28,0,0,0,0,0,0
960,M10290,M,299.9,308.6,1758,26.8,31,0,0,0,0,0,0
961,M10291,M,299.9,308.6,1567,62.4,34,1,0,0,1,0,0
962,L50482,L,299.8,308.6,1813,32.7,36,0,0,0,0,0,0
963,L50483,L,299.7,308.5,1732,23.8,38,0,0,0,0,0,0
964,L50484,L,299.7,308.5,1676,28.4,40,0,0,0,0,0,0
965,H70190,H,299.8,308.5,1714,41.4,45,0,0,0,0,0,0
966,L50485,L,299.8,308.6,1583,40.5,47,0,0,0,0,0,0
967,H70191,H,299.8,308.6,1672,31.6,52,0,0,0,0,0,0
968,L50486,L,299.8,308.6,1698,35.1,54,0,0,0,0,0,0
969,M10292,M,299.8,308.5,1677,40.5,57,0,0,0,0,0,0
970,L50487,L,299.7,308.5,1551,53.2,59,0,0,0,0,0,0
971,L50488,L,299.7,308.5,1589,43.3,61,0,0,0,0,0,0
972,L50489,L,299.7,308.4,1578,34.4,63,0,0,0,0,0,0
973,L50490,L,299.7,308.4,1591,37.7,65,0,0,0,0,0,0
974,H70192,H,299.7,308.5,1774,47.7,70,0,0,0,0,0,0
975,L50491,L,299.7,308.5,1539,56.8,72,1,0,0,1,0,0
976,M10293,M,299.7,308.5,1374,29.0,75,0,0,0,0,0,0
977,L50492,L,299.7,308.5,1458,51.1,77,0,0,0,0,0,0
978,L50493,L,299.6,308.5,1897,36.9,79,0,0,0,0,0,0
979,M10294,M,299.6,308.4,1657,23.8,82,0,0,0,0,0,0
980,L50494,L,299.5,308.4,1639,21.8,84,0,0,0,0,0,0
981,H70193,H,299.6,308.4,1575,53.3,89,0,0,0,0,0,0
982,H70194,H,299.6,308.4,1494,54.5,94,0,0,0,0,0,0
983,M10295,M,299.5,308.3,1712,34.3,97,0,0,0,0,0,0
984,L50495,L,299.5,308.3,1525,37.9,99,0,0,0,0,0,0
985,L50496,L,299.5,308.3,1845,22.2,101,0,0,0,0,0,0
986,H70195,H,299.5,308.3,1695,47.6,106,0,0,0,0,0,0
987,L50497,L,299.5,308.3,1641,39.7,108,0,0,0,0,0,0
988,L50498,L,299.5,308.3,1582,24.5,110,0,0,0,0,0,0
989,L50499,L,299.5,308.4,1566,42.0,112,0,0,0,0,0,0
990,M10296,M,299.5,308.3,1728,26.1,115,0,0,0,0,0,0
991,M10297,M,299.5,308.4,1512,45.6,118,0,0,0,0,0,0
992,M10298,M,299.5,308.4,1612,29.2,121,0,0,0,0,0,0
993,M10299,M,299.5,308.4,1727,43.4,124,0,0,0,0,0,0
994,L50500,L,299.6,308.4,1698,33.5,126,0,0,0,0,0,0
995,H70196,H,299.5,308.3,1784,16.3,131,1,0,0,1,0,0
996,L50501,L,299.5,308.3,1646,50.0,133,0,0,0,0,0,0
997,M10300,M,299.5,308.3,1581,50.5,136,0,0,0,0,0,0
998,L50502,L,299.5,308.3,1672,34.8,138,0,0,0,0,0,0
999,H70197,H,299.6,308.4,1677,42.7,143,0,0,0,0,0,0
1000,L50503,L,299.6,308.4,1700,44.4,145,0,0,0,0,0,0
1001,L50504,L,299.6,308.4,1320,44.7,147,0,0,0,0,0,0
1002,L50505,L,299.6,308.4,1692,57.3,149,1,0,0,1,0,0
1003,L50506,L,299.6,308.4,1631,44.2,151,0,0,0,0,0,0
1004,L50507,L,299.7,308.5,1547,36.4,153,0,0,0,0,0,0
1005,M10301,M,299.7,308.5,1726,44.3,156,0,0,0,0,0,0
1006,L50508,L,299.7,308.5,1650,35.7,158,0,0,0,0,0,0
1007,H70198,H,299.7,308.5,1636,29.3,163,0,0,0,0,0,0
1008,L50509,L,299.7,308.5,1651,52.2,165,1,0,0,1,0,0
1009,M10302,M,299.7,308.5,1656,45.3,168,0,0,0,0,0,0
1010,L50510,L,299.7,308.5,1632,21.4,170,0,0,0,0,0,0
1011,M10303,M,299.7,308.5,1746,33.2,173,0,0,0,0,0,0
1012,M10304,M,299.6,308.4,1779,47.6,19,0,0,0,0,0,0
1013,L50511,L,299.6,308.5,1760,24.4,21,0,0,0,0,0,0
1014,H70199,H,299.7,308.5,1666,32.5,26,0,0,0,0,0,0
1015,L50512,L,299.6,308.4,1361,66.6,28,1,0,0,1,0,0
1016,L50513,L,299.7,308.5,1852,36.7,30,0,0,0,0,0,0
1017,M10305,M,299.6,308.4,1547,50.8,33,0,0,0,0,0,0
1018,H70200,H,299.6,308.4,1445,55.0,12,0,0,0,0,0,0
1019,L50514,L,299.6,308.4,1707,30.9,14,0,0,0,0,0,0
1020,L50515,L,299.6,308.4,1727,42.7,16,0,0,0,0,0,0
1021,H70201,H,299.6,308.4,1654,60.6,21,1,0,0,1,0,0
1022,M10306,M,299.6,308.4,1566,44.6,24,0,0,0,0,0,0
1023,H70202,H,299.6,308.4,1518,63.7,29,1,0,0,1,0,0
1024,M10307,M,299.6,308.4,1683,33.6,32,0,0,0,0,0,0
1025,M10308,M,299.6,308.4,1644,58.0,35,1,0,0,1,0,0
1026,L50516,L,299.7,308.5,1702,40.2,37,0,0,0,0,0,0
1027,H70203,H,299.6,308.4,1691,36.7,42,0,0,0,0,0,0
1028,L50517,L,299.6,308.4,1699,46.4,44,0,0,0,0,0,0
1029,M10309,M,299.6,308.4,1533,38.9,47,0,0,0,0,0,0
1030,L50518,L,299.5,308.3,1692,39.2,49,0,0,0,0,0,0
1031,M10310,M,299.6,308.3,1645,44.9,52,0,0,0,0,0,0
1032,M10311,M,299.6,308.3,1740,21.9,55,0,0,0,0,0,0
1033,M10312,M,299.6,308.3,1669,32.0,58,0,0,0,0,0,0
1034,H70204,H,299.5,308.3,1624,47.2,63,0,0,0,0,0,0
1035,L50519,L,299.5,308.3,1547,49.9,65,0,0,0,0,0,0
1036,M10313,M,299.5,308.3,1877,43.6,68,0,0,0,0,0,0
1037,L50520,L,299.5,308.2,1758,42.8,70,0,0,0,0,0,0
1038,L50521,L,299.5,308.2,1727,44.0,72,0,0,0,0,0,0
1039,L50522,L,299.4,308.3,1553,49.6,74,0,0,0,0,0,0
1040,L50523,L,299.4,308.2,1638,25.7,76,0,0,0,0,0,0
1041,L50524,L,299.4,308.2,1657,34.9,78,0,0,0,0,0,0
1042,M10314,M,299.4,308.2,1664,39.3,81,0,0,0,0,0,0
1043,M10315,M,299.4,308.2,1509,42.0,84,0,0,0,0,0,0
1044,M10316,M,299.4,308.2,1803,18.9,87,0,0,0,0,0,0
1045,L50525,L,299.5,308.3,1813,27.4,89,0,0,0,0,0,0
1046,L50526,L,299.6,308.3,1450,39.8,91,0,0,0,0,0,0
1047,L50527,L,299.5,308.3,1516,50.1,93,0,0,0,0,0,0
1048,M10317,M,299.5,308.3,1782,35.8,96,0,0,0,0,0,0
1049,H70205,H,299.4,308.2,1718,33.3,101,0,0,0,0,0,0
1050,L50528,L,299.5,308.3,1545,45.3,103,0,0,0,0,0,0
1051,M10318,M,299.5,308.3,1733,36.7,106,0,0,0,0,0,0
1052,L50529,L,299.5,308.3,1551,48.8,108,0,0,0,0,0,0
1053,L50530,L,299.5,308.4,1640,37.8,110,0,0,0,0,0,0
1054,L50531,L,299.5,308.4,1605,28.8,112,0,0,0,0,0,0
1055,L50532,L,299.6,308.4,1578,54.2,114,0,0,0,0,0,0
1056,M10319,M,299.6,308.4,1677,52.4,117,1,0,0,1,0,0
1057,H70206,H,299.6,308.4,1657,30.4,122,0,0,0,0,0,0
1058,L50533,L,299.6,308.4,1688,44.0,124,0,0,0,0,0,0
1059,M10320,M,299.6,308.4,1662,36.7,127,0,0,0,0,0,0
1060,M10321,M,299.6,308.4,1715,46.2,130,0,0,0,0,0,0
1061,H70207,H,299.6,308.4,1654,31.2,135,0,0,0,0,0,0
1062,M10322,M,299.6,308.4,1745,48.7,138,0,0,0,0,0,0
1063,L50534,L,299.5,308.4,1649,51.9,140,0,0,0,0,0,0
1064,M10323,M,299.5,308.3,1721,30.5,143,0,0,0,0,0,0
1065,L50535,L,299.5,308.3,1672,40.7,145,0,0,0,0,0,0
1066,H70208,H,299.4,308.2,1545,52.2,150,0,0,0,0,0,0
1067,L50536,L,299.4,308.3,1654,30.0,152,0,0,0,0,0,0
1068,M10324,M,299.4,308.2,1708,33.3,155,0,0,0,0,0,0
1069,L50537,L,299.4,308.3,1508,46.6,157,0,0,0,0,0,0
1070,L50538,L,299.4,308.3,1604,38.4,159,0,0,0,0,0,0
1071,H70209,H,299.4,308.2,1648,24.2,164,0,0,0,0,0,0
1072,M10325,M,299.4,308.2,1718,36.8,167,0,0,0,0,0,0
1073,L50539,L,299.4,308.3,1612,57.5,169,1,0,0,1,0,0
1074,H70210,H,299.4,308.3,1657,60.6,174,1,0,0,1,0,0
1075,H70211,H,299.4,308.3,1653,33.6,179,0,0,0,0,0,0
1076,L50540,L,299.4,308.3,1625,30.9,181,0,0,0,0,0,0
1077,M10326,M,299.3,308.3,1542,35.4,184,0,0,0,0,0,0
1078,L50541,L,299.3,308.2,1581,58.0,186,1,0,0,1,0,0
1079,M10327,M,299.3,308.2,1732,48.4,189,0,0,0,0,0,0
1080,L50542,L,299.3,308.2,1567,54.6,191,1,0,0,0,0,1
1081,L50543,L,299.4,308.2,1600,50.0,193,0,0,0,0,0,0
1082,H70212,H,299.4,308.3,1718,26.8,198,0,0,0,0,0,0
1083,H70213,H,299.5,308.4,1722,30.5,203,0,0,0,0,0,0
1084,H70214,H,299.5,308.4,1776,33.0,208,1,1,0,0,0,0
1085,H70215,H,299.5,308.3,1850,34.8,213,0,0,0,0,0,0
1086,M10328,M,299.4,308.3,1730,33.2,216,1,1,0,0,0,0
1087,M10329,M,299.4,308.3,1730,34.4,219,0,0,0,0,0,0
1088,M10330,M,299.4,308.3,1595,46.4,222,0,0,0,0,0,0
1089,L50544,L,299.5,308.3,1633,41.4,224,0,0,0,0,0,0
1090,L50545,L,299.4,308.3,1576,52.2,226,1,1,0,0,1,0
1091,L50546,L,299.4,308.3,1604,42.5,228,0,0,0,0,0,0
1092,M10331,M,299.5,308.3,1697,33.2,231,1,1,0,0,0,0
1093,L50547,L,299.5,308.3,1696,41.9,233,1,1,0,0,0,0
1094,L50548,L,299.4,308.3,1734,24.9,235,0,0,0,0,0,0
1095,M10332,M,299.5,308.3,1745,16.9,238,1,0,0,1,0,0
1096,L50549,L,299.5,308.4,1628,46.4,240,1,0,0,0,1,0
1097,L50550,L,299.5,308.3,1511,50.2,242,1,0,0,0,1,0
1098,H70216,H,299.5,308.4,1719,40.7,247,0,0,0,0,0,0
1099,H70217,H,299.4,307.9,1633,36.1,252,0,0,0,0,0,0
1100,L50551,L,299.5,308.3,1616,26.6,12,1,0,0,0,0,1
1101,L50552,L,299.4,308.2,1631,51.7,14,0,0,0,0,0,0
1102,L50553,L,299.4,308.2,1670,44.9,16,0,0,0,0,0,0
1103,M10333,M,299.3,308.2,1557,42.9,19,0,0,0,0,0,0
1104,H70218,H,299.3,308.2,1706,40.0,24,0,0,0,0,0,0
1105,L50554,L,299.4,308.3,1731,35.3,26,0,0,0,0,0,0
1106,M10334,M,299.3,308.2,1886,28.9,29,0,0,0,0,0,0
1107,L50555,L,299.3,308.2,1616,42.5,31,0,0,0,0,0,0
1108,L50556,L,299.3,308.2,1673,34.6,33,0,0,0,0,0,0
1109,H70219,H,299.3,308.2,1617,35.8,38,0,0,0,0,0,0
1110,L50557,L,299.3,308.2,1605,57.2,40,1,0,0,1,0,0
1111,L50558,L,299.3,308.2,1652,39.5,42,0,0,0,0,0,0
1112,L50559,L,299.3,308.2,1866,15.5,44,1,0,0,1,0,0
1113,M10335,M,299.3,308.3,1639,34.6,47,0,0,0,0,0,0
1114,H70220,H,299.3,308.3,1745,30.0,52,0,0,0,0,0,0
1115,H70221,H,299.3,308.3,1636,38.6,57,0,0,0,0,0,0
1116,L50560,L,299.3,308.3,1558,25.8,59,0,0,0,0,0,0
1117,L50561,L,299.3,308.3,1684,44.3,61,0,0,0,0,0,0
1118,M10336,M,299.3,308.2,1508,37.0,64,0,0,0,0,0,0
1119,L50562,L,299.2,308.2,1660,35.2,66,0,0,0,0,0,0
1120,H70222,H,299.2,308.1,1629,41.5,71,0,0,0,0,0,0
1121,M10337,M,299.2,308.2,1653,39.2,74,0,0,0,0,0,0
1122,L50563,L,299.2,308.2,1661,38.7,76,0,0,0,0,0,0
1123,H70223,H,299.2,308.2,1665,37.8,81,0,0,0,0,0,0
1124,L50564,L,299.2,308.2,1684,39.8,83,0,0,0,0,0,0
1125,L50565,L,299.3,308.3,1622,43.4,85,0,0,0,0,0,0
1126,M10338,M,299.3,308.3,1874,42.2,88,0,0,0,0,0,0
1127,M10339,M,299.3,308.3,1561,51.3,91,0,0,0,0,0,0
1128,M10340,M,299.3,308.3,1988,34.5,94,0,0,0,0,0,0
1129,M10341,M,299.3,308.3,1511,42.4,97,0,0,0,0,0,0
1130,H70224,H,299.3,308.2,1582,64.5,0,1,0,0,1,0,0
1131,H70225,H,299.3,308.2,1509,39.6,5,0,0,0,0,0,0
1132,M10342,M,299.3,308.2,1541,40.0,8,0,0,0,0,0,0
1133,L50566,L,299.3,308.2,1594,27.4,10,0,0,0,0,0,0
1134,M10343,M,299.3,308.2,1728,32.9,13,0,0,0,0,0,0
1135,H70226,H,299.3,308.2,1775,38.9,18,0,0,0,0,0,0
1136,L50567,L,299.3,308.3,1537,45.3,20,0,0,0,0,0,0
1137,L50568,L,299.3,308.2,1654,46.5,22,0,0,0,0,0,0
1138,L50569,L,299.3,308.3,1396,43.3,24,0,0,0,0,0,0
1139,L50570,L,299.3,308.3,1541,48.0,26,0,0,0,0,0,0
1140,M10344,M,299.3,308.3,1756,30.0,29,0,0,0,0,0,0
1141,L50571,L,299.3,308.2,1596,44.9,31,0,0,0,0,0,0
1142,M10345,M,299.2,308.2,1739,40.1,34,0,0,0,0,0,0
1143,H70227,H,299.3,308.2,1443,41.2,39,0,0,0,0,0,0
1144,H70228,H,299.3,308.3,1603,36.4,16,0,0,0,0,0,0
1145,L50572,L,299.3,308.3,1740,30.5,18,0,0,0,0,0,0
1146,L50573,L,299.4,308.4,1753,27.8,20,0,0,0,0,0,0
1147,M10346,M,299.3,308.3,1330,43.2,23,0,0,0,0,0,0
1148,H70229,H,299.3,308.3,1643,45.0,28,0,0,0,0,0,0
1149,L50574,L,299.4,308.4,1554,38.7,30,0,0,0,0,0,0
1150,H70230,H,299.3,308.3,1581,39.9,35,0,0,0,0,0,0
1151,L50575,L,299.4,308.4,1896,32.8,37,0,0,0,0,0,0
1152,H70231,H,299.4,308.4,1510,45.0,42,0,0,0,0,0,0
1153,L50576,L,299.4,308.4,1519,40.6,44,0,0,0,0,0,0
1154,L50577,L,299.4,308.3,1730,36.3,46,0,0,0,0,0,0
1155,M10347,M,299.4,308.3,1510,48.7,49,0,0,0,0,0,0
1156,L50578,L,299.4,308.3,1778,46.5,51,0,0,0,0,0,0
1157,L50579,L,299.4,308.3,1976,24.6,53,0,0,0,0,0,0
1158,L50580,L,299.4,308.3,1626,40.5,55,0,0,0,0,0,0
1159,L50581,L,299.4,308.3,1728,30.4,57,0,0,0,0,0,0
1160,M10348,M,299.4,308.3,1479,41.4,60,0,0,0,0,0,0
1161,L50582,L,299.4,308.3,1907,8.5,62,1,0,0,1,0,0
1162,M10349,M,299.5,308.3,1438,42.0,65,0,0,0,0,0,0
1163,H70232,H,299.5,308.3,1492,47.1,70,0,0,0,0,0,0
1164,L50583,L,299.5,308.3,1666,38.9,72,0,0,0,0,0,0
1165,L50584,L,299.4,308.3,1760,28.4,74,0,0,0,0,0,0
1166,H70233,H,299.4,308.3,1415,59.6,79,0,0,0,0,0,0
1167,H70234,H,299.3,308.2,1541,51.6,84,0,0,0,0,0,0
1168,M10350,M,299.3,308.2,1528,34.7,87,0,0,0,0,0,0
1169,H70235,H,299.3,308.2,1635,37.4,92,0,0,0,0,0,0
1170,L50585,L,299.3,308.2,1681,20.2,94,0,0,0,0,0,0
1171,L50586,L,299.4,308.3,1568,44.7,96,0,0,0,0,0,0
1172,M10351,M,299.3,308.2,1780,26.3,99,0,0,0,0,0,0
1173,L50587,L,299.4,308.3,1641,46.7,101,0,0,0,0,0,0
1174,M10352,M,299.4,308.3,1647,50.3,104,0,0,0,0,0,0
1175,M10353,M,299.4,308.3,1642,39.3,107,0,0,0,0,0,0
1176,M10354,M,299.4,308.3,1770,29.4,110,0,0,0,0,0,0
1177,L50588,L,299.4,308.3,1582,52.5,112,0,0,0,0,0,0
1178,L50589,L,299.4,308.3,1606,40.0,114,0,0,0,0,0,0
1179,L50590,L,299.4,307.4,1697,40.9,116,0,0,0,0,0,0
1180,L50591,L,299.3,308.3,1660,30.7,118,0,0,0,0,0,0
1181,M10355,M,299.3,308.3,1610,41.9,121,0,0,0,0,0,0
1182,L50592,L,299.4,308.3,1757,38.0,123,0,0,0,0,0,0
1183,L50593,L,299.4,308.3,1807,26.7,125,0,0,0,0,0,0
1184,L50594,L,299.4,308.3,1554,53.4,127,0,0,0,0,0,0
1185,L50595,L,299.4,308.4,1637,57.6,129,1,0,0,1,0,0
1186,H70236,H,299.4,308.4,1482,50.2,134,0,0,0,0,0,0
1187,L50596,L,299.5,308.4,1579,48.7,136,0,0,0,0,0,0
1188,H70237,H,299.5,308.4,1491,57.7,141,1,0,0,1,0,0
1189,L50597,L,299.5,308.4,1704,29.5,143,0,0,0,0,0,0
1190,M10356,M,299.5,308.4,1771,29.4,146,0,0,0,0,0,0
1191,L50598,L,299.5,308.4,1722,35.9,148,0,0,0,0,0,0
1192,L50599,L,299.4,308.3,1672,43.0,150,0,0,0,0,0,0
1193,H70238,H,299.4,308.3,1678,37.1,155,0,0,0,0,0,0
1194,H70239,H,299.3,308.2,1689,29.8,160,0,0,0,0,0,0
1195,H70240,H,299.4,308.3,1758,40.1,165,0,0,0,0,0,0
1196,L50600,L,299.4,307.9,1516,39.1,167,0,0,0,0,0,0
1197,L50601,L,299.5,308.3,1546,48.4,169,0,0,0,0,0,0
1198,M10357,M,299.5,308.3,1685,40.4,172,0,0,0,0,0,0
1199,L50602,L,299.4,308.3,1887,21.0,174,0,0,0,0,0,0
1200,M10358,M,299.4,308.3,1599,43.9,177,0,0,0,0,0,0
1201,M10359,M,299.5,308.3,1544,55.8,180,1,0,0,1,0,0
1202,M10360,M,299.5,308.3,1532,40.3,183,0,0,0,0,0,0
1203,H70241,H,299.4,308.2,1550,49.9,188,0,0,0,0,0,0
1204,M10361,M,299.4,308.3,1740,34.9,191,0,0,0,0,0,0
1205,L50603,L,299.5,308.3,1763,45.7,193,0,0,0,0,0,0
1206,L50604,L,299.5,308.4,1662,32.6,195,0,0,0,0,0,0
1207,M10362,M,299.5,308.4,1591,37.5,198,0,0,0,0,0,0
1208,L50605,L,299.6,308.5,1669,37.6,200,1,1,0,0,0,0
1209,L50606,L,299.6,308.5,1480,44.8,202,0,0,0,0,0,0
1210,L50607,L,299.5,308.4,1804,31.8,204,0,0,0,0,0,0
1211,M10363,M,299.5,308.4,1615,25.4,207,1,1,0,0,0,0
1212,H70242,H,299.5,308.4,1654,44.7,212,1,1,0,0,0,0
1213,M10364,M,299.5,307.7,1654,44.3,215,0,0,0,0,0,0
1214,L50608,L,299.5,308.4,1701,41.1,217,1,1,0,0,0,0
1215,L50609,L,299.5,308.4,1624,49.3,219,0,0,0,0,0,0
1216,M10365,M,299.5,308.4,1661,38.0,222,0,0,0,0,0,0
1217,L50610,L,299.5,308.4,1674,42.8,224,0,0,0,0,0,0
1218,M10366,M,299.6,308.5,1743,36.5,227,0,0,0,0,0,0
1219,M10367,M,299.6,308.5,1825,37.4,230,0,0,0,0,0,0
1220,L50611,L,299.6,308.5,1533,43.4,232,0,0,0,0,0,0
1221,L50612,L,299.6,308.5,1367,62.7,234,1,0,0,0,1,0
1222,L50613,L,299.6,308.5,1472,47.4,236,1,0,0,0,1,0
1223,H70243,H,299.6,308.5,1458,45.5,241,0,0,0,0,0,0
1224,M10368,M,299.6,308.5,1502,47.7,244,0,0,0,0,0,0
1225,L50614,L,299.6,308.5,2073,16.5,246,0,0,0,0,0,0
1226,H70244,H,299.6,308.5,1596,43.2,251,0,0,0,0,0,0
1227,L50615,L,299.6,308.5,1330,49.1,253,1,0,0,0,1,0
1228,L50616,L,299.7,308.6,1702,40.8,17,0,0,0,0,0,0
1229,H70245,H,299.8,308.7,1596,39.6,22,0,0,0,0,0,0
1230,L50617,L,299.8,308.6,1651,30.6,24,0,0,0,0,0,0
1231,L50618,L,299.8,308.7,1854,35.7,26,0,0,0,0,0,0
1232,M10369,M,299.8,308.7,1747,31.7,29,0,0,0,0,0,0
1233,L50619,L,299.8,308.6,1614,50.0,31,0,0,0,0,0,0
1234,M10370,M,299.8,308.7,1583,55.0,34,1,0,0,1,0,0
1235,L50620,L,299.8,308.7,1523,59.4,36,1,0,0,1,0,0
1236,L50621,L,299.8,308.7,1874,31.5,38,0,0,0,0,0,0
1237,L50622,L,299.8,308.7,1668,33.3,40,0,0,0,0,0,0
1238,L50623,L,299.8,308.7,1702,32.5,42,0,0,0,0,0,0
1239,L50624,L,299.7,308.6,1555,29.8,44,0,0,0,0,0,0
1240,L50625,L,299.7,308.6,1645,30.0,46,0,0,0,0,0,0
1241,H70246,H,299.7,308.6,1627,34.8,51,0,0,0,0,0,0
1242,L50626,L,299.7,308.6,1648,48.7,53,0,0,0,0,0,0
1243,L50627,L,299.8,308.7,1618,32.8,55,0,0,0,0,0,0
1244,L50628,L,299.7,308.6,1600,50.5,57,0,0,0,0,0,0
1245,L50629,L,299.7,308.6,1524,53.7,59,0,0,0,0,0,0
1246,L50630,L,299.8,308.6,1536,42.9,61,0,0,0,0,0,0
1247,M10371,M,299.8,308.6,1483,52.3,64,0,0,0,0,0,0
1248,L50631,L,299.8,308.6,1705,26.4,66,0,0,0,0,0,0
1249,H70247,H,299.8,308.6,1688,34.4,71,0,0,0,0,0,0
1250,H70248,H,299.8,308.7,1623,41.9,76,0,0,0,0,0,0
1251,L50632,L,299.8,308.7,1563,42.2,78,0,0,0,0,0,0
1252,L50633,L,299.9,308.7,1563,54.3,80,0,0,0,0,0,0
1253,L50634,L,299.9,308.7,1673,30.0,82,0,0,0,0,0,0
1254,M10372,M,299.9,308.7,1584,34.6,85,0,0,0,0,0,0
1255,L50635,L,299.9,308.8,1662,39.2,87,0,0,0,0,0,0
1256,H70249,H,299.9,308.8,1840,34.8,92,0,0,0,0,0,0
1257,M10373,M,299.9,308.8,1691,29.6,95,0,0,0,0,0,0
1258,H70250,H,300.0,308.8,1543,35.2,100,0,0,0,0,0,0
1259,M10374,M,300.0,308.8,1795,37.5,103,0,0,0,0,0,0
1260,H70251,H,300.0,308.8,1688,54.5,108,1,0,0,1,0,0
1261,L50636,L,300.1,308.9,1832,29.8,110,0,0,0,0,0,0
1262,L50637,L,300.0,308.8,1604,48.2,112,0,0,0,0,0,0
1263,L50638,L,300.0,308.8,1513,52.7,114,0,0,0,0,0,0
1264,H70252,H,300.1,308.9,1596,34.9,119,0,0,0,0,0,0
1265,M10375,M,300.2,309.0,1739,42.6,122,0,0,0,0,0,0
1266,H70253,H,300.1,308.9,1765,45.8,127,0,0,0,0,0,0
1267,L50639,L,300.2,309.0,1546,44.1,129,0,0,0,0,0,0
1268,H70254,H,300.2,309.0,1419,40.8,134,0,0,0,0,0,0
1269,L50640,L,300.1,308.9,1684,33.2,136,0,0,0,0,0,0
1270,L50641,L,300.1,308.9,1534,46.6,138,0,0,0,0,0,0
1271,H70255,H,300.1,308.9,1606,36.3,143,0,0,0,0,0,0
1272,L50642,L,300.1,308.9,1627,40.3,145,0,0,0,0,0,0
1273,L50643,L,300.1,308.9,1328,41.8,147,0,0,0,0,0,0
1274,M10376,M,300.1,308.9,1535,48.6,150,0,0,0,0,0,0
1275,L50644,L,300.2,308.9,1562,59.3,152,1,0,0,1,0,0
1276,L50645,L,300.1,308.9,1677,32.6,154,0,0,0,0,0,0
1277,L50646,L,300.1,308.9,1440,40.5,156,0,0,0,0,0,0
1278,L50647,L,300.1,308.9,1776,25.2,158,0,0,0,0,0,0
1279,H70256,H,300.1,308.9,1532,54.8,163,0,0,0,0,0,0
1280,M10377,M,300.2,309.0,1534,40.4,166,0,0,0,0,0,0
1281,L50648,L,300.2,309.0,1600,37.0,168,0,0,0,0,0,0
1282,L50649,L,300.1,309.0,1666,40.5,170,0,0,0,0,0,0
1283,L50650,L,300.1,309.0,1649,41.0,172,0,0,0,0,0,0
1284,M10378,M,300.1,309.0,1746,32.7,175,0,0,0,0,0,0
1285,H70257,H,300.2,309.0,2048,51.9,180,1,0,0,1,0,0
1286,H70258,H,300.2,309.0,1511,46.4,185,0,0,0,0,0,0
1287,L50651,L,300.3,309.1,1343,47.8,187,0,0,0,0,0,0
1288,L50652,L,300.3,309.1,2116,33.2,189,0,0,0,0,0,0
1289,L50653,L,300.3,309.1,1745,32.7,191,0,0,0,0,0,0
1290,M10379,M,300.2,309.1,1638,38.9,194,0,0,0,0,0,0
1291,L50654,L,300.3,309.1,1668,48.0,196,0,0,0,0,0,0
1292,M10380,M,300.2,309.1,1534,45.0,199,0,0,0,0,0,0
1293,M10381,M,300.2,309.1,1659,32.2,202,1,1,0,0,0,0
1294,L50655,L,300.3,309.2,1532,46.7,204,1,1,0,0,0,0
1295,L50656,L,300.3,309.2,1763,30.3,206,0,0,0,0,0,0
1296,L50657,L,300.3,309.2,1602,33.4,208,0,0,0,0,0,0
1297,L50658,L,300.3,309.2,1827,41.6,210,1,1,0,0,0,0
1298,L50659,L,300.3,309.2,1666,28.3,212,0,0,0,0,0,0
1299,M10382,M,300.3,309.1,1772,30.4,215,0,0,0,0,0,0
1300,L50660,L,300.3,309.2,1525,55.5,217,1,0,0,0,1,0
1301,L50661,L,300.4,309.3,1699,53.7,219,1,1,0,1,1,0
1302,M10383,M,300.4,309.3,1648,62.9,222,1,0,0,1,1,0
1303,M10384,M,300.4,309.3,1597,44.5,225,0,0,0,0,0,0
1304,L50662,L,300.4,309.3,1641,46.4,227,1,1,0,0,0,0
1305,H70259,H,300.4,309.3,1773,38.5,232,0,0,0,0,0,0
1306,H70260,H,300.4,309.3,1696,36.5,237,0,0,0,0,0,0
1307,M10385,M,300.3,309.2,1522,48.7,240,1,1,0,0,0,0
1308,M10386,M,300.4,309.3,1585,53.6,243,1,0,0,0,1,0
1309,L50663,L,300.4,309.3,1542,47.9,245,1,0,0,0,1,0
1310,H70261,H,300.4,309.3,1707,31.6,250,0,0,0,0,0,0
1311,L50664,L,300.5,309.3,1559,43.9,252,1,0,0,0,1,0
1312,H70262,H,300.5,309.4,1724,32.3,11,0,0,0,0,0,0
1313,M10387,M,300.5,309.4,1506,36.8,14,0,0,0,0,0,0
1314,L50665,L,300.5,309.4,1464,56.4,16,0,0,0,0,0,0
1315,L50666,L,300.4,309.3,1641,28.0,18,0,0,0,0,0,0
1316,M10388,M,300.5,309.4,1523,61.7,21,1,0,0,1,0,0
1317,M10389,M,300.5,309.4,1485,45.5,24,0,0,0,0,0,0
1318,L50667,L,300.5,308.9,1595,35.3,26,0,0,0,0,0,0
1319,M10390,M,300.5,309.4,1716,40.7,29,0,0,0,0,0,0
1320,H70263,H,300.5,309.4,1766,33.2,34,0,0,0,0,0,0
1321,L50668,L,300.5,309.4,1450,34.5,36,0,0,0,0,0,0
1322,L50669,L,300.5,309.4,1593,40.7,38,0,0,0,0,0,0
1323,L50670,L,300.5,309.4,1782,36.7,40,0,0,0,0,0,0
1324,M10391,M,300.5,309.4,2153,30.7,43,0,0,0,0,0,0
1325,L50671,L,300.4,309.3,1698,37.8,45,0,0,0,0,0,0
1326,H70264,H,300.4,309.3,1769,26.9,50,0,0,0,0,0,0
1327,L50672,L,300.4,309.3,1630,27.3,52,0,0,0,0,0,0
1328,M10392,M,300.4,308.9,1736,27.2,55,0,0,0,0,0,0
1329,L50673,L,300.4,309.3,1606,56.7,57,1,0,0,1,0,0
1330,L50674,L,300.5,309.4,1639,44.1,59,0,0,0,0,0,0
1331,M10393,M,300.5,309.4,1584,46.0,62,0,0,0,0,0,0
1332,L50675,L,300.6,309.5,1645,40.1,64,0,0,0,0,0,0
1333,M10394,M,300.6,309.4,1521,45.1,67,0,0,0,0,0,0
1334,H70265,H,300.6,309.4,1644,51.8,72,0,0,0,0,0,0
1335,H70266,H,300.6,309.4,1500,44.1,77,0,0,0,0,0,0
1336,H70267,H,300.6,309.4,1491,56.4,82,0,0,0,0,0,0
1337,L50676,L,300.6,309.5,1713,39.6,84,0,0,0,0,0,0
1338,M10395,M,300.6,309.5,1645,46.0,87,0,0,0,0,0,0
1339,H70268,H,300.6,309.5,1570,47.0,92,0,0,0,0,0,0
1340,L50677,L,300.6,309.5,1544,30.7,94,0,0,0,0,0,0
1341,L50678,L,300.7,309.5,1644,40.4,96,0,0,0,0,0,0
1342,H70269,H,300.7,309.6,1689,21.6,101,0,0,0,0,0,0
1343,L50679,L,300.7,309.6,1700,38.7,103,0,0,0,0,0,0
1344,M10396,M,300.7,309.5,1618,37.2,106,0,0,0,0,0,0
1345,H70270,H,300.7,309.5,1510,36.6,111,0,0,0,0,0,0
1346,M10397,M,300.6,309.5,1547,35.9,114,0,0,0,0,0,0
1347,L50680,L,300.6,309.5,1585,45.1,116,0,0,0,0,0,0
1348,L50681,L,300.7,309.5,1706,31.1,118,0,0,0,0,0,0
1349,L50682,L,300.6,309.4,1449,58.6,120,0,0,0,0,0,0
1350,L50683,L,300.6,309.4,1552,45.7,122,0,0,0,0,0,0
1351,M10398,M,300.6,309.4,1763,32.0,125,0,0,0,0,0,0
1352,H70271,H,300.6,309.4,1716,46.5,130,0,0,0,0,0,0
1353,L50684,L,300.6,309.4,1623,49.9,132,0,0,0,0,0,0
1354,L50685,L,300.6,309.4,1605,43.7,134,0,0,0,0,0,0
1355,H70272,H,300.6,308.7,1646,29.9,139,0,0,0,0,0,0
1356,L50686,L,300.6,309.3,1582,62.4,141,1,0,0,1,0,0
1357,M10399,M,300.6,309.4,1588,46.4,12,0,0,0,0,0,0
1358,L50687,L,300.5,309.3,1798,27.5,14,0,0,0,0,0,0
1359,M10400,M,300.5,309.3,1727,42.1,17,0,0,0,0,0,0
1360,L50688,L,300.5,309.3,1698,37.8,19,0,0,0,0,0,0
1361,M10401,M,300.5,309.3,1605,40.1,22,0,0,0,0,0,0
1362,L50689,L,300.5,309.3,1674,28.1,24,0,0,0,0,0,0
1363,M10402,M,300.4,309.2,1499,40.5,27,0,0,0,0,0,0
1364,L50690,L,300.4,309.2,1688,31.7,29,0,0,0,0,0,0
1365,L50691,L,300.4,309.2,1661,36.5,31,0,0,0,0,0,0
1366,M10403,M,300.3,309.1,1506,43.9,34,0,0,0,0,0,0
1367,L50692,L,300.4,309.2,1888,35.2,36,0,0,0,0,0,0
1368,L50693,L,300.4,309.2,1715,37.1,38,0,0,0,0,0,0
1369,L50694,L,300.3,309.2,1532,48.2,40,0,0,0,0,0,0
1370,L50695,L,300.4,309.2,1881,31.1,42,0,0,0,0,0,0
1371,L50696,L,300.4,309.3,1639,33.5,44,0,0,0,0,0,0
1372,H70273,H,300.4,309.3,1790,27.5,49,0,0,0,0,0,0
1373,L50697,L,300.4,309.2,1701,31.8,51,0,0,0,0,0,0
1374,H70274,H,300.4,309.2,1602,41.3,56,0,0,0,0,0,0
1375,H70275,H,300.5,309.3,1586,46.4,61,0,0,0,0,0,0
1376,L50698,L,300.5,309.3,1821,31.9,63,0,0,0,0,0,0
1377,M10404,M,300.4,309.2,1697,46.1,66,0,0,0,0,0,0
1378,H70276,H,300.4,309.2,1634,41.1,71,0,0,0,0,0,0
1379,M10405,M,300.4,309.2,1537,26.2,74,0,0,0,0,0,0
1380,L50699,L,300.4,309.1,1668,41.7,76,0,0,0,0,0,0
1381,L50700,L,300.3,309.1,1896,51.9,78,1,0,0,1,0,0
1382,L50701,L,300.3,309.1,1797,21.1,80,0,0,0,0,0,0
1383,M10406,M,300.3,309.1,1481,60.1,83,1,0,0,1,0,0
1384,H70277,H,300.3,309.1,1627,33.9,88,0,0,0,0,0,0
1385,H70278,H,300.3,309.1,1678,23.5,93,0,0,0,0,0,0
1386,L50702,L,300.3,309.1,1385,41.4,95,0,0,0,0,0,0
1387,M10407,M,300.3,309.1,1448,48.3,98,0,0,0,0,0,0
1388,L50703,L,300.2,309.0,1731,37.2,100,0,0,0,0,0,0
1389,H70279,H,300.2,309.0,1665,43.1,105,0,0,0,0,0,0
1390,L50704,L,300.3,309.1,1533,61.2,107,1,0,0,1,0,0
1391,H70280,H,300.3,309.1,1249,42.1,112,0,0,0,0,0,0
1392,H70281,H,300.3,309.1,1539,69.8,117,1,0,0,1,0,0
1393,L50705,L,300.4,309.2,1545,52.6,119,0,0,0,0,0,0
1394,L50706,L,300.4,309.2,1607,40.5,121,0,0,0,0,0,0
1395,H70282,H,300.5,309.3,1641,42.9,126,0,0,0,0,0,0
1396,L50707,L,300.4,309.2,1821,36.8,128,0,0,0,0,0,0
1397,M10408,M,300.4,309.2,1501,42.5,131,0,0,0,0,0,0
1398,H70283,H,300.3,309.1,1666,45.6,136,0,0,0,0,0,0
1399,M10409,M,300.4,309.2,1658,36.0,139,0,0,0,0,0,0
1400,L50708,L,300.4,309.1,1702,26.2,141,0,0,0,0,0,0
1401,L50709,L,300.3,309.1,1444,53.2,143,0,0,0,0,0,0
1402,L50710,L,300.4,309.2,1441,49.7,145,0,0,0,0,0,0
1403,H70284,H,300.4,309.2,1754,25.8,150,0,0,0,0,0,0
1404,L50711,L,300.4,309.2,1527,41.7,152,0,0,0,0,0,0
1405,L50712,L,300.4,309.2,1688,50.3,154,0,0,0,0,0,0
1406,L50713,L,300.4,309.2,1511,49.2,156,0,0,0,0,0,0
1407,H70285,H,300.3,309.1,1736,33.1,161,0,0,0,0,0,0
1408,L50714,L,300.3,309.2,1547,49.8,163,0,0,0,0,0,0
1409,H70286,H,300.3,309.2,1593,40.2,168,0,0,0,0,0,0
1410,M10410,M,300.4,309.2,1548,43.9,171,0,0,0,0,0,0
1411,H70287,H,300.4,309.2,1737,30.8,4,0,0,0,0,0,0
1412,H70288,H,300.4,309.2,1907,3.0,9,1,0,0,1,0,0
1413,H70289,H,300.4,309.1,1662,32.2,14,0,0,0,0,0,0
1414,H70290,H,300.4,309.2,1675,45.4,19,0,0,0,0,0,0
1415,L50715,L,300.4,309.2,1662,37.9,21,0,0,0,0,0,0
1416,M10411,M,300.3,309.2,1496,46.5,24,0,0,0,0,0,0
1417,M10412,M,300.3,309.2,1627,51.1,27,0,0,0,0,0,0
1418,M10413,M,300.4,309.2,1640,36.7,30,0,0,0,0,0,0
1419,H70291,H,300.3,309.2,1437,35.7,35,0,0,0,0,0,0
1420,H70292,H,300.3,309.2,1729,18.1,40,1,0,0,1,0,0
1421,M10414,M,300.3,309.2,1578,24.5,43,0,0,0,0,0,0
1422,L50716,L,300.2,309.0,1609,26.6,45,0,0,0,0,0,0
1423,L50717,L,300.2,309.0,1599,45.6,47,0,0,0,0,0,0
1424,L50718,L,300.2,308.9,1660,36.8,49,0,0,0,0,0,0
1425,L50719,L,300.2,309.0,1603,34.7,51,0,0,0,0,0,0
1426,L50720,L,300.2,309.0,1731,33.5,53,0,0,0,0,0,0
1427,L50721,L,300.2,308.9,1680,32.2,55,0,0,0,0,0,0
1428,L50722,L,300.2,308.9,1564,49.2,57,0,0,0,0,0,0
1429,M10415,M,300.2,308.9,1649,40.9,60,0,0,0,0,0,0
1430,L50723,L,300.1,308.9,1707,49.9,62,0,0,0,0,0,0
1431,H70293,H,300.1,308.9,1571,18.1,67,1,0,0,1,0,0
1432,M10416,M,300.1,308.3,1739,45.3,70,0,0,0,0,0,0
1433,L50724,L,300.1,308.9,1620,35.2,72,0,0,0,0,0,0
1434,L50725,L,300.1,308.9,1595,37.2,74,0,0,0,0,0,0
1435,L50726,L,300.0,308.8,1543,53.5,76,0,0,0,0,0,0
1436,H70294,H,300.0,308.8,1590,36.1,81,0,0,0,0,0,0
1437,L50727,L,300.1,308.9,1531,44.9,83,0,0,0,0,0,0
1438,M10417,M,300.0,308.8,1779,29.8,86,0,0,0,0,0,0
1439,H70295,H,300.0,308.8,1662,40.4,91,0,0,0,0,0,0
1440,H70296,H,300.1,308.8,1560,24.1,96,0,0,0,0,0,0
1441,L50728,L,300.1,308.9,1714,39.4,98,0,0,0,0,0,0
1442,L50729,L,300.1,308.9,1678,43.9,100,0,0,0,0,0,0
1443,L50730,L,300.1,308.9,1459,51.1,102,0,0,0,0,0,0
1444,L50731,L,300.2,309.0,1709,31.8,104,0,0,0,0,0,0
1445,L50732,L,300.2,309.0,1733,34.7,106,0,0,0,0,0,0
1446,M10418,M,300.1,308.9,1539,33.6,109,0,0,0,0,0,0
1447,H70297,H,300.1,308.9,1689,37.5,114,0,0,0,0,0,0
1448,M10419,M,300.2,309.0,1639,30.4,117,0,0,0,0,0,0
1449,M10420,M,300.2,309.0,1811,18.4,120,1,0,0,1,0,0
1450,L50733,L,300.2,309.0,1620,29.6,122,0,0,0,0,0,0
1451,H70298,H,300.2,309.0,1746,39.5,127,0,0,0,0,0,0
1452,M10421,M,300.1,309.0,1636,38.5,130,0,0,0,0,0,0
1453,H70299,H,300.2,309.1,1566,45.5,135,0,0,0,0,0,0
1454,H70300,H,300.1,309.0,1541,48.4,140,0,0,0,0,0,0
1455,L50734,L,300.1,308.9,1752,35.5,142,0,0,0,0,0,0
1456,L50735,L,300.2,309.0,1667,24.1,144,0,0,0,0,0,0
1457,L50736,L,300.2,309.0,1724,44.0,146,0,0,0,0,0,0
1458,L50737,L,300.2,309.0,1670,39.9,148,0,0,0,0,0,0
1459,H70301,H,300.2,309.0,1539,37.4,153,0,0,0,0,0,0
1460,L50738,L,300.2,309.0,1589,52.2,155,0,0,0,0,0,0
1461,M10422,M,300.1,309.0,1631,44.5,158,0,0,0,0,0,0
1462,M10423,M,300.1,308.9,1516,41.2,161,0,0,0,0,0,0
1463,L50739,L,300.1,309.0,1642,41.6,163,0,0,0,0,0,0
1464,L50740,L,300.0,308.9,1655,48.5,165,0,0,0,0,0,0
1465,M10424,M,300.0,308.9,1787,33.1,168,0,0,0,0,0,0
1466,M10425,M,300.0,308.8,1793,31.2,171,0,0,0,0,0,0
1467,L50741,L,300.0,308.8,1877,37.7,173,0,0,0,0,0,0
1468,L50742,L,300.0,308.8,1711,28.2,17,0,0,0,0,0,0
1469,M10426,M,300.0,308.8,1702,39.5,20,0,0,0,0,0,0
1470,L50743,L,299.9,308.7,1590,41.0,22,0,0,0,0,0,0
1471,H70302,H,299.9,308.7,1823,39.3,27,0,0,0,0,0,0
1472,L50744,L,299.9,308.7,1589,36.4,29,0,0,0,0,0,0
1473,L50745,L,299.8,308.7,1730,56.5,31,1,0,0,1,0,0
1474,L50746,L,299.8,308.7,1755,49.4,33,1,0,0,1,0,0
1475,M10427,M,299.8,308.7,1584,39.0,36,0,0,0,0,0,0
1476,M10428,M,299.8,308.6,1738,40.9,39,0,0,0,0,0,0
1477,L50747,L,299.7,308.6,1620,53.8,41,1,0,0,1,0,0
1478,H70303,H,299.8,308.6,1643,34.2,46,0,0,0,0,0,0
1479,L50748,L,299.7,308.5,1688,30.3,48,0,0,0,0,0,0
1480,L50749,L,299.7,308.6,1662,42.3,50,0,0,0,0,0,0
1481,L50750,L,299.7,308.5,1661,44.1,52,0,0,0,0,0,0
1482,L50751,L,299.7,308.5,1759,44.9,54,0,0,0,0,0,0
1483,M10429,M,299.7,308.6,1658,48.3,57,0,0,0,0,0,0
1484,L50752,L,299.7,308.6,1619,32.7,59,0,0,0,0,0,0
1485,M10430,M,299.8,308.6,1790,25.9,62,0,0,0,0,0,0
1486,L50753,L,299.8,308.6,1523,34.2,64,0,0,0,0,0,0
1487,H70304,H,299.8,308.6,1585,45.8,69,0,0,0,0,0,0
1488,L50754,L,299.7,308.6,1672,30.8,71,0,0,0,0,0,0
1489,H70305,H,299.7,308.5,1810,20.7,76,0,0,0,0,0,0
1490,L50755,L,299.7,308.5,1802,41.4,78,0,0,0,0,0,0
1491,L50756,L,299.8,308.6,1699,34.3,80,0,0,0,0,0,0
1492,H70306,H,299.8,308.6,1707,22.7,85,0,0,0,0,0,0
1493,M10431,M,299.8,308.6,1583,40.7,88,0,0,0,0,0,0
1494,M10432,M,299.8,308.6,1745,36.1,91,0,0,0,0,0,0
1495,L50757,L,299.8,308.6,1545,56.8,93,1,0,0,1,0,0
1496,M10433,M,299.8,308.6,1600,40.9,96,0,0,0,0,0,0
1497,H70307,H,299.8,308.6,1705,45.9,101,0,0,0,0,0,0
1498,M10434,M,299.8,308.6,1756,39.8,104,0,0,0,0,0,0
1499,L50758,L,299.7,308.5,1595,34.0,106,0,0,0,0,0,0
1500,M10435,M,299.6,308.5,1541,35.1,109,0,0,0,0,0,0
1501,M10436,M,299.7,308.5,1585,50.8,112,0,0,0,0,0,0
1502,H70308,H,299.7,307.9,1508,47.5,4,0,0,0,0,0,0
1503,L50759,L,299.7,308.2,1612,25.1,6,0,0,0,0,0,0
1504,L50760,L,299.7,308.5,1621,27.5,8,0,0,0,0,0,0
1505,H70309,H,299.7,308.5,1806,28.1,13,0,0,0,0,0,0
1506,M10437,M,299.7,308.3,1653,50.6,16,0,0,0,0,0,0
1507,M10438,M,299.7,308.5,1961,22.7,19,0,0,0,0,0,0
1508,L50761,L,299.8,308.5,1551,47.9,21,0,0,0,0,0,0
1509,L50762,L,299.8,308.6,1749,44.0,23,0,0,0,0,0,0
1510,M10439,M,299.8,308.6,1687,41.5,26,0,0,0,0,0,0
1511,L50763,L,299.9,308.6,1625,35.3,28,0,0,0,0,0,0
1512,L50764,L,299.9,308.6,1575,51.9,30,0,0,0,0,0,0
1513,M10440,M,299.8,308.6,1594,41.1,33,0,0,0,0,0,0
1514,M10441,M,299.8,308.6,1748,25.6,36,0,0,0,0,0,0
1515,H70310,H,299.8,308.5,1802,27.9,41,0,0,0,0,0,0
1516,L50765,L,299.8,308.5,1702,23.6,43,0,0,0,0,0,0
1517,L50766,L,299.8,308.5,1664,52.0,45,1,0,0,1,0,0
1518,H70311,H,299.8,308.5,1690,54.2,50,1,0,0,1,0,0
1519,L50767,L,299.8,308.5,1728,50.9,52,1,0,0,1,0,0
1520,L50768,L,299.9,308.6,1552,38.6,54,0,0,0,0,0,0
1521,L50769,L,299.8,308.5,1720,25.7,56,0,0,0,0,0,0
1522,M10442,M,299.9,308.6,1769,29.5,59,0,0,0,0,0,0
1523,H70312,H,299.8,308.6,1604,30.1,64,0,0,0,0,0,0
1524,M10443,M,299.8,308.5,1955,39.5,67,0,0,0,0,0,0
1525,M10444,M,299.8,308.5,1575,53.9,70,0,0,0,0,0,0
1526,L50770,L,299.8,308.6,1541,53.8,72,0,0,0,0,0,0
1527,L50771,L,299.8,308.6,1660,35.1,74,0,0,0,0,0,0
1528,L50772,L,299.8,308.6,1724,17.6,76,1,0,0,1,0,0
1529,L50773,L,299.8,308.5,1905,28.3,78,0,0,0,0,0,0
1530,L50774,L,299.7,307.9,1547,51.9,80,0,0,0,0,0,0
1531,L50775,L,299.8,308.6,1691,42.3,82,0,0,0,0,0,0
1532,L50776,L,299.8,308.6,1715,36.4,84,0,0,0,0,0,0
1533,M10445,M,299.8,308.6,1520,35.7,87,0,0,0,0,0,0
1534,M10446,M,299.9,308.6,1821,32.5,90,0,0,0,0,0,0
1535,L50777,L,299.8,308.5,1769,28.0,92,0,0,0,0,0,0
1536,L50778,L,299.7,308.4,1556,60.7,94,1,0,0,1,0,0
1537,M10447,M,299.7,308.5,1656,57.2,97,1,0,0,1,0,0
1538,M10448,M,299.7,308.4,1688,31.8,100,0,0,0,0,0,0
1539,H70313,H,299.7,308.4,1821,22.5,105,0,0,0,0,0,0
1540,L50779,L,299.7,308.4,1472,41.7,14,0,0,0,0,0,0
1541,H70314,H,299.7,308.4,1731,38.5,19,0,0,0,0,0,0
1542,L50780,L,299.7,308.4,1634,46.3,21,0,0,0,0,0,0
1543,L50781,L,299.7,308.5,1623,48.5,23,0,0,0,0,0,0
1544,L50782,L,299.7,308.5,1635,28.3,25,0,0,0,0,0,0
1545,L50783,L,299.7,308.5,1564,52.8,27,0,0,0,0,0,0
1546,L50784,L,299.7,308.4,1646,36.5,29,0,0,0,0,0,0
1547,L50785,L,299.7,308.4,1516,46.1,31,0,0,0,0,0,0
1548,M10449,M,299.6,308.3,1696,37.4,34,0,0,0,0,0,0
1549,L50786,L,299.5,308.3,1744,49.2,36,0,0,0,0,0,0
1550,L50787,L,299.5,308.3,1645,16.4,38,1,0,0,1,0,0
1551,L50788,L,299.6,308.4,1656,47.4,40,0,0,0,0,0,0
1552,L50789,L,299.5,308.3,1655,31.7,42,0,0,0,0,0,0
1553,L50790,L,299.5,308.3,1598,40.7,44,0,0,0,0,0,0
1554,L50791,L,299.5,308.3,1592,52.4,46,0,0,0,0,0,0
1555,L50792,L,299.6,308.4,1700,32.0,48,0,0,0,0,0,0
1556,M10450,M,299.6,308.4,1717,30.4,51,0,0,0,0,0,0
1557,H70315,H,299.6,308.5,1568,36.3,56,0,0,0,0,0,0
1558,L50793,L,299.6,308.4,1771,35.6,58,0,0,0,0,0,0
1559,M10451,M,299.6,308.4,1712,29.5,61,0,0,0,0,0,0
1560,H70316,H,299.6,308.4,1698,41.1,66,0,0,0,0,0,0
1561,H70317,H,299.5,308.4,1751,41.6,71,0,0,0,0,0,0
1562,M10452,M,299.6,308.4,1453,44.6,74,0,0,0,0,0,0
1563,H70318,H,299.5,308.3,1749,31.8,79,0,0,0,0,0,0
1564,H70319,H,299.5,308.4,1684,30.6,84,0,0,0,0,0,0
1565,M10453,M,299.5,308.4,1748,38.8,87,0,0,0,0,0,0
1566,L50794,L,299.5,308.4,1591,37.5,89,0,0,0,0,0,0
1567,L50795,L,299.5,308.3,1746,37.7,91,0,0,0,0,0,0
1568,L50796,L,299.5,308.3,1592,32.9,93,0,0,0,0,0,0
1569,L50797,L,299.5,308.4,1669,43.3,3,0,0,0,0,0,0
1570,L50798,L,299.5,308.3,1725,30.6,5,0,0,0,0,0,0
1571,L50799,L,299.5,308.4,1642,38.8,7,0,0,0,0,0,0
1572,M10454,M,299.5,308.3,1573,36.9,10,0,0,0,0,0,0
1573,M10455,M,299.5,308.3,1619,39.7,13,0,0,0,0,0,0
1574,H70320,H,299.4,308.3,1671,51.9,18,1,0,0,1,0,0
1575,L50800,L,299.4,308.3,1852,26.9,20,0,0,0,0,0,0
1576,L50801,L,299.4,308.3,1950,16.1,22,1,0,0,1,0,0
1577,M10456,M,299.4,308.3,1728,34.1,25,0,0,0,0,0,0
1578,H70321,H,299.4,308.3,1732,28.5,30,0,0,0,0,0,0
1579,H70322,H,299.4,308.3,1847,9.9,35,1,0,0,1,0,0
1580,H70323,H,299.4,307.6,1733,57.5,40,1,0,0,1,0,0
1581,H70324,H,299.4,308.3,1668,45.6,45,0,0,0,0,0,0
1582,L50802,L,299.4,308.2,1623,46.7,47,0,0,0,0,0,0
1583,L50803,L,299.5,308.3,1640,37.1,49,0,0,0,0,0,0
1584,L50804,L,299.4,308.3,1614,44.2,51,0,0,0,0,0,0
1585,M10457,M,299.5,308.3,1707,35.8,54,0,0,0,0,0,0
1586,H70325,H,299.4,308.3,1540,48.1,59,0,0,0,0,0,0
1587,L50805,L,299.5,308.3,1584,41.9,61,0,0,0,0,0,0
1588,M10458,M,299.5,308.3,1646,39.6,64,0,0,0,0,0,0
1589,L50806,L,299.5,308.3,1607,40.4,66,0,0,0,0,0,0
1590,L50807,L,299.4,308.3,1627,54.7,68,1,0,0,1,0,0
1591,L50808,L,299.4,308.2,1702,41.7,70,0,0,0,0,0,0
1592,L50809,L,299.3,308.2,1727,29.7,72,0,0,0,0,0,0
1593,H70326,H,299.4,308.2,1677,43.4,77,0,0,0,0,0,0
1594,L50810,L,299.3,308.2,1285,44.9,79,0,0,0,0,0,0
1595,H70327,H,299.3,308.1,1316,38.6,84,0,0,0,0,0,0
1596,M10459,M,299.3,308.1,1574,39.5,87,0,0,0,0,0,0
1597,L50811,L,299.3,308.1,1769,29.3,89,0,0,0,0,0,0
1598,L50812,L,299.2,308.1,1569,41.0,91,0,0,0,0,0,0
1599,H70328,H,299.2,308.1,1790,27.9,96,0,0,0,0,0,0
1600,L50813,L,299.2,308.0,1745,37.5,98,0,0,0,0,0,0
1601,H70329,H,299.2,308.0,1661,33.3,103,0,0,0,0,0,0
1602,L50814,L,299.1,307.3,1546,49.8,105,0,0,0,0,0,0
1603,M10460,M,299.1,307.9,1570,55.5,108,1,0,0,1,0,0
1604,H70330,H,299.1,307.9,1706,28.6,113,0,0,0,0,0,0
1605,L50815,L,299.1,307.9,1707,40.0,115,0,0,0,0,0,0
1606,L50816,L,299.1,307.9,1455,36.9,117,0,0,0,0,0,0
1607,H70331,H,299.0,307.9,1560,44.6,122,0,0,0,0,0,0
1608,L50817,L,299.0,307.8,1554,41.0,124,0,0,0,0,0,0
1609,L50818,L,299.0,307.9,1443,36.1,126,0,0,0,0,0,0
1610,L50819,L,299.0,307.9,1601,40.9,128,0,0,0,0,0,0
1611,L50820,L,299.1,307.0,1526,37.9,130,0,0,0,0,0,0
1612,M10461,M,299.0,307.9,1532,55.9,133,0,0,0,0,0,0
1613,M10462,M,299.0,307.9,1647,32.1,136,0,0,0,0,0,0
1614,L50821,L,299.1,307.9,1677,42.6,138,0,0,0,0,0,0
1615,H70332,H,299.1,307.9,1601,45.1,143,0,0,0,0,0,0
1616,L50822,L,299.0,307.9,1475,44.4,145,0,0,0,0,0,0
1617,L50823,L,299.0,307.8,1697,37.0,147,0,0,0,0,0,0
1618,M10463,M,299.1,307.9,1797,53.7,150,1,0,0,1,0,0
1619,H70333,H,299.0,307.9,1855,19.1,155,0,0,0,0,0,0
1620,L50824,L,299.1,307.9,2188,29.1,157,0,0,0,0,0,0
1621,L50825,L,299.0,307.9,1598,46.6,159,0,0,0,0,0,0
1622,M10464,M,299.1,307.9,1652,31.2,10,0,0,0,0,0,0
1623,H70334,H,299.0,307.8,1648,30.6,15,0,0,0,0,0,0
1624,L50826,L,299.0,307.8,1696,35.3,17,0,0,0,0,0,0
1625,L50827,L,299.0,307.8,2009,32.1,19,0,0,0,0,0,0
1626,M10465,M,299.0,307.8,1637,46.4,22,0,0,0,0,0,0
1627,L50828,L,299.0,307.8,1543,49.0,24,0,0,0,0,0,0
1628,L50829,L,299.0,307.8,1491,40.9,26,0,0,0,0,0,0
1629,L50830,L,299.0,307.8,1534,50.5,28,0,0,0,0,0,0
1630,L50831,L,298.9,307.8,1835,26.1,30,0,0,0,0,0,0
1631,L50832,L,298.9,307.8,1659,40.8,32,0,0,0,0,0,0
1632,H70335,H,298.9,307.7,1260,53.5,37,0,0,0,0,0,0
1633,M10466,M,298.9,307.8,1539,49.8,40,0,0,0,0,0,0
1634,M10467,M,298.9,307.7,1657,54.4,43,1,0,0,1,0,0
1635,H70336,H,298.9,307.7,1654,34.1,48,0,0,0,0,0,0
1636,L50833,L,298.9,307.7,1299,49.2,50,0,0,0,0,0,0
1637,L50834,L,298.9,307.7,1637,35.7,52,0,0,0,0,0,0
1638,H70337,H,298.9,307.7,1636,46.0,57,0,0,0,0,0,0
1639,L50835,L,298.8,307.6,1585,53.1,59,0,0,0,0,0,0
1640,M10468,M,298.9,307.7,1633,32.1,62,0,0,0,0,0,0
1641,M10469,M,298.9,307.7,1798,21.4,65,0,0,0,0,0,0
1642,L50836,L,298.8,307.6,1692,58.5,67,1,0,0,1,0,0
1643,L50837,L,298.8,307.6,1659,44.9,69,0,0,0,0,0,0
1644,L50838,L,298.8,307.6,1665,38.9,71,0,0,0,0,0,0
1645,L50839,L,298.8,307.6,1583,38.4,73,0,0,0,0,0,0
1646,L50840,L,298.8,307.5,1843,19.0,75,0,0,0,0,0,0
1647,L50841,L,298.8,307.6,1593,42.1,77,0,0,0,0,0,0
1648,M10470,M,298.7,307.5,1728,34.7,80,0,0,0,0,0,0
1649,H70338,H,298.7,307.5,1716,40.5,85,0,0,0,0,0,0
1650,H70339,H,298.7,307.5,1737,40.3,90,0,0,0,0,0,0
1651,L50842,L,298.8,307.6,1916,6.2,92,1,0,0,1,0,0
1652,L50843,L,298.8,307.6,1712,44.9,94,0,0,0,0,0,0
1653,L50844,L,298.7,307.6,1947,41.9,96,0,0,0,0,0,0
1654,L50845,L,298.8,307.6,1556,43.2,98,0,0,0,0,0,0
1655,H70340,H,298.7,307.6,1536,38.2,103,0,0,0,0,0,0
1656,L50846,L,298.8,307.6,1518,40.5,105,0,0,0,0,0,0
1657,L50847,L,298.8,307.6,1778,41.7,107,0,0,0,0,0,0
1658,H70341,H,298.7,307.6,1547,42.7,112,0,0,0,0,0,0
1659,L50848,L,298.8,307.6,1524,44.8,114,0,0,0,0,0,0
1660,L50849,L,298.8,307.5,1630,42.8,116,0,0,0,0,0,0
1661,L50850,L,298.8,307.5,1487,58.5,1,1,0,0,1,0,0
1662,M10471,M,298.7,307.5,1891,32.7,4,0,0,0,0,0,0
1663,M10472,M,298.7,307.5,1645,36.3,7,0,0,0,0,0,0
1664,L50851,L,298.7,307.5,1602,56.9,9,1,0,0,1,0,0
1665,H70342,H,298.7,307.5,1588,38.5,14,0,0,0,0,0,0
1666,H70343,H,298.7,307.5,1452,49.3,19,0,0,0,0,0,0
1667,H70344,H,298.8,307.6,1577,41.4,24,0,0,0,0,0,0
1668,L50852,L,298.8,307.6,1597,37.7,26,0,0,0,0,0,0
1669,L50853,L,298.8,307.6,1533,49.9,28,0,0,0,0,0,0
1670,H70345,H,298.8,307.6,1479,45.2,33,0,0,0,0,0,0
1671,L50854,L,298.9,307.6,1742,24.7,35,0,0,0,0,0,0
1672,M10473,M,298.9,307.6,1611,41.7,38,0,0,0,0,0,0
1673,M10474,M,298.8,307.5,1563,30.0,41,0,0,0,0,0,0
1674,L50855,L,298.8,307.5,1593,52.7,43,0,0,0,0,0,0
1675,M10475,M,298.8,307.5,1627,57.5,46,1,0,0,1,0,0
1676,H70346,H,298.8,307.5,1660,58.7,51,1,0,0,1,0,0
1677,M10476,M,298.8,307.6,1414,43.6,54,0,0,0,0,0,0
1678,L50856,L,298.8,307.6,1608,35.4,56,0,0,0,0,0,0
1679,H70347,H,298.8,307.5,1510,43.2,61,0,0,0,0,0,0
1680,M10477,M,298.7,307.5,1640,30.6,64,0,0,0,0,0,0
1681,M10478,M,298.7,307.4,1653,63.5,67,1,0,0,1,0,0
1682,H70348,H,298.8,307.5,1522,51.9,72,0,0,0,0,0,0
1683,M10479,M,298.7,307.5,1591,43.0,75,0,0,0,0,0,0
1684,L50857,L,298.7,307.4,1524,50.0,77,0,0,0,0,0,0
1685,L50858,L,298.7,307.4,1822,35.1,79,0,0,0,0,0,0
1686,L50859,L,298.7,307.4,1501,28.9,81,0,0,0,0,0,0
1687,M10480,M,298.7,307.4,1715,17.9,84,1,0,0,1,0,0
1688,M10481,M,298.7,307.4,1568,40.8,87,0,0,0,0,0,0
1689,M10482,M,298.7,307.4,1506,37.9,90,0,0,0,0,0,0
1690,L50860,L,298.8,307.4,1722,45.2,92,0,0,0,0,0,0
1691,M10483,M,298.7,307.4,1487,40.1,95,0,0,0,0,0,0
1692,H70349,H,298.7,307.4,1584,44.7,100,0,0,0,0,0,0
1693,L50861,L,298.7,307.4,1601,48.1,6,0,0,0,0,0,0
1694,M10484,M,298.7,307.4,1658,25.4,9,0,0,0,0,0,0
1695,M10485,M,298.7,307.4,1449,48.7,12,0,0,0,0,0,0
1696,M10486,M,298.6,307.3,1656,35.9,15,0,0,0,0,0,0
1697,L50862,L,298.6,307.2,1555,45.2,17,0,0,0,0,0,0
1698,M10487,M,298.5,307.2,1670,50.2,20,0,0,0,0,0,0
1699,H70350,H,298.5,307.1,1643,50.3,25,0,0,0,0,0,0
1700,M10488,M,298.4,307.1,1818,41.3,28,0,0,0,0,0,0
1701,H70351,H,298.4,307.1,1651,41.8,33,0,0,0,0,0,0
1702,H70352,H,298.4,307.0,1657,48.9,38,0,0,0,0,0,0
1703,L50863,L,298.4,307.1,1696,25.0,40,0,0,0,0,0,0
1704,M10489,M,298.4,307.1,1854,30.5,43,0,0,0,0,0,0
1705,L50864,L,298.4,307.1,1665,37.2,45,0,0,0,0,0,0
1706,H70353,H,298.5,307.1,1710,26.7,50,0,0,0,0,0,0
1707,L50865,L,298.4,307.1,1713,37.3,52,0,0,0,0,0,0
1708,L50866,L,298.5,307.1,1609,36.7,54,0,0,0,0,0,0
1709,H70354,H,298.5,307.1,1601,40.9,59,0,0,0,0,0,0
1710,L50867,L,298.5,307.1,1702,39.4,61,0,0,0,0,0,0
1711,M10490,M,298.6,307.3,1660,50.7,64,0,0,0,0,0,0
1712,L50868,L,298.6,307.3,1674,45.7,66,0,0,0,0,0,0
1713,H70355,H,298.6,307.3,1646,39.3,71,0,0,0,0,0,0
1714,H70356,H,298.6,306.7,1692,36.7,76,0,0,0,0,0,0
1715,L50869,L,298.5,307.2,1739,39.5,78,0,0,0,0,0,0
1716,M10491,M,298.6,307.2,1553,39.7,81,0,0,0,0,0,0
1717,L50870,L,298.5,307.2,1519,65.2,83,1,0,0,1,0,0
1718,M10492,M,298.5,307.2,1464,25.4,86,0,0,0,0,0,0
1719,M10493,M,298.5,307.2,1765,30.7,89,0,0,0,0,0,0
1720,H70357,H,298.5,307.2,1635,29.3,94,0,0,0,0,0,0
1721,L50871,L,298.5,307.2,1568,42.7,96,0,0,0,0,0,0
1722,L50872,L,298.6,307.3,1627,42.3,98,0,0,0,0,0,0
1723,M10494,M,298.6,307.3,1736,34.3,101,0,0,0,0,0,0
1724,M10495,M,298.6,307.3,1819,49.0,104,1,0,0,1,0,0
1725,L50873,L,298.6,307.2,1491,43.7,106,0,0,0,0,0,0
1726,L50874,L,298.6,307.3,1525,49.4,108,0,0,0,0,0,0
1727,L50875,L,298.6,307.3,1608,52.0,110,0,0,0,0,0,0
1728,H70358,H,298.6,307.3,1695,18.7,115,1,0,0,1,0,0
1729,L50876,L,298.6,307.3,1690,46.9,117,0,0,0,0,0,0
1730,L50877,L,298.7,307.4,1702,27.1,119,0,0,0,0,0,0
1731,H70359,H,298.7,307.4,1717,42.5,124,0,0,0,0,0,0
1732,L50878,L,298.7,307.4,1631,39.3,126,0,0,0,0,0,0
1733,M10496,M,298.7,307.5,1701,39.7,129,0,0,0,0,0,0
1734,L50879,L,298.7,307.5,1626,28.0,131,0,0,0,0,0,0
1735,H70360,H,298.7,307.5,1771,50.3,136,1,0,0,1,0,0
1736,M10497,M,298.7,307.5,1564,27.1,139,0,0,0,0,0,0
1737,H70361,H,298.7,307.5,1547,47.5,144,0,0,0,0,0,0
1738,L50880,L,298.7,307.5,1597,25.7,146,0,0,0,0,0,0
1739,M10498,M,298.8,307.6,1723,39.8,149,0,0,0,0,0,0
1740,M10499,M,298.7,307.6,1605,58.0,152,1,0,0,1,0,0
1741,L50881,L,298.8,307.6,1418,63.6,154,1,0,0,1,0,0
1742,L50882,L,298.8,307.6,1824,23.8,156,0,0,0,0,0,0
1743,L50883,L,298.8,307.7,1624,33.0,158,0,0,0,0,0,0
1744,H70362,H,298.8,307.6,1712,34.8,163,0,0,0,0,0,0
1745,M10500,M,298.8,307.6,1589,62.6,166,1,0,0,1,0,0
1746,M10501,M,298.8,307.6,1632,39.3,169,0,0,0,0,0,0
1747,M10502,M,298.8,307.7,1676,50.7,172,0,0,0,0,0,0
1748,M10503,M,298.8,307.6,1621,43.0,175,0,0,0,0,0,0
1749,L50884,L,298.8,307.7,1743,28.0,177,0,0,0,0,0,0
1750,L50885,L,298.8,307.7,1722,21.4,179,0,0,0,0,0,0
1751,M10504,M,298.9,307.7,1934,33.9,182,0,0,0,0,0,0
1752,L50886,L,298.9,307.8,1518,63.2,184,1,0,0,1,1,0
1753,H70363,H,298.8,307.7,1558,42.6,189,0,0,0,0,0,0
1754,H70364,H,298.9,307.8,1720,50.5,194,1,0,0,1,0,0
1755,L50887,L,298.8,307.7,1601,25.8,196,0,0,0,0,0,0
1756,M10505,M,298.9,307.7,1777,36.7,199,0,0,0,0,0,0
1757,L50888,L,298.9,307.8,1593,47.8,201,1,1,0,0,0,0
1758,H70365,H,299.0,307.8,1743,29.1,206,0,0,0,0,0,0
1759,H70366,H,299.0,307.8,1529,39.4,211,0,0,0,0,0,0
1760,H70367,H,299.0,307.8,1668,31.2,216,0,0,0,0,0,0
1761,L50889,L,299.0,307.8,1547,48.3,218,1,1,0,0,0,0
1762,L50890,L,299.0,307.8,1819,44.0,220,1,1,0,0,0,0
1763,L50891,L,298.9,307.8,1552,46.8,222,0,0,0,0,0,0
1764,L50892,L,299.0,307.8,1709,48.7,224,1,1,0,0,0,0
1765,L50893,L,299.0,307.8,1767,37.7,226,1,1,0,0,0,0
1766,L50894,L,299.0,307.8,1700,50.0,228,1,0,0,0,1,0
1767,H70368,H,299.0,307.8,1627,34.1,233,1,1,0,0,0,0
1768,L50895,L,299.0,307.8,1780,46.3,235,0,0,0,0,0,0
1769,L50896,L,299.0,307.8,1934,20.3,237,0,0,0,0,0,0
1770,H70369,H,299.0,307.8,1722,32.5,242,0,0,0,0,0,0
1771,M10506,M,299.0,307.8,1488,63.2,245,1,0,0,1,1,0
1772,M10507,M,299.1,307.9,1191,46.1,248,0,0,0,0,0,0
1773,M10508,M,299.1,307.9,1661,46.1,251,0,0,0,0,0,0
1774,H70370,H,299.2,308.0,1699,31.8,5,0,0,0,0,0,0
1775,M10509,M,299.2,308.0,1723,29.1,8,0,0,0,0,0,0
1776,M10510,M,299.2,308.1,1542,37.4,11,0,0,0,0,0,0
1777,M10511,M,299.2,308.1,1656,39.3,14,0,0,0,0,0,0
1778,L50897,L,299.3,308.1,1653,59.1,16,1,0,0,1,0,0
1779,L50898,L,299.3,308.1,1670,50.2,18,0,0,0,0,0,0
1780,L50899,L,299.3,308.1,1607,41.1,20,0,0,0,0,0,0
1781,L50900,L,299.3,308.1,1637,40.7,22,0,0,0,0,0,0
1782,M10512,M,299.3,308.2,1478,47.6,25,0,0,0,0,0,0
1783,L50901,L,299.3,308.2,1659,26.8,27,0,0,0,0,0,0
1784,L50902,L,299.3,308.2,1719,20.8,29,0,0,0,0,0,0
1785,L50903,L,299.3,307.6,1668,47.4,31,0,0,0,0,0,0
1786,H70371,H,299.3,308.2,1583,40.7,36,0,0,0,0,0,0
1787,L50904,L,299.3,308.2,1625,26.9,38,0,0,0,0,0,0
1788,M10513,M,299.3,308.2,1827,19.1,41,0,0,0,0,0,0
1789,H70372,H,299.3,308.2,1565,48.9,46,0,0,0,0,0,0
1790,L50905,L,299.3,308.2,1602,34.8,48,0,0,0,0,0,0
1791,M10514,M,299.3,308.2,1702,44.0,51,0,0,0,0,0,0
1792,L50906,L,299.3,308.2,1705,37.4,53,0,0,0,0,0,0
1793,L50907,L,299.3,308.2,1633,39.7,55,0,0,0,0,0,0
1794,M10515,M,299.3,308.2,1649,34.1,58,0,0,0,0,0,0
1795,H70373,H,299.3,308.2,1688,39.2,63,0,0,0,0,0,0
1796,L50908,L,299.3,308.2,1668,45.8,65,0,0,0,0,0,0
1797,M10516,M,299.3,308.2,1683,37.2,68,0,0,0,0,0,0
1798,L50909,L,299.3,308.2,1678,36.7,70,0,0,0,0,0,0
1799,M10517,M,299.3,308.2,1564,46.1,73,0,0,0,0,0,0
1800,M10518,M,299.3,308.2,1566,46.7,76,0,0,0,0,0,0
1801,M10519,M,299.3,308.2,1694,28.6,79,0,0,0,0,0,0
1802,M10520,M,299.3,308.2,1565,39.7,82,0,0,0,0,0,0
1803,L50910,L,299.4,308.2,1580,34.8,84,0,0,0,0,0,0
1804,M10521,M,299.3,308.2,1641,40.1,87,0,0,0,0,0,0
1805,M10522,M,299.4,308.3,1664,54.3,90,1,0,0,1,0,0
1806,M10523,M,299.4,308.3,1445,43.6,93,0,0,0,0,0,0
1807,L50911,L,299.4,308.3,1502,61.6,95,1,0,0,1,0,0
1808,L50912,L,299.4,308.3,1663,42.2,97,0,0,0,0,0,0
1809,L50913,L,299.4,308.3,1755,38.3,99,0,0,0,0,0,0
1810,L50914,L,299.4,308.3,1813,39.8,101,0,0,0,0,0,0
1811,L50915,L,299.4,308.3,1619,41.4,103,0,0,0,0,0,0
1812,L50916,L,299.4,308.2,1811,43.2,105,0,0,0,0,0,0
1813,M10524,M,299.4,308.2,1743,30.1,108,0,0,0,0,0,0
1814,L50917,L,299.3,308.2,1735,37.7,110,0,0,0,0,0,0
1815,H70374,H,299.4,308.2,1592,32.8,115,0,0,0,0,0,0
1816,M10525,M,299.4,308.3,1637,50.3,118,0,0,0,0,0,0
1817,M10526,M,299.4,308.3,1831,20.7,121,0,0,0,0,0,0
1818,L50918,L,299.4,308.2,1580,41.6,123,0,0,0,0,0,0
1819,L50919,L,299.4,308.2,1494,24.8,125,0,0,0,0,0,0
1820,M10527,M,299.4,308.3,1641,44.3,128,0,0,0,0,0,0
1821,H70375,H,299.6,308.4,2071,36.0,133,0,0,0,0,0,0
1822,L50920,L,299.6,308.4,1865,21.8,135,0,0,0,0,0,0
1823,M10528,M,299.6,307.8,1553,49.4,138,0,0,0,0,0,0
1824,M10529,M,299.6,308.5,1717,14.8,141,1,0,0,1,0,0
1825,M10530,M,299.6,308.5,1546,39.7,144,0,0,0,0,0,0
1826,L50921,L,299.6,308.5,1557,46.9,146,0,0,0,0,0,0
1827,M10531,M,299.6,308.5,1818,53.8,149,1,0,0,1,0,0
1828,L50922,L,299.6,308.4,1591,23.9,6,0,0,0,0,0,0
1829,H70376,H,299.5,308.3,1557,34.8,11,0,0,0,0,0,0
1830,L50923,L,299.6,307.8,1589,50.8,13,0,0,0,0,0,0
1831,L50924,L,299.6,308.4,1768,51.5,15,1,0,0,1,0,0
1832,H70377,H,299.6,308.4,1650,52.8,20,1,0,0,1,0,0
1833,L50925,L,299.6,308.5,1657,65.6,22,1,0,0,1,0,0
1834,L50926,L,299.5,308.4,1642,34.9,24,0,0,0,0,0,0
1835,L50927,L,299.5,308.4,1506,43.7,26,0,0,0,0,0,0
1836,L50928,L,299.5,308.4,1628,36.5,28,0,0,0,0,0,0
1837,L50929,L,299.4,308.4,1741,20.2,30,0,0,0,0,0,0
1838,L50930,L,299.4,308.3,1656,39.1,32,0,0,0,0,0,0
1839,M10532,M,299.4,308.3,1734,20.1,35,0,0,0,0,0,0
1840,M10533,M,299.4,308.3,1730,34.8,38,0,0,0,0,0,0
1841,L50931,L,299.4,308.4,1662,25.3,40,0,0,0,0,0,0
1842,M10534,M,299.4,308.3,1544,44.4,43,0,0,0,0,0,0
1843,L50932,L,299.4,308.3,1232,32.2,45,0,0,0,0,0,0
1844,H70378,H,299.4,308.4,1761,22.1,50,0,0,0,0,0,0
1845,L50933,L,299.4,308.3,1615,48.7,52,0,0,0,0,0,0
1846,M10535,M,299.4,308.4,1780,34.0,55,0,0,0,0,0,0
1847,L50934,L,299.4,308.4,1812,35.7,57,0,0,0,0,0,0
1848,M10536,M,299.5,308.4,1592,30.2,60,0,0,0,0,0,0
1849,L50935,L,299.5,308.4,1592,51.5,62,0,0,0,0,0,0
1850,M10537,M,299.4,308.4,1617,42.7,65,0,0,0,0,0,0
1851,L50936,L,299.4,308.4,1544,33.9,67,0,0,0,0,0,0
1852,H70379,H,299.5,308.4,2122,20.9,72,0,0,0,0,0,0
1853,M10538,M,299.4,308.4,1660,65.1,75,1,0,0,1,0,0
1854,M10539,M,299.4,308.4,1490,59.8,78,1,0,0,1,0,0
1855,H70380,H,299.4,308.4,1503,54.4,83,0,0,0,0,0,0
1856,H70381,H,299.5,308.5,1682,33.0,88,0,0,0,0,0,0
1857,L50937,L,299.4,308.4,1758,35.0,90,0,0,0,0,0,0
1858,L50938,L,299.4,308.4,1602,44.0,92,0,0,0,0,0,0
1859,L50939,L,299.4,308.4,1708,31.1,94,0,0,0,0,0,0
1860,L50940,L,299.4,308.4,1496,30.1,96,0,0,0,0,0,0
1861,M10540,M,299.3,308.3,1626,54.6,99,1,0,0,1,0,0
1862,H70382,H,299.3,308.3,1673,39.4,104,0,0,0,0,0,0
1863,H70383,H,299.3,308.3,2208,28.8,6,0,0,0,0,0,0
1864,M10541,M,299.2,308.3,1432,49.5,9,0,0,0,0,0,0
1865,M10542,M,299.3,308.3,1653,34.3,12,0,0,0,0,0,0
1866,H70384,H,299.3,308.3,1840,20.2,17,0,0,0,0,0,0
1867,H70385,H,299.3,308.3,1659,28.7,22,0,0,0,0,0,0
1868,L50941,L,299.3,308.3,1681,34.8,24,0,0,0,0,0,0
1869,M10543,M,299.3,308.3,2022,42.2,27,0,0,0,0,0,0
1870,H70386,H,299.3,308.3,1606,41.7,32,0,0,0,0,0,0
1871,L50942,L,299.3,308.3,1691,52.3,34,1,0,0,1,0,0
1872,L50943,L,299.3,308.3,1534,37.6,36,0,0,0,0,0,0
1873,H70387,H,299.4,308.4,1670,35.3,41,0,0,0,0,0,0
1874,H70388,H,299.3,308.4,1608,52.5,46,0,0,0,0,0,0
1875,H70389,H,299.2,308.3,1684,49.8,51,0,0,0,0,0,0
1876,M10544,M,299.2,308.2,1650,37.9,54,0,0,0,0,0,0
1877,L50944,L,299.2,308.3,1722,42.9,56,0,0,0,0,0,0
1878,L50945,L,299.2,308.2,1670,35.2,58,0,0,0,0,0,0
1879,M10545,M,299.2,308.2,1721,28.4,61,0,0,0,0,0,0
1880,M10546,M,299.1,308.2,1543,62.0,64,1,0,0,1,0,0
1881,M10547,M,299.1,308.2,1737,34.6,67,0,0,0,0,0,0
1882,M10548,M,299.1,308.1,1683,42.9,70,0,0,0,0,0,0
1883,L50946,L,299.1,308.1,1629,24.8,72,0,0,0,0,0,0
1884,M10549,M,299.1,308.1,1631,47.4,75,0,0,0,0,0,0
1885,L50947,L,299.1,308.1,1761,27.9,77,0,0,0,0,0,0
1886,L50948,L,299.0,308.1,1694,56.8,79,1,0,0,1,0,0
1887,L50949,L,299.0,308.1,1466,58.0,81,0,0,0,0,0,0
1888,L50950,L,299.0,308.1,1669,45.7,83,0,0,0,0,0,0
1889,H70390,H,299.1,308.0,1613,41.1,88,0,0,0,0,0,0
1890,L50951,L,299.1,308.1,1677,38.1,90,0,0,0,0,0,0
1891,L50952,L,299.1,308.1,1556,39.5,92,0,0,0,0,0,0
1892,M10550,M,299.0,308.0,1628,44.1,95,0,0,0,0,0,0
1893,M10551,M,299.0,308.0,1674,40.9,98,0,0,0,0,0,0
1894,L50953,L,299.0,308.0,1512,49.8,100,0,0,0,0,0,0
1895,L50954,L,299.1,308.1,1828,30.8,102,0,0,0,0,0,0
1896,L50955,L,299.0,308.0,1432,55.3,104,0,0,0,0,0,0
1897,M10552,M,299.0,308.0,1720,35.8,107,0,0,0,0,0,0
1898,L50956,L,299.0,308.0,1470,32.5,109,0,0,0,0,0,0
1899,L50957,L,299.0,308.0,1608,43.6,111,0,0,0,0,0,0
1900,L50958,L,299.0,308.0,1671,44.3,4,0,0,0,0,0,0
1901,M10553,M,299.0,308.0,1804,22.6,7,0,0,0,0,0,0
1902,L50959,L,299.0,308.0,1666,35.2,9,0,0,0,0,0,0
1903,H70391,H,299.0,308.0,1741,18.3,14,1,0,0,1,0,0
1904,L50960,L,299.1,308.1,1736,33.2,16,0,0,0,0,0,0
1905,M10554,M,299.1,308.1,1768,33.7,19,0,0,0,0,0,0
1906,L50961,L,299.1,308.1,1759,43.0,21,0,0,0,0,0,0
1907,L50962,L,299.1,308.1,1575,32.1,23,0,0,0,0,0,0
1908,L50963,L,299.1,308.1,1661,34.5,25,0,0,0,0,0,0
1909,H70392,H,299.1,308.1,1385,53.0,30,0,0,0,0,0,0
1910,H70393,H,299.1,308.1,1420,60.6,35,1,0,0,1,0,0
1911,L50964,L,299.1,308.1,1285,30.8,37,0,0,0,0,0,0
1912,L50965,L,299.1,308.1,1675,50.2,39,0,0,0,0,0,0
1913,H70394,H,299.1,308.1,1587,43.9,44,0,0,0,0,0,0
1914,M10555,M,299.1,308.1,1714,22.6,47,0,0,0,0,0,0
1915,L50966,L,299.1,308.1,1718,32.1,49,0,0,0,0,0,0
1916,L50967,L,299.0,308.0,1747,9.7,51,1,0,0,1,0,0
1917,M10556,M,299.0,308.0,1454,43.2,54,0,0,0,0,0,0
1918,M10557,M,299.0,308.0,1639,29.2,57,0,0,0,0,0,0
1919,M10558,M,299.0,308.0,1632,41.3,60,0,0,0,0,0,0
1920,H70395,H,299.1,308.1,1558,65.7,65,1,0,0,1,0,0
1921,L50968,L,299.1,308.1,1549,55.9,67,1,0,0,1,0,0
1922,L50969,L,299.1,308.1,1731,32.3,69,0,0,0,0,0,0
1923,L50970,L,299.2,308.1,1786,29.9,71,0,0,0,0,0,0
1924,L50971,L,299.2,308.2,1684,52.9,73,1,0,0,1,0,0
1925,L50972,L,299.3,308.2,1718,30.0,19,0,0,0,0,0,0
1926,L50973,L,299.2,308.2,1496,49.9,21,0,0,0,0,0,0
1927,L50974,L,299.2,307.6,1396,67.4,23,1,0,0,1,0,0
1928,M10559,M,299.2,308.2,1511,46.8,26,0,0,0,0,0,0
1929,L50975,L,299.2,308.2,1492,51.8,28,0,0,0,0,0,0
1930,L50976,L,299.2,308.2,1603,50.7,30,0,0,0,0,0,0
1931,M10560,M,299.2,308.2,1849,34.4,33,0,0,0,0,0,0
1932,M10561,M,299.2,308.2,1654,42.9,36,0,0,0,0,0,0
1933,M10562,M,299.3,308.2,1692,30.4,39,0,0,0,0,0,0
1934,H70396,H,299.2,308.2,1319,52.9,44,0,0,0,0,0,0
1935,M10563,M,299.3,308.2,1632,29.1,47,0,0,0,0,0,0
1936,L50977,L,299.3,308.2,1707,47.0,49,0,0,0,0,0,0
1937,L50978,L,299.2,308.2,1678,51.3,51,1,0,0,1,0,0
1938,M10564,M,299.2,308.1,1681,35.1,54,0,0,0,0,0,0
1939,L50979,L,299.2,308.1,1876,32.8,56,0,0,0,0,0,0
1940,L50980,L,299.2,308.2,1759,38.3,58,0,0,0,0,0,0
1941,L50981,L,299.2,308.1,1700,31.1,16,0,0,0,0,0,0
1942,L50982,L,299.2,308.1,1629,41.6,19,0,0,0,0,0,0
1943,L50983,L,299.1,308.1,1659,30.8,21,0,0,0,0,0,0
1944,L50984,L,299.2,308.2,1682,31.6,23,0,0,0,0,0,0
1945,H70397,H,299.2,307.3,1612,45.5,28,0,0,0,0,0,0
1946,H70398,H,299.2,308.2,1589,46.2,33,0,0,0,0,0,0
1947,L50985,L,299.2,308.1,1646,37.1,35,0,0,0,0,0,0
1948,H70399,H,299.2,308.1,2048,23.5,40,0,0,0,0,0,0
1949,L50986,L,299.2,308.2,1538,51.7,42,0,0,0,0,0,0
1950,H70400,H,299.2,308.1,1530,35.5,47,0,0,0,0,0,0
1951,H70401,H,299.2,308.1,1580,60.6,52,1,0,0,1,0,0
1952,L50987,L,299.2,308.1,1314,38.7,54,0,0,0,0,0,0
1953,M10565,M,299.1,308.1,1632,41.4,57,0,0,0,0,0,0
1954,H70402,H,299.1,307.5,1752,35.7,4,0,0,0,0,0,0
1955,H70403,H,299.1,308.0,1560,42.4,10,0,0,0,0,0,0
1956,H70404,H,299.1,308.0,1405,74.8,15,1,0,0,1,0,0
1957,M10566,M,299.0,307.9,1535,36.5,18,0,0,0,0,0,0
1958,L50988,L,299.0,307.9,1676,52.8,20,1,0,0,1,0,0
1959,H70405,H,299.0,307.9,1700,40.9,25,0,0,0,0,0,0
1960,M10567,M,298.9,307.8,1709,51.7,28,1,0,0,1,0,0
1961,M10568,M,299.0,307.9,1893,20.7,31,0,0,0,0,0,0
1962,L50989,L,299.0,307.9,1511,59.4,33,1,0,0,1,0,0
1963,M10569,M,299.0,307.9,1568,43.4,36,0,0,0,0,0,0
1964,L50990,L,298.9,307.9,1502,37.3,38,0,0,0,0,0,0
1965,M10570,M,298.9,307.9,1504,49.0,41,0,0,0,0,0,0
1966,L50991,L,299.0,307.9,1613,41.4,43,0,0,0,0,0,0
1967,M10571,M,299.1,308.0,1524,28.5,46,0,0,0,0,0,0
1968,H70406,H,299.1,308.0,1679,15.8,51,1,0,0,1,0,0
1969,L50992,L,299.1,307.8,1548,58.3,53,1,0,0,1,0,0
1970,M10572,M,299.2,308.1,1742,37.8,56,0,0,0,0,0,0
1971,L50993,L,299.2,308.1,1617,33.9,58,0,0,0,0,0,0
1972,H70407,H,299.2,308.2,1689,34.6,63,0,0,0,0,0,0
1973,M10573,M,299.3,308.2,1742,54.6,66,1,0,0,1,0,0
1974,L50994,L,299.3,308.2,1513,35.1,68,0,0,0,0,0,0
1975,L50995,L,299.3,308.2,1714,46.4,70,0,0,0,0,0,0
1976,L50996,L,299.2,308.1,1702,36.7,72,0,0,0,0,0,0
1977,L50997,L,299.2,308.1,1829,27.5,74,0,0,0,0,0,0
1978,H70408,H,299.2,308.1,1690,49.0,79,0,0,0,0,0,0
1979,M10574,M,299.1,308.0,1533,51.0,82,0,0,0,0,0,0
1980,L50998,L,299.1,308.0,1685,33.2,84,0,0,0,0,0,0
1981,H70409,H,299.1,308.0,1521,39.6,89,0,0,0,0,0,0
1982,L50999,L,299.1,308.0,1598,41.0,91,0,0,0,0,0,0
1983,H70410,H,299.1,308.0,1629,44.5,96,0,0,0,0,0,0
1984,L51000,L,299.1,308.0,1575,59.7,98,1,0,0,1,0,0
1985,M10575,M,299.1,308.0,1738,36.8,101,0,0,0,0,0,0
1986,H70411,H,299.1,308.0,1810,36.7,106,0,0,0,0,0,0
1987,L51001,L,299.1,308.0,1620,38.2,108,0,0,0,0,0,0
1988,M10576,M,299.1,308.0,1802,30.6,111,0,0,0,0,0,0
1989,H70412,H,299.1,308.0,1764,22.8,116,0,0,0,0,0,0
1990,L51002,L,299.1,308.0,1525,41.3,118,0,0,0,0,0,0
1991,L51003,L,299.1,308.0,1609,45.3,120,0,0,0,0,0,0
1992,M10577,M,299.1,308.1,1660,40.0,123,0,0,0,0,0,0
1993,L51004,L,299.1,308.0,1578,39.4,125,0,0,0,0,0,0
1994,L51005,L,299.1,308.0,1603,31.0,127,0,0,0,0,0,0
1995,L51006,L,299.1,308.0,1540,42.5,129,0,0,0,0,0,0
1996,M10578,M,299.0,308.0,1592,41.7,132,0,0,0,0,0,0
1997,L51007,L,299.0,307.9,1547,44.7,134,0,0,0,0,0,0
1998,L51008,L,299.0,307.9,1744,43.2,136,0,0,0,0,0,0
1999,H70413,H,299.0,308.0,1409,43.9,141,0,0,0,0,0,0
2000,M10579,M,299.0,308.0,1591,53.2,144,0,0,0,0,0,0
2001,H70414,H,299.0,307.9,1668,45.7,149,0,0,0,0,0,0
2002,L51009,L,299.0,308.0,1538,44.8,151,0,0,0,0,0,0
2003,H70415,H,299.0,308.0,1720,22.6,156,0,0,0,0,0,0
2004,M10580,M,299.0,307.9,1564,50.5,159,0,0,0,0,0,0
2005,L51010,L,299.0,307.9,1659,37.0,161,0,0,0,0,0,0
2006,H70416,H,298.9,307.4,1706,40.8,166,0,0,0,0,0,0
2007,L51011,L,298.9,307.9,1768,27.3,168,0,0,0,0,0,0
2008,L51012,L,298.9,307.9,1487,60.9,170,1,0,0,1,0,0
2009,L51013,L,298.9,307.9,1643,15.3,172,1,0,0,1,0,0
2010,M10581,M,298.9,307.9,1587,54.9,175,1,0,0,1,0,0
2011,L51014,L,299.0,307.9,1569,44.3,177,0,0,0,0,0,0
2012,L51015,L,299.0,307.9,1702,20.9,179,0,0,0,0,0,0
2013,L51016,L,299.0,307.9,1564,60.4,181,1,0,0,1,0,0
2014,L51017,L,299.0,307.9,1584,45.1,183,0,0,0,0,0,0
2015,L51018,L,299.0,307.9,1800,16.4,185,1,0,0,1,0,0
2016,M10582,M,299.0,307.9,1898,35.8,188,0,0,0,0,0,0
2017,L51019,L,299.0,307.9,1684,45.3,190,0,0,0,0,0,0
2018,L51020,L,298.9,307.9,1682,57.1,192,1,0,0,1,0,0
2019,M10583,M,299.0,307.9,1717,35.9,195,0,0,0,0,0,0
2020,L51021,L,299.0,307.9,1795,13.5,197,1,0,0,1,0,0
2021,M10584,M,299.0,307.9,1621,54.6,200,1,0,0,1,0,0
2022,L51022,L,298.9,307.9,1667,45.0,202,0,0,0,0,0,0
2023,L51023,L,298.9,307.9,1844,17.7,204,1,0,0,1,0,0
2024,L51024,L,298.9,307.9,1638,43.4,206,0,0,0,0,0,0
2025,L51025,L,298.9,307.9,1509,44.5,208,0,0,0,0,0,0
2026,L51026,L,298.8,307.8,1955,36.8,210,0,0,0,0,0,0
2027,H70417,H,298.8,307.8,1735,31.7,215,0,0,0,0,0,0
2028,L51027,L,298.9,307.8,1580,33.9,217,0,0,0,0,0,0
2029,M10585,M,298.9,307.8,1729,36.7,220,0,0,0,0,0,0
2030,M10586,M,298.9,307.8,1752,43.5,223,0,0,0,0,0,0
2031,L51028,L,298.9,307.8,1589,47.9,225,0,0,0,0,0,0
2032,M10587,M,298.9,307.8,1871,18.5,228,0,0,0,0,0,0
2033,L51029,L,298.8,307.1,1660,42.6,230,0,0,0,0,0,0
2034,L51030,L,298.8,307.7,1627,44.9,232,0,0,0,0,0,0
2035,L51031,L,298.8,307.7,1648,41.7,234,1,1,0,0,0,0
2036,M10588,M,298.8,307.7,1596,36.0,237,0,0,0,0,0,0
2037,H70418,H,298.8,307.7,1490,54.2,242,1,0,0,0,1,0
2038,L51032,L,298.8,307.7,1432,53.4,244,1,0,0,0,1,0
2039,M10589,M,298.8,307.7,1603,36.3,247,0,0,0,0,0,0
2040,M10590,M,298.8,307.7,1847,39.2,250,0,0,0,0,0,0
2041,L51033,L,298.8,307.7,1475,47.7,252,1,0,0,0,1,0
2042,M10591,M,298.9,307.8,1477,52.8,16,0,0,0,0,0,0
2043,M10592,M,298.9,307.7,1620,31.8,19,0,0,0,0,0,0
2044,H70419,H,298.9,307.7,1636,29.5,24,0,0,0,0,0,0
2045,H70420,H,299.0,307.8,1660,42.7,29,0,0,0,0,0,0
2046,L51034,L,299.0,307.8,1303,28.8,31,0,0,0,0,0,0
2047,L51035,L,299.0,307.8,1733,20.6,33,0,0,0,0,0,0
2048,M10593,M,299.0,307.8,1616,31.8,36,0,0,0,0,0,0
2049,L51036,L,299.0,307.8,1586,44.2,38,0,0,0,0,0,0
2050,L51037,L,299.0,307.8,1564,55.5,40,1,0,0,1,0,0
2051,H70421,H,299.0,307.8,1675,32.9,45,0,0,0,0,0,0
2052,L51038,L,299.0,307.8,1835,38.8,47,0,0,0,0,0,0
2053,L51039,L,299.0,307.8,1639,41.6,49,0,0,0,0,0,0
2054,H70422,H,298.9,307.7,1665,33.5,54,0,0,0,0,0,0
2055,L51040,L,299.0,307.8,1463,32.7,56,0,0,0,0,0,0
2056,L51041,L,298.9,307.8,1654,43.3,58,0,0,0,0,0,0
2057,H70423,H,298.9,307.7,1535,28.0,63,0,0,0,0,0,0
2058,L51042,L,298.9,307.8,1740,32.3,65,0,0,0,0,0,0
2059,L51043,L,298.9,307.7,1673,38.0,67,0,0,0,0,0,0
2060,L51044,L,298.9,307.8,1705,43.2,69,0,0,0,0,0,0
2061,H70424,H,299.0,307.8,1672,24.8,74,0,0,0,0,0,0
2062,L51045,L,299.0,307.8,1659,38.7,76,0,0,0,0,0,0
2063,M10594,M,298.9,307.8,1778,27.1,79,0,0,0,0,0,0
2064,L51046,L,298.9,307.8,1602,33.2,81,0,0,0,0,0,0
2065,L51047,L,298.9,307.8,2084,47.9,83,1,0,0,1,0,0
2066,H70425,H,298.9,307.8,1705,39.3,19,0,0,0,0,0,0
2067,M10595,M,298.9,307.7,1551,56.7,22,1,0,0,1,0,0
2068,H70426,H,298.9,307.7,1796,39.3,27,0,0,0,0,0,0
2069,L51048,L,298.9,307.7,1646,49.7,29,0,0,0,0,0,0
2070,M10596,M,298.8,307.7,1458,47.9,32,0,0,0,0,0,0
2071,H70427,H,298.8,307.7,1740,39.9,37,0,0,0,0,0,0
2072,L51049,L,298.8,307.7,1659,26.8,39,0,0,0,0,0,0
2073,L51050,L,298.9,307.7,1727,38.9,41,0,0,0,0,0,0
2074,H70428,H,298.8,307.7,1704,34.7,46,0,0,0,0,0,0
2075,L51051,L,298.9,307.7,1442,34.3,48,0,0,0,0,0,0
2076,M10597,M,298.9,307.8,1696,41.6,51,0,0,0,0,0,0
2077,H70429,H,298.9,307.7,1705,25.5,56,0,0,0,0,0,0
2078,L51052,L,298.9,307.7,1654,31.3,0,0,0,0,0,0,0
2079,L51053,L,298.8,307.7,1665,29.9,2,0,0,0,0,0,0
2080,L51054,L,298.8,307.7,1734,37.5,4,0,0,0,0,0,0
2081,L51055,L,298.8,307.6,1607,32.3,6,0,0,0,0,0,0
2082,L51056,L,298.8,307.7,1787,33.0,8,0,0,0,0,0,0
2083,M10598,M,298.8,307.7,1156,41.4,11,0,0,0,0,0,0
2084,L51057,L,298.8,307.6,1700,35.5,13,0,0,0,0,0,0
2085,M10599,M,298.8,307.6,1719,40.0,16,0,0,0,0,0,0
2086,L51058,L,298.8,307.6,1425,28.8,18,0,0,0,0,0,0
2087,L51059,L,298.8,307.6,1710,31.7,20,0,0,0,0,0,0
2088,L51060,L,298.8,307.6,1525,60.4,22,1,0,0,1,0,0
2089,M10600,M,298.8,307.6,1637,33.0,25,0,0,0,0,0,0
2090,L51061,L,298.8,307.6,1650,18.9,27,1,0,0,1,0,0
2091,L51062,L,298.8,307.6,1570,43.4,29,0,0,0,0,0,0
2092,H70430,H,298.8,307.6,1600,32.9,34,0,0,0,0,0,0
2093,M10601,M,298.8,307.6,1536,42.4,37,0,0,0,0,0,0
2094,L51063,L,298.8,306.8,1817,39.1,39,0,0,0,0,0,0
2095,H70431,H,298.8,307.6,1467,45.5,44,0,0,0,0,0,0
2096,L51064,L,298.8,307.6,1756,39.0,46,0,0,0,0,0,0
2097,L51065,L,298.8,307.6,1550,37.7,48,0,0,0,0,0,0
2098,L51066,L,298.9,307.7,1498,51.5,50,0,0,0,0,0,0
2099,L51067,L,298.8,307.6,1672,17.8,52,1,0,0,1,0,0
2100,L51068,L,298.9,307.6,1619,26.7,54,0,0,0,0,0,0
2101,M10602,M,298.8,307.6,1776,31.7,57,0,0,0,0,0,0
2102,L51069,L,298.9,307.7,1791,23.1,59,0,0,0,0,0,0
2103,H70432,H,298.8,306.7,1654,35.2,64,0,0,0,0,0,0
2104,H70433,H,298.9,307.7,1924,34.2,69,0,0,0,0,0,0
2105,M10603,M,299.0,307.8,1598,49.7,72,0,0,0,0,0,0
2106,M10604,M,299.0,307.8,1660,39.1,75,0,0,0,0,0,0
2107,M10605,M,299.0,307.8,1599,37.9,78,0,0,0,0,0,0
2108,H70434,H,299.0,307.8,1597,36.2,83,0,0,0,0,0,0
2109,L51070,L,298.9,307.7,1657,29.5,85,0,0,0,0,0,0
2110,L51071,L,298.9,307.7,1680,48.9,87,0,0,0,0,0,0
2111,M10606,M,298.9,307.7,1638,52.1,90,0,0,0,0,0,0
2112,M10607,M,298.9,307.7,1829,27.9,93,0,0,0,0,0,0
2113,L51072,L,298.9,307.6,1501,56.2,95,0,0,0,0,0,0
2114,M10608,M,298.9,307.7,1738,33.3,98,0,0,0,0,0,0
2115,L51073,L,299.0,307.7,1717,32.5,100,0,0,0,0,0,0
2116,H70435,H,299.0,307.8,1664,44.7,105,0,0,0,0,0,0
2117,L51074,L,299.1,307.8,1543,45.6,107,0,0,0,0,0,0
2118,L51075,L,299.1,307.8,1560,39.3,109,0,0,0,0,0,0
2119,L51076,L,299.0,307.8,1717,36.5,111,0,0,0,0,0,0
2120,L51077,L,299.0,307.8,1668,51.7,113,1,0,0,1,0,0
2121,L51078,L,299.1,307.9,1627,33.8,115,0,0,0,0,0,0
2122,L51079,L,299.1,307.9,1708,39.3,117,0,0,0,0,0,0
2123,L51080,L,299.1,307.8,1320,56.9,119,0,0,0,0,0,0
2124,L51081,L,299.1,307.9,1687,26.6,121,0,0,0,0,0,0
2125,L51082,L,299.2,307.9,1544,35.4,123,0,0,0,0,0,0
2126,L51083,L,299.1,307.9,1478,50.3,125,0,0,0,0,0,0
2127,L51084,L,299.1,307.8,1982,45.3,127,1,0,0,1,0,0
2128,L51085,L,299.1,307.8,1563,48.9,129,0,0,0,0,0,0
2129,L51086,L,299.1,307.8,1716,26.8,131,0,0,0,0,0,0
2130,L51087,L,299.2,307.9,1632,43.2,6,0,0,0,0,0,0
2131,L51088,L,299.1,307.8,1640,37.1,8,0,0,0,0,0,0
2132,M10609,M,299.2,307.8,1593,62.7,11,1,0,0,1,0,0
2133,H70436,H,299.2,307.9,1539,48.1,16,0,0,0,0,0,0
2134,H70437,H,299.2,307.9,1765,39.8,21,0,0,0,0,0,0
2135,M10610,M,299.3,308.0,1720,42.9,24,0,0,0,0,0,0
2136,M10611,M,299.3,308.0,1725,40.5,27,0,0,0,0,0,0
2137,L51089,L,299.3,308.0,1554,47.0,29,0,0,0,0,0,0
2138,M10612,M,299.3,308.0,1684,31.4,32,0,0,0,0,0,0
2139,M10613,M,299.2,307.9,1644,53.7,35,1,0,0,1,0,0
2140,H70438,H,299.2,307.9,1701,26.8,40,0,0,0,0,0,0
2141,H70439,H,299.2,307.9,1576,42.1,45,0,0,0,0,0,0
2142,L51090,L,299.1,307.9,1626,31.8,47,0,0,0,0,0,0
2143,M10614,M,299.1,307.9,1236,40.4,50,0,0,0,0,0,0
2144,H70440,H,299.1,307.8,1494,49.9,55,0,0,0,0,0,0
2145,L51091,L,299.0,307.8,1997,22.9,57,0,0,0,0,0,0
2146,H70441,H,299.1,307.8,1483,38.3,62,0,0,0,0,0,0
2147,L51092,L,299.1,307.8,1637,25.6,64,0,0,0,0,0,0
2148,H70442,H,299.0,307.8,1718,37.2,69,0,0,0,0,0,0
2149,M10615,M,299.0,307.8,1664,25.6,72,0,0,0,0,0,0
2150,L51093,L,299.0,307.7,1610,41.6,74,0,0,0,0,0,0
2151,M10616,M,299.0,307.7,1708,35.7,77,0,0,0,0,0,0
2152,L51094,L,299.0,307.3,1704,47.5,79,0,0,0,0,0,0
2153,M10617,M,299.0,307.7,1562,52.3,82,0,0,0,0,0,0
2154,M10618,M,299.0,307.7,1732,40.1,85,0,0,0,0,0,0
2155,M10619,M,299.0,307.7,1451,48.9,88,0,0,0,0,0,0
2156,H70443,H,299.0,307.7,1524,53.8,93,0,0,0,0,0,0
2157,L51095,L,299.1,307.8,1742,30.8,95,0,0,0,0,0,0
2158,L51096,L,299.1,307.8,1753,54.3,97,1,0,0,1,0,0
2159,L51097,L,299.1,307.8,1565,39.6,99,0,0,0,0,0,0
2160,L51098,L,299.1,307.8,1598,30.2,101,0,0,0,0,0,0
2161,L51099,L,299.0,307.7,1665,43.0,103,0,0,0,0,0,0
2162,L51100,L,299.0,307.8,1659,39.3,105,0,0,0,0,0,0
2163,L51101,L,299.0,307.7,2079,25.9,107,0,0,0,0,0,0
2164,L51102,L,299.0,307.7,1598,29.0,109,0,0,0,0,0,0
2165,H70444,H,299.0,307.7,1519,56.4,114,0,0,0,0,0,0
2166,L51103,L,299.0,307.7,1682,42.8,116,0,0,0,0,0,0
2167,H70445,H,298.9,307.7,1543,54.8,121,0,0,0,0,0,0
2168,L51104,L,298.9,307.7,1777,35.8,123,0,0,0,0,0,0
2169,L51105,L,298.9,307.7,1679,32.0,125,0,0,0,0,0,0
2170,M10620,M,298.9,307.7,1792,23.2,128,0,0,0,0,0,0
2171,L51106,L,299.0,307.8,1625,49.7,130,0,0,0,0,0,0
2172,L51107,L,299.0,307.8,1592,44.1,132,0,0,0,0,0,0
2173,M10621,M,299.0,307.8,1746,35.9,135,0,0,0,0,0,0
2174,L51108,L,299.1,307.3,1582,32.1,137,0,0,0,0,0,0
2175,L51109,L,299.1,307.9,1542,51.3,139,0,0,0,0,0,0
2176,M10622,M,299.1,307.9,1622,38.2,142,0,0,0,0,0,0
2177,L51110,L,299.1,307.9,1693,38.3,144,0,0,0,0,0,0
2178,H70446,H,299.1,307.9,1738,34.0,149,0,0,0,0,0,0
2179,L51111,L,299.1,307.9,1598,35.9,151,0,0,0,0,0,0
2180,H70447,H,299.1,307.9,1535,45.5,156,0,0,0,0,0,0
2181,M10623,M,299.1,308.0,1731,25.8,159,0,0,0,0,0,0
2182,H70448,H,299.1,307.9,1507,40.8,164,0,0,0,0,0,0
2183,H70449,H,299.1,307.9,1691,49.6,169,0,0,0,0,0,0
2184,L51112,L,299.1,308.0,1634,39.2,171,0,0,0,0,0,0
2185,M10624,M,299.1,307.9,1490,50.5,174,0,0,0,0,0,0
2186,L51113,L,299.1,307.5,1473,53.4,176,0,0,0,0,0,0
2187,H70450,H,299.1,307.9,1631,49.0,181,0,0,0,0,0,0
2188,M10625,M,299.1,307.9,1704,34.6,184,0,0,0,0,0,0
2189,L51114,L,299.1,307.9,1583,39.6,186,0,0,0,0,0,0
2190,H70451,H,299.2,308.0,1622,43.5,191,0,0,0,0,0,0
2191,L51115,L,299.2,308.0,1573,35.3,193,0,0,0,0,0,0
2192,M10626,M,299.2,308.0,1653,35.0,196,0,0,0,0,0,0
2193,M10627,M,299.1,308.0,1812,34.4,199,0,0,0,0,0,0
2194,L51116,L,299.2,308.0,1709,65.4,201,1,1,0,1,1,0
2195,M10628,M,299.1,308.0,1645,37.3,204,0,0,0,0,0,0
2196,H70452,H,299.1,308.0,1633,50.7,209,1,1,0,0,0,0
2197,L51117,L,299.1,308.0,1731,31.3,211,0,0,0,0,0,0
2198,M10629,M,299.1,308.0,1407,57.0,214,1,0,0,0,1,0
2199,L51118,L,299.2,308.0,1566,36.2,216,1,1,0,0,0,0
2200,M10630,M,299.2,308.0,1439,40.5,219,0,0,0,0,0,0
2201,L51119,L,299.2,308.0,1786,21.7,221,0,0,0,0,0,0
2202,H70453,H,299.2,308.0,1767,51.2,226,1,0,0,1,0,0
2203,H70454,H,299.2,308.0,1677,53.3,231,1,0,0,1,0,0
2204,L51120,L,299.2,308.0,1716,28.1,233,0,0,0,0,0,0
2205,L51121,L,299.2,308.1,1580,51.7,235,1,1,0,0,1,0
2206,M10631,M,299.2,308.1,1688,26.6,238,0,0,0,0,0,0
2207,M10632,M,299.2,308.0,1713,46.3,241,0,0,0,0,0,0
2208,L51122,L,299.2,308.0,1684,37.1,2,0,0,0,0,0,0
2209,L51123,L,299.2,308.0,1586,53.4,4,0,0,0,0,0,0
2210,L51124,L,299.2,308.0,1538,42.5,6,0,0,0,0,0,0
2211,H70455,H,299.1,307.9,1656,49.3,17,0,0,0,0,0,0
2212,L51125,L,299.2,308.0,1572,52.4,19,0,0,0,0,0,0
2213,H70456,H,299.2,308.0,1701,37.1,24,0,0,0,0,0,0
2214,L51126,L,299.2,308.0,1741,39.7,26,0,0,0,0,0,0
2215,H70457,H,299.2,308.0,1561,28.9,31,0,0,0,0,0,0
2216,L51127,L,299.2,308.0,1639,37.0,33,0,0,0,0,0,0
2217,L51128,L,299.1,308.0,1510,59.3,9,1,0,0,1,0,0
2218,H70458,H,299.2,308.0,1563,47.6,6,0,0,0,0,0,0
2219,H70459,H,299.1,307.9,1604,29.6,11,0,0,0,0,0,0
2220,L51129,L,299.1,307.9,1500,56.3,13,0,0,0,0,0,0
2221,L51130,L,299.1,307.9,1531,43.9,15,0,0,0,0,0,0
2222,L51131,L,299.1,307.9,1681,48.3,17,0,0,0,0,0,0
2223,L51132,L,299.0,307.8,1658,44.9,19,0,0,0,0,0,0
2224,L51133,L,299.0,307.9,1656,44.2,21,0,0,0,0,0,0
2225,H70460,H,299.0,307.8,1580,20.0,26,1,0,0,1,0,0
2226,L51134,L,299.0,307.8,1768,51.1,28,1,0,0,1,0,0
2227,M10633,M,299.0,307.9,1730,17.5,31,1,0,0,1,0,0
2228,L51135,L,299.0,307.8,1754,50.2,33,1,0,0,1,0,0
2229,L51136,L,299.1,307.7,1712,41.0,35,0,0,0,0,0,0
2230,M10634,M,299.0,307.9,1586,48.4,38,0,0,0,0,0,0
2231,L51137,L,299.0,307.8,1826,41.6,40,0,0,0,0,0,0
2232,M10635,M,299.0,307.8,1647,50.4,43,0,0,0,0,0,0
2233,L51138,L,299.0,307.8,1629,40.2,45,0,0,0,0,0,0
2234,H70461,H,298.9,307.8,1600,42.8,50,0,0,0,0,0,0
2235,M10636,M,298.9,307.7,1722,44.0,53,0,0,0,0,0,0
2236,H70462,H,298.9,307.7,1504,58.8,58,1,0,0,1,0,0
2237,L51139,L,298.9,307.7,1585,46.0,60,0,0,0,0,0,0
2238,L51140,L,298.8,307.6,1665,26.8,62,0,0,0,0,0,0
2239,L51141,L,298.8,307.7,1611,34.4,64,0,0,0,0,0,0
2240,M10637,M,298.8,307.6,1556,46.0,67,0,0,0,0,0,0
2241,L51142,L,298.9,307.6,1744,52.6,69,1,0,0,1,0,0
2242,L51143,L,298.9,307.6,1778,32.8,71,0,0,0,0,0,0
2243,L51144,L,298.9,307.6,1555,62.4,73,1,0,0,1,0,0
2244,L51145,L,298.9,307.6,1592,41.8,75,0,0,0,0,0,0
2245,L51146,L,298.8,307.5,1579,44.2,77,0,0,0,0,0,0
2246,L51147,L,298.7,307.5,1682,27.5,79,0,0,0,0,0,0
2247,L51148,L,298.7,307.5,2173,51.2,81,1,0,0,1,0,0
2248,M10638,M,298.7,307.5,1699,35.5,84,0,0,0,0,0,0
2249,L51149,L,298.7,307.5,1756,32.5,86,0,0,0,0,0,0
2250,L51150,L,298.7,307.5,1684,36.8,88,0,0,0,0,0,0
2251,M10639,M,298.6,307.4,1498,53.8,91,0,0,0,0,0,0
2252,M10640,M,298.7,307.5,1635,44.7,94,0,0,0,0,0,0
2253,L51151,L,298.7,307.5,1599,31.1,96,0,0,0,0,0,0
2254,M10641,M,298.7,307.5,1785,34.7,99,0,0,0,0,0,0
2255,H70463,H,298.7,307.5,1509,54.1,104,0,0,0,0,0,0
2256,M10642,M,298.7,307.5,1611,37.6,107,0,0,0,0,0,0
2257,H70464,H,298.8,307.6,1694,45.6,112,0,0,0,0,0,0
2258,M10643,M,298.7,307.5,1545,48.1,115,0,0,0,0,0,0
2259,L51152,L,298.8,307.6,1808,5.8,117,1,0,0,1,0,0
2260,L51153,L,298.8,307.6,1347,52.6,12,0,0,0,0,0,0
2261,M10644,M,298.8,307.5,1665,31.5,15,0,0,0,0,0,0
2262,H70465,H,298.8,307.6,1722,36.4,20,0,0,0,0,0,0
2263,L51154,L,298.8,307.6,1514,55.4,22,0,0,0,0,0,0
2264,L51155,L,298.9,307.6,1625,54.5,24,1,0,0,1,0,0
2265,M10645,M,298.9,307.6,1623,44.9,27,0,0,0,0,0,0
2266,L51156,L,298.8,307.5,1710,47.3,29,0,0,0,0,0,0
2267,M10646,M,298.9,307.6,1533,49.8,32,0,0,0,0,0,0
2268,M10647,M,298.9,307.6,1554,54.3,35,0,0,0,0,0,0
2269,M10648,M,298.9,307.6,1437,55.6,38,0,0,0,0,0,0
2270,H70466,H,298.8,307.6,1636,41.1,43,0,0,0,0,0,0
2271,M10649,M,298.8,307.6,1650,32.6,19,0,0,0,0,0,0
2272,M10650,M,298.8,307.6,1750,37.4,22,0,0,0,0,0,0
2273,M10651,M,298.8,307.6,1587,41.3,25,0,0,0,0,0,0
2274,H70467,H,298.8,307.6,1615,39.5,30,0,0,0,0,0,0
2275,H70468,H,298.9,307.6,1642,29.9,35,0,0,0,0,0,0
2276,L51157,L,298.8,307.6,1630,44.4,37,0,0,0,0,0,0
2277,M10652,M,298.8,307.6,1910,24.3,40,0,0,0,0,0,0
2278,L51158,L,298.8,307.6,1331,40.9,42,0,0,0,0,0,0
2279,H70469,H,298.8,307.6,1638,41.5,47,0,0,0,0,0,0
2280,M10653,M,298.9,307.6,1750,41.2,50,0,0,0,0,0,0
2281,L51159,L,298.9,307.6,1559,48.5,52,0,0,0,0,0,0
2282,L51160,L,298.8,307.6,1660,47.2,54,0,0,0,0,0,0
2283,L51161,L,298.8,307.5,1640,62.2,16,1,0,0,1,0,0
2284,M10654,M,298.9,307.7,1652,34.8,19,0,0,0,0,0,0
2285,L51162,L,299.0,307.8,1577,42.8,21,0,0,0,0,0,0
2286,L51163,L,298.9,307.6,1723,42.2,23,0,0,0,0,0,0
2287,H70470,H,298.9,307.6,1686,41.7,28,0,0,0,0,0,0
2288,M10655,M,298.9,307.7,1710,27.4,31,0,0,0,0,0,0
2289,L51164,L,298.9,307.7,1767,28.2,33,0,0,0,0,0,0
2290,L51165,L,298.9,307.6,1736,40.1,35,0,0,0,0,0,0
2291,H70471,H,298.9,307.6,1727,24.2,40,0,0,0,0,0,0
2292,M10656,M,298.9,307.6,1695,36.7,43,0,0,0,0,0,0
2293,M10657,M,298.9,307.6,1731,33.5,46,0,0,0,0,0,0
2294,L51166,L,298.9,307.6,1624,37.0,48,0,0,0,0,0,0
2295,L51167,L,298.9,307.6,1698,51.3,50,1,0,0,1,0,0
2296,L51168,L,298.9,307.6,1613,29.2,52,0,0,0,0,0,0
2297,M10658,M,298.9,307.6,1593,48.7,55,0,0,0,0,0,0
2298,L51169,L,298.8,307.6,1749,34.3,57,0,0,0,0,0,0
2299,L51170,L,298.8,307.6,1578,35.5,59,0,0,0,0,0,0
2300,M10659,M,298.8,307.5,1704,44.7,62,0,0,0,0,0,0
2301,H70472,H,298.9,307.6,1681,37.3,67,0,0,0,0,0,0
2302,M10660,M,298.9,307.6,1816,31.1,70,0,0,0,0,0,0
2303,L51171,L,298.8,307.5,1724,36.3,72,0,0,0,0,0,0
2304,L51172,L,298.8,307.5,1728,22.2,74,0,0,0,0,0,0
2305,L51173,L,298.8,307.5,1651,43.8,76,0,0,0,0,0,0
2306,L51174,L,298.8,307.5,1835,9.0,78,1,0,0,1,0,0
2307,M10661,M,298.9,307.6,1786,48.9,81,1,0,0,1,0,0
2308,L51175,L,298.9,307.7,1626,46.2,83,0,0,0,0,0,0
2309,M10662,M,298.9,307.6,1554,56.0,86,1,0,0,1,0,0
2310,H70473,H,298.9,307.6,1519,61.8,91,1,0,0,1,0,0
2311,H70474,H,299.0,307.7,1618,49.4,96,0,0,0,0,0,0
2312,L51176,L,298.9,307.6,1581,33.7,98,0,0,0,0,0,0
2313,L51177,L,298.9,307.6,1503,61.7,100,1,0,0,1,0,0
2314,L51178,L,298.9,307.6,1621,28.1,102,0,0,0,0,0,0
2315,L51179,L,298.9,307.6,1670,21.0,104,0,0,0,0,0,0
2316,L51180,L,298.9,307.6,1626,58.5,106,1,0,0,1,0,0
2317,L51181,L,298.8,307.6,1621,46.0,108,0,0,0,0,0,0
2318,M10663,M,298.9,307.6,1681,21.2,111,0,0,0,0,0,0
2319,L51182,L,298.9,307.6,1707,26.4,113,0,0,0,0,0,0
2320,H70475,H,298.8,307.6,1599,45.5,118,0,0,0,0,0,0
2321,L51183,L,298.8,307.5,1700,31.3,120,0,0,0,0,0,0
2322,L51184,L,298.8,307.6,1552,32.7,122,0,0,0,0,0,0
2323,L51185,L,298.8,307.6,1450,59.7,124,1,0,0,1,0,0
2324,L51186,L,298.8,307.5,1409,61.5,126,1,0,0,1,0,0
2325,L51187,L,298.7,307.5,1561,41.5,128,0,0,0,0,0,0
2326,H70476,H,298.8,307.5,1593,38.5,133,0,0,0,0,0,0
2327,L51188,L,298.8,307.6,1510,49.0,135,0,0,0,0,0,0
2328,L51189,L,298.8,307.6,2168,34.4,137,0,0,0,0,0,0
2329,M10664,M,298.8,307.6,1932,17.7,140,0,0,0,0,0,0
2330,L51190,L,298.8,307.6,2288,12.4,142,1,0,0,1,0,0
2331,M10665,M,298.8,307.6,1603,39.3,145,0,0,0,0,0,0
2332,L51191,L,298.8,307.6,1623,48.8,147,0,0,0,0,0,0
2333,H70477,H,298.8,307.6,1643,40.2,152,0,0,0,0,0,0
2334,L51192,L,298.7,307.6,1973,48.1,154,1,0,0,1,0,0
2335,L51193,L,298.7,307.5,1722,49.1,156,0,0,0,0,0,0
2336,M10666,M,298.7,307.6,1759,53.9,159,1,0,0,1,0,0
2337,H70478,H,298.8,307.6,1508,41.9,164,0,0,0,0,0,0
2338,L51194,L,298.7,307.5,1765,42.8,166,0,0,0,0,0,0
2339,M10667,M,298.7,307.5,1599,39.6,169,0,0,0,0,0,0
2340,L51195,L,298.8,307.5,1640,37.4,171,0,0,0,0,0,0
2341,L51196,L,298.8,307.0,1757,24.3,173,0,0,0,0,0,0
2342,L51197,L,298.9,307.3,1728,51.7,175,1,0,0,1,0,0
2343,M10668,M,298.8,307.1,1695,36.2,178,0,0,0,0,0,0
2344,L51198,L,298.9,307.6,1710,35.6,180,0,0,0,0,0,0
2345,M10669,M,298.8,307.6,1755,34.6,183,0,0,0,0,0,0
2346,L51199,L,298.8,307.6,1811,26.6,185,0,0,0,0,0,0
2347,H70479,H,298.8,307.6,1700,39.1,190,0,0,0,0,0,0
2348,H70480,H,298.8,307.5,1715,45.2,195,0,0,0,0,0,0
2349,L51200,L,298.8,307.5,1633,32.9,197,0,0,0,0,0,0
2350,L51201,L,298.8,307.5,1440,50.4,199,0,0,0,0,0,0
2351,L51202,L,298.8,307.5,1833,36.3,201,0,0,0,0,0,0
2352,H70481,H,298.8,307.5,1636,24.7,206,0,0,0,0,0,0
2353,L51203,L,298.8,307.5,1531,53.7,208,1,0,0,0,1,0
2354,M10670,M,298.8,307.5,1610,42.0,211,0,0,0,0,0,0
2355,L51204,L,298.8,307.5,1560,48.6,213,0,0,0,0,0,0
2356,M10671,M,298.8,307.5,1539,48.9,216,0,0,0,0,0,0
2357,L51205,L,298.8,307.5,2161,30.5,218,1,1,0,0,0,0
2358,M10672,M,298.9,307.6,1720,34.8,221,0,0,0,0,0,0
2359,H70482,H,298.9,307.6,1652,50.3,226,0,0,0,0,0,0
2360,L51206,L,298.9,307.6,1605,58.4,228,1,0,0,1,1,0
2361,H70483,H,298.9,307.6,1609,40.6,233,0,0,0,0,0,0
2362,L51207,L,298.9,307.6,1645,33.7,235,0,0,0,0,0,0
2363,L51208,L,298.9,307.6,1663,56.8,237,1,1,0,1,1,0
2364,H70484,H,298.9,307.6,1636,33.7,242,0,0,0,0,0,0
2365,M10673,M,298.9,307.5,1584,43.3,245,0,0,0,0,0,0
2366,M10674,M,298.9,307.5,1756,35.7,248,0,0,0,0,0,0
2367,L51209,L,298.8,307.5,1634,42.7,250,0,0,0,0,0,0
2368,L51210,L,298.8,307.5,1654,30.5,252,0,0,0,0,0,0
2369,L51211,L,298.9,307.5,1625,36.3,15,0,0,0,0,0,0
2370,M10675,M,298.9,307.5,1784,33.7,18,0,0,0,0,0,0
2371,L51212,L,298.8,307.4,1668,46.6,20,0,0,0,0,0,0
2372,L51213,L,298.8,307.4,1663,41.6,22,0,0,0,0,0,0
2373,L51214,L,298.8,307.5,1149,48.8,24,0,0,0,0,0,0
2374,L51215,L,298.8,307.4,1715,31.7,26,0,0,0,0,0,0
2375,L51216,L,298.8,307.4,1642,37.9,28,0,0,0,0,0,0
2376,L51217,L,298.8,307.4,1535,46.3,30,0,0,0,0,0,0
2377,H70485,H,298.8,307.4,1551,48.6,35,0,0,0,0,0,0
2378,M10676,M,298.8,307.5,1788,25.5,38,0,0,0,0,0,0
2379,L51218,L,298.7,307.4,1745,43.2,40,0,0,0,0,0,0
2380,M10677,M,298.7,307.4,1597,31.9,43,0,0,0,0,0,0
2381,H70486,H,298.7,307.4,1519,49.1,48,0,0,0,0,0,0
2382,L51219,L,298.7,307.4,1616,58.6,50,1,0,0,1,0,0
2383,L51220,L,298.7,307.4,1749,13.9,52,1,0,0,1,0,0
2384,L51221,L,298.7,307.4,1734,33.4,54,0,0,0,0,0,0
2385,L51222,L,298.6,307.4,1598,42.6,56,0,0,0,0,0,0
2386,M10678,M,298.6,307.3,1702,40.0,1,0,0,0,0,0,0
2387,H70487,H,298.6,307.4,1478,49.4,6,0,0,0,0,0,0
2388,L51223,L,298.6,307.3,1695,40.8,8,0,0,0,0,0,0
2389,M10679,M,298.6,307.3,1489,34.7,11,0,0,0,0,0,0
2390,L51224,L,298.6,307.3,1786,29.8,13,0,0,0,0,0,0
2391,M10680,M,298.6,307.3,1709,28.1,16,0,0,0,0,0,0
2392,M10681,M,298.5,307.3,1728,32.6,19,0,0,0,0,0,0
2393,L51225,L,298.5,307.3,1701,34.3,21,0,0,0,0,0,0
2394,L51226,L,298.5,307.2,1477,43.8,23,0,0,0,0,0,0
2395,M10682,M,298.5,307.2,1781,38.4,26,1,0,0,0,0,1
2396,H70488,H,298.5,307.2,1714,33.5,31,0,0,0,0,0,0
2397,L51227,L,298.4,307.2,1771,29.9,33,0,0,0,0,0,0
2398,L51228,L,298.4,307.2,1615,33.0,35,0,0,0,0,0,0
2399,L51229,L,298.5,307.2,1701,34.4,37,0,0,0,0,0,0
2400,M10683,M,298.4,307.1,1571,32.5,40,0,0,0,0,0,0
2401,M10684,M,298.4,307.1,1628,46.7,43,0,0,0,0,0,0
2402,M10685,M,298.5,307.2,1494,53.7,46,0,0,0,0,0,0
2403,M10686,M,298.4,307.1,2162,28.2,4,0,0,0,0,0,0
2404,H70489,H,298.4,307.1,1646,51.2,9,0,0,0,0,0,0
2405,H70490,H,298.4,307.1,1734,46.9,14,0,0,0,0,0,0
2406,L51230,L,298.3,307.1,1618,41.8,16,0,0,0,0,0,0
2407,M10687,M,298.3,307.1,1607,55.3,19,1,0,0,1,0,0
2408,L51231,L,298.3,307.1,1740,38.3,21,0,0,0,0,0,0
2409,L51232,L,298.3,307.1,1533,44.0,23,0,0,0,0,0,0
2410,H70491,H,298.3,307.1,1583,41.2,28,0,0,0,0,0,0
2411,M10688,M,298.4,307.2,1735,40.5,31,0,0,0,0,0,0
2412,H70492,H,298.3,307.1,1607,44.6,36,0,0,0,0,0,0
2413,L51233,L,298.2,307.0,1580,40.5,38,0,0,0,0,0,0
2414,M10689,M,298.3,307.1,1569,44.7,41,0,0,0,0,0,0
2415,L51234,L,298.3,307.0,1575,33.3,43,0,0,0,0,0,0
2416,L51235,L,298.3,307.1,1507,33.6,45,0,0,0,0,0,0
2417,L51236,L,298.3,307.1,1532,33.3,47,0,0,0,0,0,0
2418,M10690,M,298.3,307.1,1673,36.4,50,0,0,0,0,0,0
2419,L51237,L,298.3,307.1,1658,50.1,52,0,0,0,0,0,0
2420,H70493,H,298.3,307.1,1901,35.4,57,0,0,0,0,0,0
2421,L51238,L,298.3,307.1,1612,46.5,59,0,0,0,0,0,0
2422,L51239,L,298.3,307.1,1521,42.7,61,0,0,0,0,0,0
2423,M10691,M,298.3,307.1,1670,35.6,64,0,0,0,0,0,0
2424,L51240,L,298.3,307.1,1645,53.1,66,1,0,0,1,0,0
2425,H70494,H,298.3,307.1,2124,47.4,71,1,0,0,1,0,0
2426,M10692,M,298.4,307.2,1734,40.0,74,0,0,0,0,0,0
2427,L51241,L,298.4,307.2,1706,39.2,76,0,0,0,0,0,0
2428,M10693,M,298.4,306.4,1654,40.9,79,0,0,0,0,0,0
2429,M10694,M,298.4,307.2,1796,24.7,82,0,0,0,0,0,0
2430,M10695,M,298.4,307.2,1586,31.8,85,0,0,0,0,0,0
2431,H70495,H,298.4,307.1,1445,44.6,90,0,0,0,0,0,0
2432,M10696,M,298.4,307.1,1921,24.2,93,0,0,0,0,0,0
2433,M10697,M,298.4,307.1,1685,32.5,96,0,0,0,0,0,0
2434,L51242,L,298.4,307.2,1718,36.1,98,0,0,0,0,0,0
2435,M10698,M,298.4,307.1,1247,69.0,101,1,0,0,1,0,0
2436,H70496,H,298.3,307.1,1754,46.7,106,0,0,0,0,0,0
2437,M10699,M,298.4,307.2,1697,51.0,109,1,0,0,1,0,0
2438,M10700,M,298.4,307.1,1551,31.9,112,0,0,0,0,0,0
2439,L51243,L,298.4,307.1,1603,43.6,114,0,0,0,0,0,0
2440,M10701,M,298.3,307.1,1765,22.4,117,0,0,0,0,0,0
2441,H70497,H,298.3,307.1,1553,36.7,122,0,0,0,0,0,0
2442,L51244,L,298.3,307.0,1668,45.1,124,0,0,0,0,0,0
2443,L51245,L,298.2,307.0,1818,25.8,126,0,0,0,0,0,0
2444,M10702,M,298.2,306.9,1659,43.9,129,0,0,0,0,0,0
2445,L51246,L,298.2,307.0,1484,44.8,131,0,0,0,0,0,0
2446,M10703,M,298.2,306.9,1588,34.0,134,0,0,0,0,0,0
2447,L51247,L,298.2,306.9,1682,31.7,136,0,0,0,0,0,0
2448,L51248,L,298.1,306.9,1665,32.8,138,0,0,0,0,0,0
2449,M10704,M,298.1,306.9,1647,36.5,141,0,0,0,0,0,0
2450,M10705,M,298.1,306.8,1643,36.8,144,0,0,0,0,0,0
2451,M10706,M,298.1,306.8,1461,45.1,147,0,0,0,0,0,0
2452,M10707,M,298.1,306.8,1750,34.7,150,0,0,0,0,0,0
2453,M10708,M,298.1,306.8,1623,56.0,153,1,0,0,1,0,0
2454,M10709,M,298.1,306.8,1614,55.9,156,1,0,0,1,0,0
2455,M10710,M,298.1,306.8,1676,42.4,159,0,0,0,0,0,0
2456,M10711,M,298.1,306.8,1642,36.6,162,0,0,0,0,0,0
2457,M10712,M,298.0,306.8,1623,34.7,165,0,0,0,0,0,0
2458,L51249,L,298.0,306.7,1542,43.2,167,0,0,0,0,0,0
2459,L51250,L,298.0,306.7,1763,44.9,169,0,0,0,0,0,0
2460,M10713,M,298.0,306.7,1659,38.0,172,0,0,0,0,0,0
2461,H70498,H,298.0,306.7,1941,36.1,177,0,0,0,0,0,0
2462,M10714,M,298.0,306.7,1629,43.5,180,0,0,0,0,0,0
2463,L51251,L,298.0,306.7,1459,40.7,182,0,0,0,0,0,0
2464,M10715,M,298.0,306.7,1702,34.3,185,0,0,0,0,0,0
2465,L51252,L,298.0,306.7,1657,41.1,187,0,0,0,0,0,0
2466,M10716,M,298.0,306.7,1633,33.9,190,0,0,0,0,0,0
2467,H70499,H,298.0,306.7,1605,32.5,195,0,0,0,0,0,0
2468,M10717,M,298.0,306.7,1701,40.0,198,0,0,0,0,0,0
2469,M10718,M,298.0,306.7,1672,34.3,201,0,0,0,0,0,0
2470,L51253,L,298.0,306.7,1513,32.7,203,1,1,0,0,0,0
2471,L51254,L,298.0,306.8,1704,50.5,205,1,1,0,1,0,0
2472,H70500,H,298.0,306.8,1586,36.1,210,0,0,0,0,0,0
2473,M10719,M,298.0,306.8,1436,58.4,213,1,1,0,0,1,0
2474,M10720,M,298.0,306.8,1740,46.3,216,0,0,0,0,0,0
2475,L51255,L,298.0,306.8,1788,31.8,218,0,0,0,0,0,0
2476,L51256,L,298.0,306.7,1552,51.6,220,1,1,0,0,1,0
2477,L51257,L,298.0,306.8,1575,32.8,222,1,1,0,0,0,0
2478,L51258,L,298.0,306.8,1466,59.7,224,1,0,0,1,1,0
2479,L51259,L,298.1,306.8,1599,42.3,226,0,0,0,0,0,0
2480,H70501,H,298.0,306.8,1731,45.4,231,0,0,0,0,0,0
2481,M10721,M,298.0,306.8,1765,40.3,234,0,0,0,0,0,0
2482,L51260,L,298.0,306.8,1651,42.7,236,0,0,0,0,0,0
2483,L51261,L,298.0,306.7,1720,37.7,238,0,0,0,0,0,0
2484,L51262,L,298.0,306.8,1679,30.7,240,0,0,0,0,0,0
2485,H70502,H,298.0,306.8,1554,43.4,245,0,0,0,0,0,0
2486,L51263,L,298.0,306.8,1462,50.2,247,1,0,0,0,1,0
2487,M10722,M,298.0,306.8,1741,28.1,250,0,0,0,0,0,0
2488,H70503,H,298.0,306.8,1651,55.4,17,1,0,0,1,0,0
2489,L51264,L,298.0,306.8,1993,46.0,19,1,0,0,1,0,0
2490,M10723,M,298.1,306.9,1780,35.6,22,0,0,0,0,0,0
2491,H70504,H,298.1,306.1,1639,35.5,27,0,0,0,0,0,0
2492,L51265,L,298.1,306.9,1561,58.6,29,1,0,0,1,0,0
2493,L51266,L,298.1,306.9,1581,49.4,31,0,0,0,0,0,0
2494,H70505,H,298.1,306.8,1702,51.4,36,1,0,0,1,0,0
2495,H70506,H,298.1,306.8,1707,37.5,41,0,0,0,0,0,0
2496,M10724,M,298.0,306.8,1616,45.6,44,0,0,0,0,0,0
2497,M10725,M,298.1,306.8,1639,43.5,47,0,0,0,0,0,0
2498,L51267,L,298.0,306.8,1552,38.3,49,0,0,0,0,0,0
2499,H70507,H,298.0,306.8,1443,41.1,54,0,0,0,0,0,0
2500,L51268,L,298.0,306.8,1544,51.1,56,0,0,0,0,0,0
2501,L51269,L,298.1,306.8,1549,56.0,58,1,0,0,1,0,0
2502,M10726,M,298.0,306.8,1711,37.5,6,0,0,0,0,0,0
2503,H70508,H,298.1,306.8,1704,26.9,11,0,0,0,0,0,0
2504,H70509,H,298.0,306.8,1522,56.4,16,0,0,0,0,0,0
2505,L51270,L,298.1,306.8,1299,56.6,18,0,0,0,0,0,0
2506,L51271,L,298.0,306.8,1677,44.0,20,0,0,0,0,0,0
2507,H70510,H,298.0,306.8,1576,57.9,25,1,0,0,1,0,0
2508,H70511,H,298.0,306.8,1706,43.3,30,0,0,0,0,0,0
2509,M10727,M,298.0,306.7,1700,30.9,33,0,0,0,0,0,0
2510,M10728,M,298.0,306.8,1821,26.9,36,0,0,0,0,0,0
2511,L51272,L,298.1,306.8,1669,26.8,38,0,0,0,0,0,0
2512,L51273,L,298.1,306.8,1646,40.0,40,0,0,0,0,0,0
2513,L51274,L,298.1,306.8,1696,35.3,42,0,0,0,0,0,0
2514,L51275,L,298.1,306.9,1739,34.2,44,0,0,0,0,0,0
2515,L51276,L,298.2,306.9,1693,38.9,46,0,0,0,0,0,0
2516,H70512,H,298.1,306.8,1648,48.6,51,0,0,0,0,0,0
2517,L51277,L,298.1,306.9,1703,34.5,53,0,0,0,0,0,0
2518,L51278,L,298.1,306.8,1670,32.8,55,0,0,0,0,0,0
2519,M10729,M,298.0,306.7,1756,35.2,58,0,0,0,0,0,0
2520,L51279,L,298.0,306.7,1451,49.2,60,0,0,0,0,0,0
2521,L51280,L,298.1,306.8,1597,39.3,62,0,0,0,0,0,0
2522,M10730,M,298.0,306.8,1779,42.8,65,0,0,0,0,0,0
2523,L51281,L,298.1,306.8,1509,55.5,67,0,0,0,0,0,0
2524,M10731,M,298.1,306.8,1495,68.4,70,1,0,0,1,0,0
2525,H70513,H,298.1,306.8,1742,46.4,75,0,0,0,0,0,0
2526,L51282,L,298.1,306.8,1611,45.4,77,0,0,0,0,0,0
2527,H70514,H,298.0,306.8,1637,28.2,82,0,0,0,0,0,0
2528,H70515,H,298.0,306.7,1739,43.7,87,0,0,0,0,0,0
2529,H70516,H,298.1,306.8,1621,40.6,92,0,0,0,0,0,0
2530,M10732,M,298.1,306.5,1584,48.9,95,0,0,0,0,0,0
2531,M10733,M,298.1,306.8,1492,36.1,98,0,0,0,0,0,0
2532,M10734,M,298.1,306.8,1628,42.0,101,0,0,0,0,0,0
2533,M10735,M,298.1,306.9,1680,46.1,104,0,0,0,0,0,0
2534,L51283,L,298.1,306.8,1512,59.0,106,1,0,0,1,0,0
2535,H70517,H,298.2,306.9,1453,55.6,111,0,0,0,0,0,0
2536,M10736,M,298.2,306.9,1541,52.7,114,0,0,0,0,0,0
2537,M10737,M,298.2,307.0,1557,47.3,117,0,0,0,0,0,0
2538,L51284,L,298.2,306.9,1650,35.7,119,0,0,0,0,0,0
2539,L51285,L,298.2,307.0,1566,47.3,121,0,0,0,0,0,0
2540,M10738,M,298.2,306.9,1840,32.3,124,0,0,0,0,0,0
2541,M10739,M,298.2,306.5,1688,37.9,127,0,0,0,0,0,0
2542,L51286,L,298.2,307.0,1401,57.8,129,0,0,0,0,0,0
2543,L51287,L,298.3,307.0,1628,45.4,131,0,0,0,0,0,0
2544,L51288,L,298.3,307.0,1635,42.3,133,0,0,0,0,0,0
2545,M10740,M,298.3,307.0,1739,43.6,136,0,0,0,0,0,0
2546,L51289,L,298.2,306.9,1641,39.1,138,0,0,0,0,0,0
2547,H70518,H,298.2,306.9,1745,18.4,143,1,0,0,1,0,0
2548,L51290,L,298.2,306.9,1883,27.4,145,0,0,0,0,0,0
2549,L51291,L,298.2,306.9,1522,46.2,147,0,0,0,0,0,0
2550,L51292,L,298.2,306.9,1770,30.8,149,0,0,0,0,0,0
2551,M10741,M,298.2,306.9,1661,38.9,152,0,0,0,0,0,0
2552,L51293,L,298.2,306.9,1669,27.7,154,0,0,0,0,0,0
2553,M10742,M,298.3,307.0,1629,32.8,157,0,0,0,0,0,0
2554,H70519,H,298.3,307.0,1772,40.0,162,0,0,0,0,0,0
2555,L51294,L,298.3,307.0,1644,49.2,164,0,0,0,0,0,0
2556,M10743,M,298.3,307.0,1646,51.2,167,0,0,0,0,0,0
2557,L51295,L,298.3,307.0,1768,32.7,169,0,0,0,0,0,0
2558,L51296,L,298.3,307.0,1665,43.1,171,0,0,0,0,0,0
2559,L51297,L,298.4,307.1,1629,25.7,173,0,0,0,0,0,0
2560,L51298,L,298.4,307.1,1506,40.6,175,0,0,0,0,0,0
2561,M10744,M,298.4,307.1,1739,49.5,178,1,0,0,1,0,0
2562,M10745,M,298.4,307.1,1672,39.3,181,0,0,0,0,0,0
2563,M10746,M,298.4,307.1,1589,53.2,184,0,0,0,0,0,0
2564,M10747,M,298.5,307.1,1769,48.4,187,0,0,0,0,0,0
2565,M10748,M,298.5,307.1,1542,42.4,190,0,0,0,0,0,0
2566,L51299,L,298.5,307.2,1436,37.5,192,0,0,0,0,0,0
2567,L51300,L,298.4,307.1,1515,34.7,194,0,0,0,0,0,0
2568,L51301,L,298.5,307.1,1678,25.4,196,0,0,0,0,0,0
2569,M10749,M,298.5,307.1,1728,27.0,199,0,0,0,0,0,0
2570,H70520,H,298.4,307.1,1724,49.9,204,1,0,0,1,0,0
2571,L51302,L,298.5,307.1,1647,55.1,206,1,0,0,1,1,0
2572,M10750,M,298.5,307.1,1476,29.2,209,1,1,0,0,0,0
2573,M10751,M,298.4,307.0,1899,40.7,212,0,0,0,0,0,0
2574,H70521,H,298.4,307.1,1695,24.3,217,0,0,0,0,0,0
2575,M10752,M,298.4,307.1,1811,30.2,220,1,1,0,0,0,0
2576,M10753,M,298.3,307.0,1686,42.6,223,0,0,0,0,0,0
2577,M10754,M,298.4,307.0,1677,34.8,226,0,0,0,0,0,0
2578,H70522,H,298.4,306.9,1728,20.8,231,1,1,0,0,0,0
2579,L51303,L,298.4,307.0,1461,57.2,233,1,0,0,0,1,0
2580,H70523,H,298.4,307.0,1537,39.5,238,0,0,0,0,0,0
2581,L51304,L,298.3,306.9,1692,29.0,240,1,1,0,0,0,0
2582,H70524,H,298.3,306.9,1518,41.3,245,0,0,0,0,0,0
2583,L51305,L,298.3,306.9,1803,39.2,18,0,0,0,0,0,0
2584,L51306,L,298.2,306.9,1637,44.2,20,0,0,0,0,0,0
2585,L51307,L,298.2,306.9,1856,36.6,22,0,0,0,0,0,0
2586,L51308,L,298.2,306.9,1594,43.1,24,0,0,0,0,0,0
2587,L51309,L,298.2,306.4,1548,49.4,26,0,0,0,0,0,0
2588,L51310,L,298.2,306.9,1772,26.8,28,0,0,0,0,0,0
2589,L51311,L,298.2,306.9,1663,33.1,30,0,0,0,0,0,0
2590,L51312,L,298.3,306.9,1694,48.4,32,0,0,0,0,0,0
2591,M10755,M,298.2,306.8,1458,34.5,35,0,0,0,0,0,0
2592,H70525,H,298.3,306.9,1753,39.2,40,0,0,0,0,0,0
2593,M10756,M,298.3,306.8,1797,35.3,43,0,0,0,0,0,0
2594,L51313,L,298.2,306.8,1745,35.9,45,0,0,0,0,0,0
2595,L51314,L,298.2,306.9,1626,35.1,47,0,0,0,0,0,0
2596,H70526,H,298.2,306.9,1818,27.4,52,0,0,0,0,0,0
2597,L51315,L,298.2,306.9,1689,44.6,54,0,0,0,0,0,0
2598,L51316,L,298.2,306.8,1539,50.6,56,0,0,0,0,0,0
2599,H70527,H,298.2,306.8,1615,38.2,61,0,0,0,0,0,0
2600,H70528,H,298.1,306.8,1592,49.5,66,0,0,0,0,0,0
2601,L51317,L,298.2,306.8,1776,35.1,68,0,0,0,0,0,0
2602,M10757,M,298.1,306.8,1689,34.5,71,0,0,0,0,0,0
2603,L51318,L,298.1,306.8,1628,44.1,73,0,0,0,0,0,0
2604,M10758,M,298.1,306.8,1613,44.3,76,0,0,0,0,0,0
2605,L51319,L,298.1,306.8,1624,38.9,78,0,0,0,0,0,0
2606,L51320,L,298.0,306.7,1510,46.8,80,0,0,0,0,0,0
2607,M10759,M,298.1,306.7,1788,27.1,83,0,0,0,0,0,0
2608,L51321,L,298.1,306.8,1574,37.0,85,0,0,0,0,0,0
2609,M10760,M,298.1,306.8,1606,49.6,88,0,0,0,0,0,0
2610,L51322,L,298.2,306.8,1563,49.6,90,0,0,0,0,0,0
2611,H70529,H,298.2,306.8,1675,48.4,95,0,0,0,0,0,0
2612,H70530,H,298.1,306.8,1566,50.2,100,0,0,0,0,0,0
2613,L51323,L,298.1,306.4,1579,36.3,102,0,0,0,0,0,0
2614,M10761,M,298.1,306.8,1828,22.9,105,0,0,0,0,0,0
2615,L51324,L,298.1,306.8,1589,37.4,107,0,0,0,0,0,0
2616,L51325,L,298.1,306.8,1631,46.4,109,0,0,0,0,0,0
2617,L51326,L,298.1,306.8,1723,48.0,111,0,0,0,0,0,0
2618,H70531,H,298.2,306.9,1612,34.7,116,0,0,0,0,0,0
2619,H70532,H,298.2,306.9,1691,30.3,121,0,0,0,0,0,0
2620,H70533,H,298.2,307.0,1656,31.3,126,0,0,0,0,0,0
2621,H70534,H,298.2,307.0,1690,34.6,131,0,0,0,0,0,0
2622,H70535,H,298.1,306.9,1742,21.0,136,0,0,0,0,0,0
2623,L51327,L,298.2,306.9,1760,34.7,138,0,0,0,0,0,0
2624,H70536,H,298.1,306.9,1592,40.5,143,0,0,0,0,0,0
2625,M10762,M,298.1,306.9,1770,39.0,6,0,0,0,0,0,0
2626,L51328,L,298.1,306.8,1812,36.7,8,0,0,0,0,0,0
2627,M10763,M,298.0,306.8,1359,33.1,11,0,0,0,0,0,0
2628,L51329,L,298.0,306.8,1609,34.3,7,0,0,0,0,0,0
2629,L51330,L,298.0,306.8,1675,34.4,9,0,0,0,0,0,0
2630,L51331,L,298.0,306.8,1602,47.1,11,0,0,0,0,0,0
2631,L51332,L,298.0,306.8,1810,40.0,13,0,0,0,0,0,0
2632,L51333,L,298.0,306.8,1476,71.7,15,1,0,0,1,0,0
2633,H70537,H,298.0,306.8,1792,36.7,20,0,0,0,0,0,0
2634,M10764,M,298.0,306.8,1637,44.4,23,0,0,0,0,0,0
2635,M10765,M,298.0,306.8,1670,36.9,26,0,0,0,0,0,0
2636,L51334,L,298.0,306.8,1635,36.7,28,0,0,0,0,0,0
2637,L51335,L,298.0,306.8,1545,55.6,30,0,0,0,0,0,0
2638,L51336,L,298.0,306.8,1678,50.0,32,0,0,0,0,0,0
2639,H70538,H,298.0,306.8,1675,22.5,37,0,0,0,0,0,0
2640,L51337,L,298.0,306.8,1790,29.8,39,0,0,0,0,0,0
2641,M10766,M,298.0,306.8,1787,38.6,42,0,0,0,0,0,0
2642,M10767,M,298.0,306.8,1624,34.8,45,0,0,0,0,0,0
2643,M10768,M,298.0,306.8,1837,24.9,48,0,0,0,0,0,0
2644,H70539,H,298.0,306.7,1738,41.2,53,0,0,0,0,0,0
2645,L51338,L,298.0,306.8,1826,21.2,55,0,0,0,0,0,0
2646,H70540,H,297.9,306.7,1586,41.3,60,0,0,0,0,0,0
2647,M10769,M,297.9,306.6,1601,47.3,63,0,0,0,0,0,0
2648,M10770,M,297.9,306.6,1594,48.7,66,0,0,0,0,0,0
2649,M10771,M,297.9,306.6,1846,38.6,69,0,0,0,0,0,0
2650,H70541,H,297.9,306.6,1571,55.1,74,1,0,0,1,0,0
2651,H70542,H,297.9,306.6,1616,43.3,79,0,0,0,0,0,0
2652,L51339,L,297.8,306.6,1503,48.5,81,0,0,0,0,0,0
2653,H70543,H,297.9,306.6,1601,32.6,86,0,0,0,0,0,0
2654,M10772,M,297.9,306.6,1509,55.2,89,0,0,0,0,0,0
2655,L51340,L,297.8,306.6,1683,40.0,91,0,0,0,0,0,0
2656,H70544,H,297.8,306.6,1440,55.8,96,0,0,0,0,0,0
2657,L51341,L,297.8,306.6,1519,53.6,98,0,0,0,0,0,0
2658,M10773,M,297.8,306.6,1469,42.6,101,0,0,0,0,0,0
2659,L51342,L,297.8,306.6,2175,44.1,103,1,0,0,1,0,0
2660,L51343,L,297.9,306.6,1669,38.2,105,0,0,0,0,0,0
2661,H70545,H,297.9,306.6,1721,31.8,110,0,0,0,0,0,0
2662,L51344,L,297.8,306.6,1521,46.0,112,0,0,0,0,0,0
2663,L51345,L,297.8,306.5,1726,45.4,114,0,0,0,0,0,0
2664,L51346,L,297.8,306.6,1869,23.8,116,0,0,0,0,0,0
2665,L51347,L,297.8,306.5,1660,39.2,118,0,0,0,0,0,0
2666,H70546,H,297.8,306.5,1562,48.7,123,0,0,0,0,0,0
2667,H70547,H,297.8,306.5,1623,54.7,128,1,0,0,1,0,0
2668,L51348,L,297.8,306.5,1678,47.3,130,0,0,0,0,0,0
2669,M10774,M,297.8,306.5,1807,24.8,133,0,0,0,0,0,0
2670,L51349,L,297.8,306.5,1765,29.5,135,0,0,0,0,0,0
2671,M10775,M,297.8,306.3,1755,36.5,138,0,0,0,0,0,0
2672,L51350,L,297.8,306.5,1515,54.0,140,0,0,0,0,0,0
2673,L51351,L,297.8,306.5,1764,33.9,142,0,0,0,0,0,0
2674,L51352,L,297.8,306.6,1554,50.6,144,0,0,0,0,0,0
2675,M10776,M,297.9,306.6,1457,33.8,147,0,0,0,0,0,0
2676,M10777,M,297.8,306.6,1581,45.3,150,0,0,0,0,0,0
2677,L51353,L,297.8,306.5,1649,30.6,152,0,0,0,0,0,0
2678,H70548,H,297.8,306.5,1682,38.1,157,0,0,0,0,0,0
2679,M10778,M,297.8,306.5,1784,28.7,160,0,0,0,0,0,0
2680,L51354,L,297.8,306.5,1592,54.4,162,1,0,0,1,0,0
2681,H70549,H,297.7,306.5,1867,33.1,167,0,0,0,0,0,0
2682,H70550,H,297.7,305.9,1683,24.5,172,0,0,0,0,0,0
2683,L51355,L,297.7,306.4,1556,23.7,174,0,0,0,0,0,0
2684,M10779,M,297.7,306.4,1679,39.1,177,0,0,0,0,0,0
2685,L51356,L,297.7,306.4,1625,35.4,179,0,0,0,0,0,0
2686,M10780,M,297.7,306.4,1519,46.5,182,0,0,0,0,0,0
2687,L51357,L,297.7,306.4,1635,37.6,184,0,0,0,0,0,0
2688,M10781,M,297.6,306.3,1519,51.7,187,0,0,0,0,0,0
2689,L51358,L,297.7,306.4,1608,36.1,189,0,0,0,0,0,0
2690,M10782,M,297.7,306.4,1734,50.3,192,1,0,0,1,0,0
2691,H70551,H,297.6,306.4,1711,30.5,197,0,0,0,0,0,0
2692,L51359,L,297.6,306.3,1704,25.0,199,0,0,0,0,0,0
2693,H70552,H,297.6,306.3,1837,31.8,204,1,1,0,0,0,0
2694,H70553,H,297.6,306.3,1682,28.7,209,0,0,0,0,0,0
2695,H70554,H,297.7,306.4,1604,27.6,214,0,0,0,0,0,0
2696,L51360,L,297.7,306.4,1509,44.1,216,0,0,0,0,0,0
2697,H70555,H,297.7,306.4,1307,37.4,221,0,0,0,0,0,0
2698,L51361,L,297.7,306.4,1495,41.4,223,1,1,0,0,0,0
2699,L51362,L,297.6,306.3,1517,45.3,225,1,1,0,0,0,0
2700,H70556,H,297.7,306.3,1703,23.1,230,0,0,0,0,0,0
2701,M10783,M,297.7,306.4,1722,45.7,233,0,0,0,0,0,0
2702,M10784,M,297.7,306.4,1829,27.9,236,0,0,0,0,0,0
2703,L51363,L,297.7,306.4,1739,34.2,238,0,0,0,0,0,0
2704,H70557,H,297.7,306.4,1748,21.1,243,0,0,0,0,0,0
2705,M10785,M,297.7,306.4,1565,46.5,246,0,0,0,0,0,0
2706,L51364,L,297.7,306.4,1773,23.1,248,0,0,0,0,0,0
2707,H70558,H,297.7,306.4,1873,28.0,253,0,0,0,0,0,0
2708,L51365,L,297.7,306.4,1721,28.7,7,0,0,0,0,0,0
2709,L51366,L,297.7,306.4,1615,38.7,9,0,0,0,0,0,0
2710,M10786,M,297.7,306.4,1644,38.4,12,0,0,0,0,0,0
2711,H70559,H,297.7,306.4,1584,48.1,17,0,0,0,0,0,0
2712,L51367,L,297.7,306.4,1705,39.0,19,0,0,0,0,0,0
2713,L51368,L,297.7,306.4,1531,49.7,21,0,0,0,0,0,0
2714,L51369,L,297.7,306.4,1667,43.8,23,0,0,0,0,0,0
2715,H70560,H,297.7,306.4,1750,30.5,28,0,0,0,0,0,0
2716,L51370,L,297.7,306.4,1716,33.3,30,0,0,0,0,0,0
2717,M10787,M,297.7,306.3,1474,55.1,33,0,0,0,0,0,0
2718,H70561,H,297.7,306.4,1573,52.3,38,0,0,0,0,0,0
2719,L51371,L,297.7,306.3,1210,48.2,40,0,0,0,0,0,0
2720,M10788,M,297.6,306.3,1594,49.6,43,0,0,0,0,0,0
2721,M10789,M,297.6,306.3,1566,44.7,46,0,0,0,0,0,0
2722,H70562,H,297.7,306.3,1744,43.4,51,0,0,0,0,0,0
2723,L51372,L,297.7,306.3,1664,40.5,53,0,0,0,0,0,0
2724,L51373,L,297.7,306.3,1416,57.0,55,0,0,0,0,0,0
2725,L51374,L,297.7,306.4,1554,35.4,57,0,0,0,0,0,0
2726,M10790,M,297.7,306.3,1746,42.4,60,0,0,0,0,0,0
2727,M10791,M,297.7,306.3,1723,22.9,63,0,0,0,0,0,0
2728,L51375,L,297.7,306.3,1689,25.7,65,0,0,0,0,0,0
2729,L51376,L,297.7,306.3,1657,58.2,67,1,0,0,1,0,0
2730,H70563,H,297.6,306.3,1604,46.2,72,0,0,0,0,0,0
2731,L51377,L,297.6,306.3,1553,37.9,74,0,0,0,0,0,0
2732,L51378,L,297.6,306.3,1544,40.8,76,0,0,0,0,0,0
2733,M10792,M,297.6,306.3,1777,26.4,79,0,0,0,0,0,0
2734,L51379,L,297.7,306.4,1855,35.7,81,0,0,0,0,0,0
2735,L51380,L,297.7,306.4,1801,25.4,83,0,0,0,0,0,0
2736,L51381,L,297.7,306.4,1631,37.0,85,0,0,0,0,0,0
2737,L51382,L,297.7,306.4,1594,46.8,87,0,0,0,0,0,0
2738,M10793,M,297.7,306.4,1631,44.5,90,0,0,0,0,0,0
2739,M10794,M,297.6,306.3,1386,55.9,93,0,0,0,0,0,0
2740,M10795,M,297.6,306.3,1637,42.9,96,0,0,0,0,0,0
2741,L51383,L,297.6,306.3,1831,15.2,98,1,0,0,1,0,0
2742,H70564,H,297.7,306.4,1708,59.5,103,1,0,0,1,0,0
2743,L51384,L,297.7,306.4,1792,31.6,105,0,0,0,0,0,0
2744,M10796,M,297.6,306.3,1815,41.6,108,0,0,0,0,0,0
2745,L51385,L,297.6,306.3,1796,41.0,110,0,0,0,0,0,0
2746,M10797,M,297.6,306.3,1763,42.4,113,0,0,0,0,0,0
2747,L51386,L,297.6,306.3,1650,40.5,115,0,0,0,0,0,0
2748,L51387,L,297.6,306.3,1678,40.7,117,0,0,0,0,0,0
2749,L51388,L,297.6,306.3,1568,26.8,119,0,0,0,0,0,0
2750,L51389,L,297.6,306.3,1527,65.9,121,1,0,0,1,0,0
2751,L51390,L,297.6,306.3,1667,46.5,123,0,0,0,0,0,0
2752,M10798,M,297.6,306.3,1622,40.5,126,0,0,0,0,0,0
2753,H70565,H,297.6,306.4,1415,58.4,131,0,0,0,0,0,0
2754,L51391,L,297.6,306.3,1848,29.3,133,0,0,0,0,0,0
2755,H70566,H,297.6,306.3,1641,48.7,138,0,0,0,0,0,0
2756,M10799,M,297.6,306.3,1834,34.4,141,0,0,0,0,0,0
2757,H70567,H,297.6,306.3,1696,44.0,146,0,0,0,0,0,0
2758,M10800,M,297.6,306.3,1751,44.2,149,0,0,0,0,0,0
2759,M10801,M,297.6,306.3,1876,16.6,152,1,0,0,1,0,0
2760,M10802,M,297.6,306.3,1663,25.7,155,0,0,0,0,0,0
2761,M10803,M,297.7,306.4,1522,55.9,158,0,0,0,0,0,0
2762,H70568,H,297.7,306.4,1625,37.5,163,0,0,0,0,0,0
2763,L51392,L,297.7,306.4,1459,60.0,165,1,0,0,1,0,0
2764,L51393,L,297.8,306.5,1741,53.1,167,1,0,0,1,0,0
2765,L51394,L,297.8,306.5,1665,37.8,169,0,0,0,0,0,0
2766,H70569,H,297.8,306.6,1707,36.9,174,0,0,0,0,0,0
2767,L51395,L,297.8,306.6,1444,56.5,176,0,0,0,0,0,0
2768,M10804,M,297.8,306.6,1614,61.0,179,1,0,0,1,0,0
2769,H70570,H,297.8,306.6,1628,37.1,184,0,0,0,0,0,0
2770,H70571,H,297.8,306.6,1684,55.4,189,1,0,0,1,0,0
2771,L51396,L,297.8,306.6,1535,50.3,191,0,0,0,0,0,0
2772,M10805,M,297.9,306.6,1707,52.0,194,1,0,0,1,0,0
2773,H70572,H,297.9,306.6,1729,41.0,199,0,0,0,0,0,0
2774,L51397,L,297.9,306.6,1643,33.3,201,0,0,0,0,0,0
2775,M10806,M,297.8,306.5,1832,29.5,204,1,1,0,0,0,0
2776,L51398,L,297.8,306.6,1821,27.0,206,0,0,0,0,0,0
2777,M10807,M,297.8,306.6,1595,59.1,209,1,0,0,1,1,0
2778,M10808,M,297.8,306.6,1560,40.1,212,0,0,0,0,0,0
2779,L51399,L,297.8,306.5,1782,28.6,214,0,0,0,0,0,0
2780,L51400,L,297.8,306.5,1604,50.0,216,1,1,0,0,0,0
2781,L51401,L,297.7,306.5,2099,35.2,218,0,0,0,0,0,0
2782,L51402,L,297.7,306.4,1690,33.5,220,0,0,0,0,0,0
2783,M10809,M,297.7,306.4,1540,60.7,223,1,0,0,1,1,0
2784,L51403,L,297.7,306.4,1641,26.7,225,0,0,0,0,0,0
2785,L51404,L,297.8,306.5,1501,42.4,227,0,0,0,0,0,0
2786,M10810,M,297.8,306.6,1526,34.1,230,0,0,0,0,0,0
2787,M10811,M,297.8,306.6,1716,32.5,233,0,0,0,0,0,0
2788,M10812,M,297.8,306.6,1508,25.4,236,0,0,0,0,0,0
2789,H70573,H,297.8,306.6,1712,40.6,241,0,0,0,0,0,0
2790,L51405,L,297.8,306.6,1741,31.3,243,0,0,0,0,0,0
2791,H70574,H,297.8,306.6,1592,45.9,248,0,0,0,0,0,0
2792,L51406,L,297.8,306.6,1745,39.5,250,0,0,0,0,0,0
2793,M10813,M,297.8,306.6,1643,36.9,253,0,0,0,0,0,0
2794,H70575,H,297.9,306.6,1733,31.3,14,0,0,0,0,0,0
2795,H70576,H,297.9,306.6,1399,54.3,19,0,0,0,0,0,0
2796,M10814,M,297.8,306.6,1410,47.4,22,0,0,0,0,0,0
2797,M10815,M,297.8,306.6,1664,33.2,25,0,0,0,0,0,0
2798,L51407,L,297.8,306.5,1759,26.4,27,0,0,0,0,0,0
2799,M10816,M,297.8,306.5,1834,21.1,30,0,0,0,0,0,0
2800,M10817,M,297.8,306.5,1575,51.4,33,0,0,0,0,0,0
2801,H70577,H,297.8,306.5,2045,49.1,38,1,0,0,1,0,0
2802,L51408,L,297.8,306.5,1666,50.5,40,0,0,0,0,0,0
2803,L51409,L,297.8,306.5,1645,38.8,42,0,0,0,0,0,0
2804,M10818,M,297.8,306.5,1661,48.1,45,0,0,0,0,0,0
2805,L51410,L,297.8,306.5,1495,50.3,47,0,0,0,0,0,0
2806,L51411,L,297.8,306.5,1505,39.3,49,0,0,0,0,0,0
2807,L51412,L,297.8,306.5,1621,36.4,51,0,0,0,0,0,0
2808,M10819,M,297.8,306.6,1770,30.2,54,0,0,0,0,0,0
2809,L51413,L,297.8,306.6,1564,44.3,56,0,0,0,0,0,0
2810,L51414,L,297.8,306.5,1679,45.6,58,0,0,0,0,0,0
2811,L51415,L,297.9,306.6,1579,35.9,60,0,0,0,0,0,0
2812,H70578,H,297.9,306.6,1613,37.1,65,0,0,0,0,0,0
2813,M10820,M,297.9,306.6,1683,37.8,68,0,0,0,0,0,0
2814,L51416,L,297.9,306.7,1549,47.9,70,0,0,0,0,0,0
2815,L51417,L,298.0,306.7,1677,26.3,72,0,0,0,0,0,0
2816,M10821,M,298.0,306.7,1473,28.9,75,0,0,0,0,0,0
2817,L51418,L,298.1,306.8,1782,29.1,77,0,0,0,0,0,0
2818,M10822,M,298.1,306.8,1647,38.5,80,0,0,0,0,0,0
2819,L51419,L,298.1,306.9,1549,43.2,82,0,0,0,0,0,0
2820,H70579,H,298.2,306.9,1871,29.3,87,0,0,0,0,0,0
2821,L51420,L,298.2,306.9,1532,49.1,89,0,0,0,0,0,0
2822,M10823,M,298.2,306.9,1528,54.6,92,0,0,0,0,0,0
2823,L51421,L,298.2,307.0,1542,44.1,94,0,0,0,0,0,0
2824,H70580,H,298.3,307.0,1341,51.2,99,0,0,0,0,0,0
2825,H70581,H,298.2,307.0,1827,30.8,104,0,0,0,0,0,0
2826,M10824,M,298.2,307.0,1816,31.1,107,0,0,0,0,0,0
2827,L51422,L,298.2,306.9,1742,45.1,109,0,0,0,0,0,0
2828,L51423,L,298.1,306.9,1598,39.6,111,0,0,0,0,0,0
2829,H70582,H,298.1,306.9,1847,31.1,116,0,0,0,0,0,0
2830,M10825,M,298.1,306.9,1558,54.3,119,0,0,0,0,0,0
2831,L51424,L,298.2,307.0,1496,43.0,121,0,0,0,0,0,0
2832,L51425,L,298.3,307.0,1575,47.0,123,0,0,0,0,0,0
2833,L51426,L,298.2,307.0,1714,33.3,125,0,0,0,0,0,0
2834,H70583,H,298.2,307.0,1505,56.8,130,0,0,0,0,0,0
2835,M10826,M,298.3,307.0,1671,38.4,133,0,0,0,0,0,0
2836,M10827,M,298.3,307.0,1645,50.2,136,0,0,0,0,0,0
2837,M10828,M,298.3,307.0,1717,34.2,139,0,0,0,0,0,0
2838,L51427,L,298.3,307.0,1700,41.7,141,0,0,0,0,0,0
2839,L51428,L,298.2,307.0,1605,45.6,143,0,0,0,0,0,0
2840,L51429,L,298.2,306.9,1481,60.0,145,1,0,0,1,0,0
2841,M10829,M,298.2,307.0,1541,35.6,148,0,0,0,0,0,0
2842,L51430,L,298.2,307.0,1632,42.0,150,0,0,0,0,0,0
2843,L51431,L,298.2,307.0,1571,45.9,152,0,0,0,0,0,0
2844,L51432,L,298.2,306.9,1713,25.9,154,0,0,0,0,0,0
2845,L51433,L,298.1,306.9,1577,18.3,156,1,0,0,1,0,0
2846,M10830,M,298.2,307.0,1565,30.0,159,0,0,0,0,0,0
2847,L51434,L,298.2,306.9,1646,49.7,161,0,0,0,0,0,0
2848,L51435,L,298.2,307.0,1414,57.2,163,0,0,0,0,0,0
2849,M10831,M,298.2,307.0,1681,30.8,166,0,0,0,0,0,0
2850,L51436,L,298.2,307.0,1638,27.8,168,0,0,0,0,0,0
2851,L51437,L,298.2,307.0,1490,55.3,170,0,0,0,0,0,0
2852,L51438,L,298.2,307.0,1687,34.3,172,0,0,0,0,0,0
2853,H70584,H,298.2,306.9,1672,36.3,177,0,0,0,0,0,0
2854,L51439,L,298.3,307.0,1623,54.6,179,1,0,0,1,0,0
2855,M10832,M,298.2,307.0,1483,52.9,182,0,0,0,0,0,0
2856,H70585,H,298.3,307.0,1522,49.3,187,0,0,0,0,0,0
2857,M10833,M,298.3,307.0,1840,22.9,190,0,0,0,0,0,0
2858,L51440,L,298.3,307.1,1695,27.4,192,0,0,0,0,0,0
2859,M10834,M,298.3,307.1,1625,51.2,195,0,0,0,0,0,0
2860,L51441,L,298.4,307.1,1589,43.2,197,0,0,0,0,0,0
2861,L51442,L,298.3,307.1,1731,32.2,199,0,0,0,0,0,0
2862,M10835,M,298.3,307.1,1444,36.6,202,0,0,0,0,0,0
2863,L51443,L,298.4,307.2,1696,51.1,204,1,0,0,1,0,0
2864,L51444,L,298.4,307.2,1530,55.3,206,1,0,0,0,1,0
2865,L51445,L,298.5,307.2,1538,39.9,208,0,0,0,0,0,0
2866,L51446,L,298.5,307.2,1590,33.1,210,0,0,0,0,0,0
2867,L51447,L,298.5,307.2,1641,37.2,212,0,0,0,0,0,0
2868,M10836,M,298.4,307.2,1570,53.4,215,0,0,0,0,0,0
2869,H70586,H,298.4,307.2,1594,53.2,220,0,0,0,0,0,0
2870,L51448,L,298.3,307.1,1533,41.9,222,0,0,0,0,0,0
2871,M10837,M,298.3,307.1,1756,34.7,225,0,0,0,0,0,0
2872,L51449,L,298.3,307.1,1547,50.8,227,1,1,0,0,1,0
2873,L51450,L,298.3,307.1,1514,56.2,229,1,0,0,0,1,0
2874,L51451,L,298.3,307.1,1705,25.5,231,0,0,0,0,0,0
2875,L51452,L,298.3,307.1,1722,37.7,233,0,0,0,0,0,0
2876,L51453,L,298.3,307.1,2007,51.6,235,1,1,0,1,1,0
2877,L51454,L,298.3,307.1,1597,40.7,237,0,0,0,0,0,0
2878,L51455,L,298.3,307.1,1646,35.1,239,0,0,0,0,0,0
2879,M10838,M,298.3,307.1,1750,41.9,242,0,0,0,0,0,0
2880,L51456,L,298.3,307.1,1726,43.7,244,0,0,0,0,0,0
2881,L51457,L,298.3,307.1,1742,28.7,246,0,0,0,0,0,0
2882,L51458,L,298.3,307.1,1659,40.9,8,0,0,0,0,0,0
2883,M10839,M,298.2,307.1,1839,43.7,11,0,0,0,0,0,0
2884,L51459,L,298.2,307.0,1717,35.1,13,0,0,0,0,0,0
2885,M10840,M,298.2,307.1,1707,32.2,16,0,0,0,0,0,0
2886,L51460,L,298.3,307.1,1660,34.6,18,0,0,0,0,0,0
2887,L51461,L,298.3,307.1,1733,30.3,20,0,0,0,0,0,0
2888,H70587,H,298.3,307.1,1332,48.5,25,0,0,0,0,0,0
2889,L51462,L,298.2,307.1,1794,30.2,27,0,0,0,0,0,0
2890,L51463,L,298.2,307.0,1526,41.9,29,0,0,0,0,0,0
2891,L51464,L,298.2,307.0,1605,36.3,31,0,0,0,0,0,0
2892,H70588,H,298.3,307.1,1561,32.9,36,0,0,0,0,0,0
2893,M10841,M,298.3,307.0,1512,53.7,39,0,0,0,0,0,0
2894,M10842,M,298.2,307.0,1626,38.7,42,0,0,0,0,0,0
2895,H70589,H,298.3,306.2,1765,33.3,47,0,0,0,0,0,0
2896,L51465,L,298.3,307.0,1806,32.3,49,0,0,0,0,0,0
2897,H70590,H,298.4,307.1,1807,43.4,54,0,0,0,0,0,0
2898,L51466,L,298.3,307.1,2036,48.3,56,1,0,0,1,0,0
2899,M10843,M,298.3,307.1,1564,52.7,59,0,0,0,0,0,0
2900,L51467,L,298.3,307.1,1729,38.3,61,0,0,0,0,0,0
2901,L51468,L,298.3,307.1,1585,37.7,63,0,0,0,0,0,0
2902,H70591,H,298.3,307.1,1556,41.3,68,0,0,0,0,0,0
2903,L51469,L,298.4,307.1,1608,41.7,70,0,0,0,0,0,0
2904,H70592,H,298.4,307.1,1687,32.3,75,0,0,0,0,0,0
2905,L51470,L,298.4,307.1,1388,54.6,77,0,0,0,0,0,0
2906,M10844,M,298.4,307.1,1745,40.2,0,0,0,0,0,0,0
2907,H70593,H,298.4,307.1,1644,45.3,5,0,0,0,0,0,0
2908,L51471,L,298.4,307.1,1700,44.2,7,0,0,0,0,0,0
2909,H70594,H,298.3,307.1,1488,44.0,12,0,0,0,0,0,0
2910,M10845,M,298.3,307.0,1642,30.0,15,0,0,0,0,0,0
2911,M10846,M,298.3,307.0,1586,39.9,18,0,0,0,0,0,0
2912,L51472,L,298.3,307.1,1513,62.8,20,1,0,0,1,0,0
2913,M10847,M,298.3,307.0,1564,55.9,23,1,0,0,1,0,0
2914,M10848,M,298.3,307.1,1720,41.6,26,0,0,0,0,0,0
2915,L51473,L,298.3,307.1,1678,36.3,28,0,0,0,0,0,0
2916,L51474,L,298.4,307.1,1699,17.8,30,1,0,0,1,0,0
2917,L51475,L,298.3,307.0,1873,35.0,32,0,0,0,0,0,0
2918,H70595,H,298.3,307.1,1630,39.2,37,0,0,0,0,0,0
2919,L51476,L,298.3,307.1,1585,36.8,39,0,0,0,0,0,0
2920,M10849,M,298.4,307.1,1143,37.5,42,0,0,0,0,0,0
2921,H70596,H,298.3,307.1,1626,46.2,47,0,0,0,0,0,0
2922,L51477,L,298.3,307.1,1764,30.0,49,0,0,0,0,0,0
2923,L51478,L,298.3,307.1,1533,42.7,51,0,0,0,0,0,0
2924,M10850,M,298.3,307.1,1712,38.9,54,0,0,0,0,0,0
2925,L51479,L,298.3,307.0,1703,31.2,56,0,0,0,0,0,0
2926,M10851,M,298.2,307.0,1403,56.7,59,0,0,0,0,0,0
2927,M10852,M,298.2,307.0,1667,47.5,62,0,0,0,0,0,0
2928,M10853,M,298.2,307.0,1667,32.1,65,0,0,0,0,0,0
2929,L51480,L,298.2,307.0,1522,45.2,67,0,0,0,0,0,0
2930,M10854,M,298.1,306.9,1808,26.1,70,0,0,0,0,0,0
2931,M10855,M,298.1,306.9,1769,33.4,73,0,0,0,0,0,0
2932,L51481,L,298.2,306.9,1478,53.3,75,0,0,0,0,0,0
2933,M10856,M,298.2,306.9,1658,43.5,78,0,0,0,0,0,0
2934,H70597,H,298.2,306.9,1654,42.7,83,0,0,0,0,0,0
2935,M10857,M,298.2,306.9,1593,49.9,86,0,0,0,0,0,0
2936,L51482,L,298.2,306.9,1572,46.1,88,0,0,0,0,0,0
2937,L51483,L,298.2,306.9,1650,37.3,90,0,0,0,0,0,0
2938,L51484,L,298.3,307.0,1686,49.4,92,0,0,0,0,0,0
2939,L51485,L,298.3,307.0,1775,23.1,94,0,0,0,0,0,0
2940,L51486,L,298.4,307.1,1511,33.3,96,0,0,0,0,0,0
2941,H70598,H,298.4,307.1,1462,39.0,101,0,0,0,0,0,0
2942,L51487,L,298.3,307.1,1454,45.5,103,0,0,0,0,0,0
2943,H70599,H,298.3,307.1,1545,36.8,108,0,0,0,0,0,0
2944,L51488,L,298.3,307.1,1325,22.2,110,1,0,0,1,0,0
2945,L51489,L,298.4,307.1,1709,20.8,112,0,0,0,0,0,0
2946,L51490,L,298.4,307.1,1648,39.3,114,0,0,0,0,0,0
2947,L51491,L,298.3,307.1,1672,35.2,116,0,0,0,0,0,0
2948,M10858,M,298.3,307.1,1693,30.9,119,0,0,0,0,0,0
2949,H70600,H,298.3,307.1,1809,29.2,124,0,0,0,0,0,0
2950,H70601,H,298.4,307.1,1492,41.3,129,0,0,0,0,0,0
2951,L51492,L,298.4,307.1,1612,53.0,131,0,0,0,0,0,0
2952,M10859,M,298.3,307.1,1673,41.3,134,0,0,0,0,0,0
2953,L51493,L,298.3,307.0,1468,53.2,136,0,0,0,0,0,0
2954,H70602,H,298.3,307.1,1717,36.3,141,0,0,0,0,0,0
2955,M10860,M,298.3,307.1,1660,44.4,144,0,0,0,0,0,0
2956,L51494,L,298.3,307.1,1576,53.5,146,0,0,0,0,0,0
2957,L51495,L,298.4,307.2,1441,38.4,148,0,0,0,0,0,0
2958,L51496,L,298.5,307.3,1735,40.3,150,0,0,0,0,0,0
2959,L51497,L,298.5,307.3,1690,36.3,152,0,0,0,0,0,0
2960,H70603,H,298.5,307.3,1656,45.9,157,0,0,0,0,0,0
2961,M10861,M,298.4,307.3,1298,49.0,160,0,0,0,0,0,0
2962,H70604,H,298.4,307.2,1584,43.5,165,0,0,0,0,0,0
2963,L51498,L,298.4,307.2,1533,37.7,167,0,0,0,0,0,0
2964,M10862,M,298.3,307.1,1844,25.0,170,0,0,0,0,0,0
2965,L51499,L,298.3,307.1,1553,39.5,172,0,0,0,0,0,0
2966,M10863,M,298.3,307.1,1793,38.1,175,0,0,0,0,0,0
2967,L51500,L,298.3,307.1,1723,42.4,177,0,0,0,0,0,0
2968,L51501,L,298.3,307.1,1664,41.2,179,0,0,0,0,0,0
2969,M10864,M,298.3,307.1,1670,55.7,182,1,0,0,1,0,0
2970,L51502,L,298.4,307.2,1601,33.0,184,0,0,0,0,0,0
2971,L51503,L,298.3,307.1,1663,24.2,186,0,0,0,0,0,0
2972,M10865,M,298.3,307.1,1792,28.6,189,0,0,0,0,0,0
2973,L51504,L,298.3,307.1,1598,33.7,191,0,0,0,0,0,0
2974,H70605,H,298.4,307.1,1474,50.8,196,0,0,0,0,0,0
2975,M10866,M,298.4,307.1,1689,27.0,199,0,0,0,0,0,0
2976,H70606,H,298.3,307.1,1631,28.4,204,1,1,0,0,0,0
2977,M10867,M,298.3,307.1,1796,44.1,207,1,1,0,0,0,0
2978,M10868,M,298.3,307.1,2096,48.5,210,1,0,0,1,0,0
2979,M10869,M,298.3,307.1,1679,24.5,213,0,0,0,0,0,0
2980,H70607,H,298.3,307.1,1652,22.3,218,0,0,0,0,0,0
2981,M10870,M,298.2,307.0,1721,32.1,221,0,0,0,0,0,0
2982,L51505,L,298.2,307.0,1723,46.6,223,0,0,0,0,0,0
2983,L51506,L,298.2,307.0,1669,41.4,225,0,0,0,0,0,0
2984,M10871,M,298.2,307.0,1603,32.5,228,0,0,0,0,0,0
2985,L51507,L,298.2,307.0,1482,47.4,230,0,0,0,0,0,0
2986,L51508,L,298.2,307.0,1610,41.2,232,0,0,0,0,0,0
2987,L51509,L,298.2,307.0,1684,38.9,234,0,0,0,0,0,0
2988,M10872,M,298.2,307.0,1692,23.9,237,1,1,0,0,0,0
2989,L51510,L,298.2,307.0,1781,32.3,239,0,0,0,0,0,0
2990,M10873,M,298.2,307.0,1596,59.6,242,1,0,0,1,1,0
2991,M10874,M,298.2,307.0,1689,36.6,245,0,0,0,0,0,0
2992,H70608,H,298.2,307.0,1745,30.4,250,0,0,0,0,0,0
2993,L51511,L,298.2,307.0,1545,36.2,252,0,0,0,0,0,0
2994,M10875,M,298.2,307.0,1599,41.2,3,0,0,0,0,0,0
2995,M10876,M,298.2,307.0,1510,48.8,6,0,0,0,0,0,0
2996,L51512,L,298.2,307.0,1652,46.2,8,0,0,0,0,0,0
2997,M10877,M,298.2,307.0,1593,33.2,11,0,0,0,0,0,0
2998,L51513,L,298.2,307.0,1591,52.7,13,0,0,0,0,0,0
2999,H70609,H,298.3,307.0,1593,48.1,18,0,0,0,0,0,0
3000,L51514,L,298.3,307.0,1727,35.5,20,0,0,0,0,0,0
3001,H70610,H,298.2,307.0,1549,38.7,25,0,0,0,0,0,0
3002,M10878,M,298.2,307.0,1659,46.0,28,0,0,0,0,0,0
3003,L51515,L,298.2,307.0,1498,50.7,30,0,0,0,0,0,0
3004,M10879,M,298.3,307.1,1642,24.8,33,0,0,0,0,0,0
3005,L51516,L,298.4,307.1,1634,40.7,35,0,0,0,0,0,0
3006,M10880,M,298.3,307.1,1759,39.7,38,0,0,0,0,0,0
3007,M10881,M,298.4,307.1,1604,34.3,41,0,0,0,0,0,0
3008,L51517,L,298.3,307.1,1520,34.2,43,0,0,0,0,0,0
3009,L51518,L,298.3,307.1,1510,50.5,45,0,0,0,0,0,0
3010,M10882,M,298.4,307.1,1588,45.3,48,0,0,0,0,0,0
3011,L51519,L,298.4,307.1,1709,61.1,50,1,0,0,1,0,0
3012,H70611,H,298.4,307.2,1715,34.3,55,0,0,0,0,0,0
3013,M10883,M,298.4,307.2,1575,41.4,58,0,0,0,0,0,0
3014,M10884,M,298.5,307.2,1621,43.1,61,0,0,0,0,0,0
3015,L51520,L,298.5,307.2,1745,49.0,63,0,0,0,0,0,0
3016,M10885,M,298.5,307.2,1558,53.6,66,0,0,0,0,0,0
3017,H70612,H,298.4,307.1,1625,40.9,71,0,0,0,0,0,0
3018,L51521,L,298.5,307.0,1670,29.1,73,0,0,0,0,0,0
3019,L51522,L,298.5,307.2,1750,32.9,75,0,0,0,0,0,0
3020,L51523,L,298.5,307.2,1595,41.4,77,0,0,0,0,0,0
3021,L51524,L,298.4,307.1,1670,51.2,79,0,0,0,0,0,0
3022,M10886,M,298.4,307.1,1821,25.5,82,0,0,0,0,0,0
3023,L51525,L,298.4,307.1,1766,28.3,84,0,0,0,0,0,0
3024,M10887,M,298.4,307.1,1590,47.6,87,0,0,0,0,0,0
3025,L51526,L,298.4,307.1,1591,27.1,89,0,0,0,0,0,0
3026,L51527,L,298.4,307.1,1688,28.7,91,0,0,0,0,0,0
3027,L51528,L,298.4,307.1,1531,51.4,93,0,0,0,0,0,0
3028,H70613,H,298.4,307.1,1591,37.8,98,0,0,0,0,0,0
3029,M10888,M,298.4,307.1,1644,37.0,101,0,0,0,0,0,0
3030,L51529,L,298.3,307.0,1622,53.7,103,1,0,0,1,0,0
3031,M10889,M,298.4,307.1,1649,29.4,106,0,0,0,0,0,0
3032,L51530,L,298.5,307.2,1592,27.4,108,0,0,0,0,0,0
3033,L51531,L,298.5,307.2,1479,56.3,110,0,0,0,0,0,0
3034,L51532,L,298.5,307.2,1790,42.3,112,0,0,0,0,0,0
3035,H70614,H,298.5,307.2,1314,46.8,117,0,0,0,0,0,0
3036,M10890,M,298.5,307.2,1580,36.9,2,0,0,0,0,0,0
3037,M10891,M,298.4,307.1,1772,38.9,5,0,0,0,0,0,0
3038,L51533,L,298.4,307.1,1665,33.0,7,0,0,0,0,0,0
3039,L51534,L,298.5,307.2,1838,43.2,9,0,0,0,0,0,0
3040,M10892,M,298.5,307.2,1630,48.3,12,0,0,0,0,0,0
3041,L51535,L,298.4,307.2,1691,42.0,14,0,0,0,0,0,0
3042,H70615,H,298.4,307.1,1670,50.6,19,0,0,0,0,0,0
3043,M10893,M,298.5,307.2,1749,46.6,22,0,0,0,0,0,0
3044,L51536,L,298.4,307.2,1665,29.5,24,0,0,0,0,0,0
3045,M10894,M,298.4,307.2,1783,38.6,27,0,0,0,0,0,0
3046,H70616,H,298.5,307.2,1617,35.5,32,0,0,0,0,0,0
3047,L51537,L,298.5,307.2,1578,47.5,34,0,0,0,0,0,0
3048,M10895,M,298.5,307.2,1627,44.6,37,0,0,0,0,0,0
3049,H70617,H,298.5,307.2,1726,41.3,42,0,0,0,0,0,0
3050,L51538,L,298.4,307.2,1568,50.1,44,0,0,0,0,0,0
3051,H70618,H,298.4,307.2,1896,21.3,49,0,0,0,0,0,0
3052,L51539,L,298.3,307.1,1801,34.0,51,0,0,0,0,0,0
3053,M10896,M,298.3,307.1,1681,34.8,54,0,0,0,0,0,0
3054,M10897,M,298.4,307.2,1550,42.5,57,0,0,0,0,0,0
3055,M10898,M,298.3,307.0,1711,45.5,60,0,0,0,0,0,0
3056,L51540,L,298.3,307.1,1461,40.0,62,0,0,0,0,0,0
3057,M10899,M,298.4,307.2,1785,26.9,65,0,0,0,0,0,0
3058,L51541,L,298.3,307.1,1555,44.1,67,0,0,0,0,0,0
3059,L51542,L,298.3,307.1,1756,41.3,69,0,0,0,0,0,0
3060,L51543,L,298.3,307.1,1602,25.3,71,0,0,0,0,0,0
3061,M10900,M,298.4,307.1,1606,37.0,74,0,0,0,0,0,0
3062,L51544,L,298.3,307.1,1670,43.7,76,0,0,0,0,0,0
3063,L51545,L,298.3,307.1,1618,56.5,78,1,0,0,1,0,0
3064,H70619,H,298.3,307.0,1650,29.1,83,0,0,0,0,0,0
3065,L51546,L,298.3,307.1,1579,47.9,85,0,0,0,0,0,0
3066,L51547,L,298.3,307.0,1792,29.2,87,0,0,0,0,0,0
3067,L51548,L,298.3,307.0,1807,27.3,89,0,0,0,0,0,0
3068,L51549,L,298.3,307.0,1681,27.9,91,0,0,0,0,0,0
3069,M10901,M,298.3,307.0,1564,46.1,94,0,0,0,0,0,0
3070,L51550,L,298.3,307.0,1170,41.3,96,0,0,0,0,0,0
3071,L51551,L,298.3,307.0,1689,36.9,98,0,0,0,0,0,0
3072,H70620,H,298.2,306.9,1699,44.6,103,0,0,0,0,0,0
3073,H70621,H,298.2,306.9,1661,40.4,108,0,0,0,0,0,0
3074,M10902,M,298.2,306.9,1561,41.1,111,0,0,0,0,0,0
3075,H70622,H,298.2,306.9,1827,37.0,116,0,0,0,0,0,0
3076,H70623,H,298.2,306.9,1514,29.7,121,0,0,0,0,0,0
3077,L51552,L,298.2,306.9,1641,56.9,123,1,0,0,1,0,0
3078,M10903,M,298.2,306.9,1597,54.0,126,1,0,0,1,0,0
3079,M10904,M,298.2,307.0,1609,55.9,129,1,0,0,1,0,0
3080,L51553,L,298.3,307.0,1607,34.6,131,0,0,0,0,0,0
3081,L51554,L,298.3,307.0,1672,33.2,133,0,0,0,0,0,0
3082,L51555,L,298.3,307.0,1698,35.9,135,0,0,0,0,0,0
3083,M10905,M,298.3,307.0,1586,50.7,138,0,0,0,0,0,0
3084,M10906,M,298.3,307.0,1489,40.0,141,0,0,0,0,0,0
3085,M10907,M,298.3,307.1,1832,34.6,144,0,0,0,0,0,0
3086,L51556,L,298.4,307.1,1690,43.6,146,0,0,0,0,0,0
3087,L51557,L,298.4,307.1,1691,32.6,148,0,0,0,0,0,0
3088,L51558,L,298.4,307.2,1729,26.4,150,0,0,0,0,0,0
3089,M10908,M,298.4,307.1,1795,41.3,153,0,0,0,0,0,0
3090,H70624,H,298.4,307.1,1610,34.8,158,0,0,0,0,0,0
3091,H70625,H,298.4,307.1,1564,39.9,163,0,0,0,0,0,0
3092,H70626,H,298.4,307.1,1866,13.2,168,1,0,0,1,0,0
3093,H70627,H,298.3,307.1,1738,31.1,173,0,0,0,0,0,0
3094,H70628,H,298.2,307.0,1561,39.5,178,0,0,0,0,0,0
3095,L51559,L,298.2,307.0,1827,24.8,180,0,0,0,0,0,0
3096,L51560,L,298.3,307.0,1754,25.2,182,0,0,0,0,0,0
3097,L51561,L,298.2,307.0,1567,40.4,184,0,0,0,0,0,0
3098,L51562,L,298.3,307.1,1658,47.0,186,0,0,0,0,0,0
3099,L51563,L,298.3,307.1,1727,31.1,188,0,0,0,0,0,0
3100,L51564,L,298.3,307.1,1656,37.4,190,0,0,0,0,0,0
3101,H70629,H,298.3,307.1,1697,37.6,195,0,0,0,0,0,0
3102,L51565,L,298.3,307.0,1788,24.4,197,0,0,0,0,0,0
3103,H70630,H,298.3,307.1,1671,51.8,202,1,0,0,1,0,0
3104,M10909,M,298.4,307.2,1669,38.2,205,1,1,0,0,0,0
3105,M10910,M,298.4,307.2,1635,38.3,208,1,1,0,0,0,0
3106,M10911,M,298.4,307.1,1652,43.7,211,1,1,0,0,0,0
3107,L51566,L,298.3,307.1,1838,24.4,213,0,0,0,0,0,0
3108,M10912,M,298.3,307.1,1659,49.2,216,0,0,0,0,0,0
3109,L51567,L,298.3,307.1,1566,50.5,218,1,1,0,0,1,0
3110,H70631,H,298.4,307.2,1648,41.4,223,1,1,0,0,0,0
3111,L51568,L,298.4,307.2,1776,44.6,225,0,0,0,0,0,0
3112,L51569,L,298.4,307.1,1734,36.7,227,1,1,0,0,0,0
3113,M10913,M,298.4,307.2,1619,48.6,230,0,0,0,0,0,0
3114,M10914,M,298.4,307.1,1795,31.8,233,0,0,0,0,0,0
3115,L51570,L,298.4,307.1,1603,39.7,235,0,0,0,0,0,0
3116,M10915,M,298.4,307.2,1678,40.3,238,1,1,0,0,0,0
3117,L51571,L,298.4,307.1,1821,39.6,240,1,1,0,0,0,0
3118,M10916,M,298.4,307.1,1653,50.7,243,1,0,0,0,1,0
3119,L51572,L,298.3,306.8,1682,61.9,245,1,0,0,1,1,0
3120,L51573,L,298.4,307.1,1648,38.9,247,0,0,0,0,0,0
3121,L51574,L,298.5,307.2,1583,44.7,249,1,0,0,0,1,0
3122,L51575,L,298.5,307.1,1796,32.0,251,0,0,0,0,0,0
3123,L51576,L,298.5,307.1,1432,50.3,253,1,0,0,0,1,0
3124,L51577,L,298.4,307.1,1693,34.8,16,0,0,0,0,0,0
3125,L51578,L,298.4,307.1,1579,71.5,18,1,0,0,1,0,0
3126,L51579,L,298.4,307.1,1788,23.3,20,0,0,0,0,0,0
3127,M10917,M,298.4,307.1,1349,61.5,23,0,0,0,0,0,0
3128,L51580,L,298.4,307.1,1477,49.9,25,0,0,0,0,0,0
3129,M10918,M,298.4,307.1,1698,28.8,10,0,0,0,0,0,0
3130,H70632,H,298.4,307.1,1572,63.2,15,1,0,0,1,0,0
3131,L51581,L,298.4,307.1,1745,30.7,17,0,0,0,0,0,0
3132,H70633,H,298.4,307.1,1666,36.9,22,0,0,0,0,0,0
3133,L51582,L,298.4,307.1,1783,27.0,24,0,0,0,0,0,0
3134,L51583,L,298.4,307.1,1697,38.5,26,0,0,0,0,0,0
3135,M10919,M,298.3,307.0,1641,39.5,29,0,0,0,0,0,0
3136,M10920,M,298.4,307.1,1655,48.3,32,0,0,0,0,0,0
3137,H70634,H,298.4,307.1,1465,64.4,37,1,0,0,1,0,0
3138,L51584,L,298.4,307.1,1734,34.9,39,0,0,0,0,0,0
3139,M10921,M,298.4,307.1,1717,12.5,42,1,0,0,1,0,0
3140,L51585,L,298.4,307.1,1660,46.5,44,0,0,0,0,0,0
3141,L51586,L,298.4,307.0,1720,34.5,46,0,0,0,0,0,0
3142,L51587,L,298.4,307.0,1529,58.2,48,1,0,0,1,0,0
3143,H70635,H,298.3,307.0,1709,39.7,53,0,0,0,0,0,0
3144,L51588,L,298.4,307.0,1828,32.4,55,0,0,0,0,0,0
3145,H70636,H,298.3,307.0,1611,29.9,60,0,0,0,0,0,0
3146,M10922,M,298.4,307.0,1703,46.2,63,0,0,0,0,0,0
3147,M10923,M,298.3,306.9,1762,37.2,66,0,0,0,0,0,0
3148,M10924,M,298.3,306.9,1555,54.7,69,0,0,0,0,0,0
3149,H70637,H,298.3,306.9,1733,37.9,74,0,0,0,0,0,0
3150,L51589,L,298.3,307.0,1554,54.1,76,0,0,0,0,0,0
3151,L51590,L,298.3,306.8,1835,26.2,78,0,0,0,0,0,0
3152,M10925,M,298.3,306.9,1494,22.6,81,0,0,0,0,0,0
3153,L51591,L,298.2,306.8,1737,48.3,17,0,0,0,0,0,0
3154,L51592,L,298.1,306.7,1574,35.4,19,0,0,0,0,0,0
3155,L51593,L,298.2,306.8,1672,37.4,21,0,0,0,0,0,0
3156,L51594,L,298.1,306.8,1629,29.9,23,0,0,0,0,0,0
3157,L51595,L,298.1,306.8,1841,29.1,25,0,0,0,0,0,0
3158,L51596,L,298.0,306.7,1596,46.4,27,0,0,0,0,0,0
3159,H70638,H,298.0,306.7,1602,39.8,32,0,0,0,0,0,0
3160,L51597,L,298.0,306.7,1806,29.4,34,0,0,0,0,0,0
3161,H70639,H,298.1,306.7,1675,47.9,39,0,0,0,0,0,0
3162,H70640,H,298.0,306.6,1559,51.7,44,0,0,0,0,0,0
3163,L51598,L,298.0,306.6,1566,38.9,46,0,0,0,0,0,0
3164,M10926,M,298.0,306.6,1496,50.0,49,0,0,0,0,0,0
3165,M10927,M,297.9,306.6,1817,30.0,52,0,0,0,0,0,0
3166,M10928,M,297.9,306.5,1658,45.8,55,0,0,0,0,0,0
3167,L51599,L,297.9,306.5,1657,41.6,57,0,0,0,0,0,0
3168,L51600,L,297.9,306.5,1735,32.1,59,0,0,0,0,0,0
3169,L51601,L,297.9,306.6,1368,60.5,61,0,0,0,0,0,0
3170,M10929,M,297.9,306.6,1609,42.3,64,0,0,0,0,0,0
3171,H70641,H,297.9,306.1,1654,34.1,69,0,0,0,0,0,0
3172,M10930,M,297.9,306.5,2157,40.2,72,1,0,0,1,0,0
3173,M10931,M,297.9,306.5,1563,31.3,75,0,0,0,0,0,0
3174,H70642,H,297.9,306.5,1805,28.4,80,0,0,0,0,0,0
3175,M10932,M,297.9,306.5,1835,35.5,83,0,0,0,0,0,0
3176,L51602,L,297.9,306.5,1515,36.2,85,0,0,0,0,0,0
3177,H70643,H,297.8,306.4,1693,32.0,90,0,0,0,0,0,0
3178,L51603,L,297.8,306.4,1630,52.5,92,0,0,0,0,0,0
3179,L51604,L,297.8,306.2,1768,32.3,94,0,0,0,0,0,0
3180,M10933,M,297.8,306.3,1504,30.7,97,0,0,0,0,0,0
3181,H70644,H,297.8,306.4,1742,28.1,102,0,0,0,0,0,0
3182,L51605,L,297.8,306.3,1697,27.2,104,0,0,0,0,0,0
3183,L51606,L,297.7,306.3,1571,50.3,106,0,0,0,0,0,0
3184,L51607,L,297.7,306.3,1823,42.6,108,0,0,0,0,0,0
3185,L51608,L,297.7,306.3,1595,46.9,110,0,0,0,0,0,0
3186,L51609,L,297.7,306.3,1638,50.2,112,0,0,0,0,0,0
3187,M10934,M,297.7,306.3,1657,36.7,115,0,0,0,0,0,0
3188,H70645,H,297.7,306.3,1595,54.7,120,1,0,0,1,0,0
3189,L51610,L,297.7,306.3,1732,33.7,122,0,0,0,0,0,0
3190,L51611,L,297.7,306.3,1787,29.0,124,0,0,0,0,0,0
3191,L51612,L,297.7,306.4,1561,43.7,126,0,0,0,0,0,0
3192,L51613,L,297.7,306.3,1306,41.4,128,0,0,0,0,0,0
3193,M10935,M,297.7,306.3,1659,41.4,131,0,0,0,0,0,0
3194,M10936,M,297.7,306.3,1449,50.2,134,0,0,0,0,0,0
3195,M10937,M,297.6,306.3,1979,41.1,17,0,0,0,0,0,0
3196,L51614,L,297.6,306.3,1714,43.1,19,0,0,0,0,0,0
3197,M10938,M,297.6,306.3,1538,53.6,22,0,0,0,0,0,0
3198,L51615,L,297.6,306.3,1871,42.7,24,0,0,0,0,0,0
3199,L51616,L,297.7,306.3,1711,44.9,26,0,0,0,0,0,0
3200,H70646,H,297.7,306.3,1764,25.8,31,0,0,0,0,0,0
3201,M10939,M,297.6,306.3,1599,76.0,34,1,0,0,1,0,0
3202,H70647,H,297.6,306.3,1802,24.1,39,0,0,0,0,0,0
3203,H70648,H,297.6,306.3,1695,34.6,44,0,0,0,0,0,0
3204,M10940,M,297.6,306.3,1552,34.3,47,0,0,0,0,0,0
3205,H70649,H,297.5,306.2,1600,61.1,52,1,0,0,1,0,0
3206,L51617,L,297.5,306.1,1807,34.0,54,0,0,0,0,0,0
3207,L51618,L,297.5,306.2,1574,44.4,56,0,0,0,0,0,0
3208,L51619,L,297.5,306.2,1515,34.4,58,0,0,0,0,0,0
3209,L51620,L,297.5,306.2,1608,29.6,60,0,0,0,0,0,0
3210,L51621,L,297.5,306.2,1779,45.7,62,0,0,0,0,0,0
3211,L51622,L,297.4,306.1,1695,32.8,64,0,0,0,0,0,0
3212,M10941,M,297.4,306.1,1771,42.1,67,0,0,0,0,0,0
3213,M10942,M,297.4,306.1,1619,46.3,70,0,0,0,0,0,0
3214,M10943,M,297.5,306.2,1506,59.1,73,1,0,0,1,0,0
3215,L51623,L,297.5,306.2,1908,27.4,75,0,0,0,0,0,0
3216,M10944,M,297.5,306.2,1625,38.5,78,0,0,0,0,0,0
3217,L51624,L,297.4,306.1,1633,38.9,80,0,0,0,0,0,0
3218,L51625,L,297.4,306.1,1691,40.0,82,0,0,0,0,0,0
3219,L51626,L,297.4,306.1,1490,65.7,84,1,0,0,1,0,0
3220,L51627,L,297.4,306.1,1729,38.3,86,0,0,0,0,0,0
3221,L51628,L,297.4,306.1,2241,14.8,88,1,0,0,1,0,0
3222,H70650,H,297.4,306.1,1704,38.0,93,0,0,0,0,0,0
3223,M10945,M,297.4,306.2,1601,38.8,96,0,0,0,0,0,0
3224,M10946,M,297.5,306.2,1513,37.6,99,0,0,0,0,0,0
3225,L51629,L,297.5,306.2,1612,32.8,101,0,0,0,0,0,0
3226,H70651,H,297.5,306.2,1652,26.8,106,0,0,0,0,0,0
3227,M10947,M,297.6,306.3,1564,61.6,109,1,0,0,1,0,0
3228,L51630,L,297.5,306.2,1560,43.2,111,0,0,0,0,0,0
3229,M10948,M,297.5,306.3,1528,38.1,114,0,0,0,0,0,0
3230,L51631,L,297.5,306.3,1436,61.3,116,1,0,0,1,0,0
3231,L51632,L,297.5,306.3,1730,31.3,118,0,0,0,0,0,0
3232,L51633,L,297.6,306.3,1681,46.0,120,0,0,0,0,0,0
3233,M10949,M,297.6,306.3,1669,27.5,123,0,0,0,0,0,0
3234,L51634,L,297.6,306.3,1575,47.5,125,0,0,0,0,0,0
3235,L51635,L,297.6,306.3,1764,28.7,127,0,0,0,0,0,0
3236,L51636,L,297.6,306.4,1640,44.7,129,0,0,0,0,0,0
3237,H70652,H,297.6,306.4,1655,59.5,134,1,0,0,1,0,0
3238,L51637,L,297.7,306.4,1631,40.9,136,0,0,0,0,0,0
3239,L51638,L,297.7,306.4,1689,18.1,138,1,0,0,1,0,0
3240,L51639,L,297.7,306.4,1746,40.4,140,0,0,0,0,0,0
3241,H70653,H,297.7,306.4,1597,44.8,145,0,0,0,0,0,0
3242,M10950,M,297.7,306.4,1532,49.0,148,0,0,0,0,0,0
3243,H70654,H,297.7,306.4,1654,54.7,153,1,0,0,1,0,0
3244,L51640,L,297.6,306.4,1701,55.2,155,1,0,0,1,0,0
3245,L51641,L,297.6,306.4,1323,38.7,157,0,0,0,0,0,0
3246,M10951,M,297.6,306.4,1594,33.4,160,0,0,0,0,0,0
3247,L51642,L,297.6,306.4,1846,28.8,162,0,0,0,0,0,0
3248,H70655,H,297.6,306.4,1712,34.6,167,0,0,0,0,0,0
3249,H70656,H,297.6,306.4,1645,44.8,172,0,0,0,0,0,0
3250,L51643,L,297.6,306.4,1684,26.5,174,0,0,0,0,0,0
3251,H70657,H,297.6,306.4,1800,30.7,179,0,0,0,0,0,0
3252,M10952,M,297.5,306.4,1521,45.6,182,0,0,0,0,0,0
3253,L51644,L,297.6,306.4,1575,33.5,184,0,0,0,0,0,0
3254,L51645,L,297.5,306.4,1801,43.7,186,0,0,0,0,0,0
3255,L51646,L,297.6,306.4,1615,31.9,188,0,0,0,0,0,0
3256,H70658,H,297.6,306.4,1721,42.9,193,0,0,0,0,0,0
3257,L51647,L,297.6,306.4,1814,32.3,195,0,0,0,0,0,0
3258,L51648,L,297.5,306.4,1768,21.0,197,0,0,0,0,0,0
3259,M10953,M,297.6,306.1,1521,49.6,200,0,0,0,0,0,0
3260,L51649,L,297.6,306.4,1743,33.0,202,0,0,0,0,0,0
3261,L51650,L,297.5,306.3,1788,37.5,204,0,0,0,0,0,0
3262,M10954,M,297.5,306.4,1717,33.1,207,0,0,0,0,0,0
3263,L51651,L,297.5,306.4,1555,45.4,209,0,0,0,0,0,0
3264,L51652,L,297.6,306.4,1660,43.3,211,0,0,0,0,0,0
3265,L51653,L,297.6,306.4,1497,45.4,213,0,0,0,0,0,0
3266,L51654,L,297.6,306.4,1591,34.5,215,0,0,0,0,0,0
3267,L51655,L,297.7,306.5,1629,39.5,217,0,0,0,0,0,0
3268,M10955,M,297.6,306.4,1634,44.2,220,1,1,0,0,0,0
3269,H70659,H,297.6,306.4,1461,55.5,225,0,0,0,0,0,0
3270,L51656,L,297.6,306.4,1657,43.1,227,0,0,0,0,0,0
3271,H70660,H,297.7,306.5,1749,30.0,232,1,1,0,0,0,0
3272,M10956,M,297.7,306.6,1617,42.7,235,0,0,0,0,0,0
3273,M10957,M,297.8,306.6,1464,38.4,238,0,0,0,0,0,0
3274,M10958,M,297.7,306.6,1763,20.0,241,0,0,0,0,0,0
3275,M10959,M,297.7,306.6,1909,21.5,244,0,0,0,0,0,0
3276,H70661,H,297.7,306.5,1695,39.3,249,0,0,0,0,0,0
3277,L51657,L,297.7,306.5,1650,40.2,251,0,0,0,0,0,0
3278,M10960,M,297.7,306.5,1632,37.1,14,0,0,0,0,0,0
3279,L51658,L,297.7,306.5,1656,48.8,16,0,0,0,0,0,0
3280,L51659,L,297.7,306.5,1717,30.6,16,0,0,0,0,0,0
3281,M10961,M,297.7,306.5,1786,26.1,19,0,0,0,0,0,0
3282,L51660,L,297.7,306.5,1594,31.7,21,0,0,0,0,0,0
3283,L51661,L,297.7,306.5,1693,33.9,23,0,0,0,0,0,0
3284,L51662,L,297.6,306.5,1612,39.4,25,0,0,0,0,0,0
3285,L51663,L,297.6,306.5,1725,32.0,27,0,0,0,0,0,0
3286,M10962,M,297.6,306.4,1586,18.6,30,1,0,0,1,0,0
3287,M10963,M,297.6,306.4,1748,14.3,33,1,0,0,1,0,0
3288,L51664,L,297.6,306.4,1692,41.2,35,0,0,0,0,0,0
3289,L51665,L,297.6,306.4,1772,28.7,37,0,0,0,0,0,0
3290,L51666,L,297.6,306.4,1752,19.9,39,0,0,0,0,0,0
3291,L51667,L,297.6,306.4,1423,46.2,41,0,0,0,0,0,0
3292,M10964,M,297.6,306.4,1627,55.5,44,1,0,0,1,0,0
3293,M10965,M,297.6,306.4,1797,39.1,47,0,0,0,0,0,0
3294,L51668,L,297.6,306.4,1561,42.7,49,0,0,0,0,0,0
3295,L51669,L,297.6,306.4,1597,42.8,51,0,0,0,0,0,0
3296,H70662,H,297.5,306.4,1843,16.9,56,1,0,0,1,0,0
3297,M10966,M,297.5,306.4,1679,48.9,59,0,0,0,0,0,0
3298,L51670,L,297.6,306.5,1684,52.4,61,1,0,0,1,0,0
3299,L51671,L,297.6,306.5,1646,58.4,63,1,0,0,1,0,0
3300,L51672,L,297.6,306.4,1535,35.6,65,0,0,0,0,0,0
3301,H70663,H,297.6,306.4,1666,28.6,70,0,0,0,0,0,0
3302,L51673,L,297.6,306.4,1636,53.6,72,1,0,0,1,0,0
3303,L51674,L,297.6,306.4,1616,45.0,74,0,0,0,0,0,0
3304,H70664,H,297.6,306.4,1637,48.7,79,0,0,0,0,0,0
3305,M10967,M,297.6,306.5,1672,33.5,82,0,0,0,0,0,0
3306,L51675,L,297.6,306.5,1597,42.7,84,0,0,0,0,0,0
3307,L51676,L,297.6,306.5,1683,29.5,86,0,0,0,0,0,0
3308,L51677,L,297.6,306.5,1549,39.9,88,0,0,0,0,0,0
3309,M10968,M,297.6,306.5,1603,36.5,91,0,0,0,0,0,0
3310,L51678,L,297.6,306.5,1522,63.4,17,1,0,0,1,0,0
3311,H70665,H,297.6,306.5,1617,45.5,22,0,0,0,0,0,0
3312,H70666,H,297.7,306.6,1813,18.5,27,0,0,0,0,0,0
3313,M10969,M,297.7,306.6,1624,40.0,30,0,0,0,0,0,0
3314,M10970,M,297.7,306.6,1782,43.7,33,0,0,0,0,0,0
3315,L51679,L,297.8,306.7,1785,35.3,35,0,0,0,0,0,0
3316,L51680,L,297.7,306.7,1662,29.0,37,0,0,0,0,0,0
3317,M10971,M,297.7,306.6,1633,46.6,40,0,0,0,0,0,0
3318,L51681,L,297.6,306.6,1809,30.4,42,0,0,0,0,0,0
3319,L51682,L,297.7,306.6,1562,45.8,44,0,0,0,0,0,0
3320,L51683,L,297.6,306.6,1637,29.5,46,0,0,0,0,0,0
3321,L51684,L,297.6,306.6,1795,34.7,48,0,0,0,0,0,0
3322,L51685,L,297.7,306.7,1663,49.6,50,0,0,0,0,0,0
3323,M10972,M,297.7,306.7,1721,44.9,53,0,0,0,0,0,0
3324,H70667,H,297.8,306.7,1677,40.3,58,0,0,0,0,0,0
3325,M10973,M,297.8,306.8,1629,39.7,61,0,0,0,0,0,0
3326,H70668,H,297.8,306.8,1525,40.9,66,0,0,0,0,0,0
3327,L51686,L,297.8,306.8,1703,32.1,68,0,0,0,0,0,0
3328,H70669,H,297.8,306.8,1840,24.8,73,0,0,0,0,0,0
3329,M10974,M,297.8,306.8,1732,45.7,76,0,0,0,0,0,0
3330,L51687,L,297.8,306.8,1667,55.3,78,1,0,0,1,0,0
3331,H70670,H,297.8,306.7,1689,46.0,83,0,0,0,0,0,0
3332,L51688,L,297.8,306.8,1836,42.5,85,0,0,0,0,0,0
3333,L51689,L,297.7,306.7,1573,27.9,87,0,0,0,0,0,0
3334,L51690,L,297.7,306.6,1625,48.8,89,0,0,0,0,0,0
3335,L51691,L,297.7,306.7,1541,44.8,91,0,0,0,0,0,0
3336,L51692,L,297.7,306.7,1750,47.6,93,0,0,0,0,0,0
3337,M10975,M,297.8,306.8,1547,50.3,96,0,0,0,0,0,0
3338,H70671,H,297.8,306.8,1658,55.9,101,1,0,0,1,0,0
3339,L51693,L,297.7,306.8,1668,28.9,103,0,0,0,0,0,0
3340,M10976,M,297.7,306.7,1755,27.1,4,0,0,0,0,0,0
3341,L51694,L,297.7,306.7,2053,41.5,6,0,0,0,0,0,0
3342,H70672,H,297.7,306.7,1697,30.8,11,0,0,0,0,0,0
3343,L51695,L,297.7,306.7,1737,29.0,13,0,0,0,0,0,0
3344,L51696,L,297.7,306.8,1669,52.2,15,1,0,0,1,0,0
3345,M10977,M,297.7,306.7,1693,29.9,18,0,0,0,0,0,0
3346,M10978,M,297.7,306.8,1731,39.9,21,0,0,0,0,0,0
3347,M10979,M,297.8,306.8,1828,23.7,24,0,0,0,0,0,0
3348,M10980,M,297.8,306.8,1609,40.6,27,0,0,0,0,0,0
3349,M10981,M,297.7,306.7,1758,51.8,30,1,0,0,1,0,0
3350,L51697,L,297.7,306.7,1654,52.1,32,1,0,0,1,0,0
3351,L51698,L,297.7,306.7,1557,50.4,34,0,0,0,0,0,0
3352,L51699,L,297.7,306.7,1709,39.2,36,0,0,0,0,0,0
3353,L51700,L,297.7,306.7,1686,51.1,38,1,0,0,1,0,0
3354,L51701,L,297.6,306.6,1681,44.3,40,0,0,0,0,0,0
3355,L51702,L,297.6,306.6,1691,35.6,42,0,0,0,0,0,0
3356,L51703,L,297.6,306.7,1320,43.8,44,0,0,0,0,0,0
3357,M10982,M,297.6,306.7,1937,48.9,47,1,0,0,1,0,0
3358,L51704,L,297.6,306.7,1780,26.7,49,0,0,0,0,0,0
3359,M10983,M,297.6,306.7,1616,29.4,52,0,0,0,0,0,0
3360,M10984,M,297.6,306.6,1704,38.6,55,0,0,0,0,0,0
3361,L51705,L,297.6,306.6,1793,27.8,57,0,0,0,0,0,0
3362,L51706,L,297.6,306.6,1704,27.6,59,0,0,0,0,0,0
3363,M10985,M,297.6,306.6,1513,35.8,62,0,0,0,0,0,0
3364,M10986,M,297.6,306.6,1532,49.9,65,0,0,0,0,0,0
3365,L51707,L,297.6,306.6,1661,49.7,67,0,0,0,0,0,0
3366,L51708,L,297.7,306.7,1746,43.2,69,0,0,0,0,0,0
3367,M10987,M,297.6,306.7,1453,41.8,72,0,0,0,0,0,0
3368,M10988,M,297.6,306.6,1549,60.9,75,1,0,0,1,0,0
3369,L51709,L,297.6,306.6,1546,34.6,77,0,0,0,0,0,0
3370,L51710,L,297.6,306.7,1646,42.4,79,0,0,0,0,0,0
3371,H70673,H,297.6,306.7,1666,34.1,84,0,0,0,0,0,0
3372,L51711,L,297.6,306.6,1929,27.1,86,0,0,0,0,0,0
3373,H70674,H,297.7,306.7,1540,51.8,91,0,0,0,0,0,0
3374,L51712,L,297.7,306.8,1760,36.9,93,0,0,0,0,0,0
3375,M10989,M,297.7,306.7,1705,46.9,96,0,0,0,0,0,0
3376,L51713,L,297.6,306.7,1645,37.5,98,0,0,0,0,0,0
3377,L51714,L,297.7,306.8,1596,52.5,100,0,0,0,0,0,0
3378,H70675,H,297.6,306.7,1702,30.0,105,0,0,0,0,0,0
3379,L51715,L,297.7,306.8,1523,51.6,107,0,0,0,0,0,0
3380,H70676,H,297.7,306.8,1529,48.9,112,0,0,0,0,0,0
3381,L51716,L,297.7,306.8,1706,22.1,114,0,0,0,0,0,0
3382,H70677,H,297.7,306.8,1574,34.8,119,0,0,0,0,0,0
3383,H70678,H,297.8,306.9,1552,50.2,124,0,0,0,0,0,0
3384,M10990,M,297.8,306.8,1547,56.4,127,1,0,0,1,0,0
3385,L51717,L,297.8,306.8,1627,47.2,129,0,0,0,0,0,0
3386,M10991,M,297.8,306.9,1711,36.0,132,0,0,0,0,0,0
3387,M10992,M,297.8,306.9,1683,30.3,135,0,0,0,0,0,0
3388,H70679,H,297.9,306.9,1551,45.7,140,0,0,0,0,0,0
3389,L51718,L,297.8,306.9,1710,35.7,142,0,0,0,0,0,0
3390,L51719,L,297.8,306.9,1741,36.2,144,0,0,0,0,0,0
3391,L51720,L,297.9,306.9,1618,37.8,146,0,0,0,0,0,0
3392,M10993,M,297.9,306.9,1516,48.8,149,0,0,0,0,0,0
3393,H70680,H,297.9,306.9,1516,58.1,154,1,0,0,1,0,0
3394,L51721,L,297.9,306.9,1580,50.3,156,0,0,0,0,0,0
3395,M10994,M,297.9,307.0,1753,40.1,159,0,0,0,0,0,0
3396,H70681,H,297.9,307.0,1409,31.0,164,0,0,0,0,0,0
3397,L51722,L,297.9,306.9,1615,46.7,166,0,0,0,0,0,0
3398,L51723,L,297.8,306.9,1734,56.7,168,1,0,0,1,0,0
3399,M10995,M,297.8,306.9,1595,50.0,171,0,0,0,0,0,0
3400,M10996,M,297.8,306.9,1766,42.1,174,0,0,0,0,0,0
3401,L51724,L,297.9,307.0,1785,35.1,176,0,0,0,0,0,0
3402,H70682,H,297.9,307.0,1386,43.5,181,0,0,0,0,0,0
3403,M10997,M,297.9,307.1,1619,51.5,184,0,0,0,0,0,0
3404,H70683,H,297.9,306.1,1648,42.3,189,0,0,0,0,0,0
3405,H70684,H,297.9,307.0,1656,39.0,194,0,0,0,0,0,0
3406,H70685,H,298.0,307.0,1762,33.1,199,0,0,0,0,0,0
3407,M10998,M,297.9,307.0,1444,65.9,202,1,0,0,1,1,0
3408,L51725,L,297.9,307.0,1673,31.1,204,0,0,0,0,0,0
3409,M10999,M,297.9,307.0,1851,30.2,207,0,0,0,0,0,0
3410,L51726,L,297.9,307.0,1698,41.6,209,1,1,0,0,0,0
3411,M11000,M,297.9,307.0,1746,38.0,212,0,0,0,0,0,0
3412,L51727,L,297.9,306.9,1487,50.2,214,1,1,0,0,0,0
3413,M11001,M,297.8,306.9,1556,50.6,217,0,0,0,0,0,0
3414,L51728,L,297.8,306.9,1743,27.9,219,0,0,0,0,0,0
3415,L51729,L,297.9,306.9,1686,32.4,221,0,0,0,0,0,0
3416,L51730,L,297.9,307.0,1585,31.2,223,0,0,0,0,0,0
3417,M11002,M,297.9,306.9,1678,47.8,226,0,0,0,0,0,0
3418,M11003,M,297.9,306.9,1725,44.3,229,0,0,0,0,0,0
3419,L51731,L,297.9,307.0,1644,36.3,231,0,0,0,0,0,0
3420,H70686,H,297.9,306.9,1710,42.2,236,1,1,0,0,0,0
3421,H70687,H,297.9,307.0,1891,28.7,241,0,0,0,0,0,0
3422,L51732,L,297.9,306.9,1826,32.6,243,0,0,0,0,0,0
3423,M11004,M,297.9,307.0,1696,27.0,246,0,0,0,0,0,0
3424,L51733,L,297.9,307.0,1543,41.5,248,0,0,0,0,0,0
3425,L51734,L,297.9,307.0,1663,41.4,250,0,0,0,0,0,0
3426,M11005,M,297.9,306.9,1912,30.2,253,0,0,0,0,0,0
3427,L51735,L,297.8,306.9,1749,44.2,2,0,0,0,0,0,0
3428,H70688,H,297.8,306.8,1594,50.6,7,0,0,0,0,0,0
3429,H70689,H,297.7,306.8,1844,29.7,12,0,0,0,0,0,0
3430,H70690,H,297.8,306.8,1772,36.7,17,0,0,0,0,0,0
3431,M11006,M,297.7,306.8,1452,45.1,20,0,0,0,0,0,0
3432,M11007,M,297.7,306.7,1746,39.9,23,0,0,0,0,0,0
3433,H70691,H,297.7,306.7,1732,26.3,28,0,0,0,0,0,0
3434,L51736,L,297.6,306.7,1595,35.6,30,0,0,0,0,0,0
3435,L51737,L,297.6,306.7,1683,35.3,32,0,0,0,0,0,0
3436,M11008,M,297.6,306.7,1696,38.3,35,0,0,0,0,0,0
3437,L51738,L,297.7,306.7,1585,38.7,37,0,0,0,0,0,0
3438,L51739,L,297.7,306.8,1558,55.7,39,1,0,0,1,0,0
3439,L51740,L,297.8,306.9,1631,37.9,41,0,0,0,0,0,0
3440,M11009,M,297.7,306.8,1811,22.8,44,0,0,0,0,0,0
3441,L51741,L,297.7,306.8,1618,40.9,46,0,0,0,0,0,0
3442,L51742,L,297.7,306.8,1406,57.5,48,0,0,0,0,0,0
3443,L51743,L,297.7,306.8,1618,38.3,50,0,0,0,0,0,0
3444,L51744,L,297.7,306.8,1588,35.6,52,0,0,0,0,0,0
3445,H70692,H,297.7,306.8,1549,36.9,57,0,0,0,0,0,0
3446,L51745,L,297.8,306.9,1726,45.8,59,0,0,0,0,0,0
3447,M11010,M,297.8,306.9,1738,36.9,62,0,0,0,0,0,0
3448,M11011,M,297.8,306.9,1642,24.8,65,0,0,0,0,0,0
3449,L51746,L,297.8,306.9,1571,33.3,67,0,0,0,0,0,0
3450,H70693,H,297.8,306.5,1644,39.4,72,0,0,0,0,0,0
3451,M11012,M,297.8,306.9,1503,45.4,75,0,0,0,0,0,0
3452,M11013,M,297.8,306.8,1659,34.2,78,0,0,0,0,0,0
3453,L51747,L,297.8,306.9,1672,37.0,80,0,0,0,0,0,0
3454,L51748,L,297.8,306.2,1675,40.4,82,0,0,0,0,0,0
3455,H70694,H,297.8,306.9,1721,32.2,87,0,0,0,0,0,0
3456,M11014,M,297.9,306.9,1585,39.1,90,0,0,0,0,0,0
3457,H70695,H,297.9,306.9,1632,44.7,95,0,0,0,0,0,0
3458,H70696,H,297.8,306.9,1827,28.1,100,0,0,0,0,0,0
3459,L51749,L,297.8,306.9,1445,43.1,102,0,0,0,0,0,0
3460,M11015,M,297.8,306.6,1736,29.1,105,0,0,0,0,0,0
3461,L51750,L,297.8,306.9,1600,29.3,107,0,0,0,0,0,0
3462,M11016,M,297.8,306.9,1811,33.4,110,0,0,0,0,0,0
3463,L51751,L,297.8,306.9,1653,53.7,112,1,0,0,1,0,0
3464,L51752,L,297.8,307.0,1810,22.8,114,0,0,0,0,0,0
3465,M11017,M,297.8,307.0,1597,35.4,117,0,0,0,0,0,0
3466,M11018,M,297.9,307.0,1675,39.7,120,0,0,0,0,0,0
3467,M11019,M,297.8,307.0,1623,51.7,123,0,0,0,0,0,0
3468,L51753,L,297.8,307.0,1335,59.5,125,0,0,0,0,0,0
3469,L51754,L,297.8,306.9,1685,35.8,127,0,0,0,0,0,0
3470,H70697,H,297.9,307.0,2097,45.4,132,1,0,0,1,0,0
3471,L51755,L,297.8,306.9,1528,39.1,134,0,0,0,0,0,0
3472,L51756,L,297.8,306.9,1709,39.0,136,0,0,0,0,0,0
3473,M11020,M,297.7,306.9,1645,42.7,139,0,0,0,0,0,0
3474,L51757,L,297.7,306.9,1507,24.1,141,0,0,0,0,0,0
3475,M11021,M,297.7,306.9,1615,39.5,144,0,0,0,0,0,0
3476,L51758,L,297.7,306.8,1643,44.5,146,0,0,0,0,0,0
3477,H70698,H,297.7,306.9,1725,31.4,151,0,0,0,0,0,0
3478,H70699,H,297.8,306.9,1374,44.6,156,0,0,0,0,0,0
3479,H70700,H,297.7,305.9,1708,22.7,161,0,0,0,0,0,0
3480,M11022,M,297.7,306.9,1653,40.9,164,0,0,0,0,0,0
3481,L51759,L,297.8,306.9,1368,53.4,166,0,0,0,0,0,0
3482,M11023,M,297.8,307.0,1722,37.8,169,0,0,0,0,0,0
3483,H70701,H,297.8,307.0,1709,30.2,174,0,0,0,0,0,0
3484,M11024,M,297.7,306.9,1731,25.7,177,0,0,0,0,0,0
3485,M11025,M,297.8,306.9,1695,43.9,180,0,0,0,0,0,0
3486,M11026,M,297.8,306.9,1565,49.3,183,0,0,0,0,0,0
3487,M11027,M,297.7,306.9,1657,39.4,186,0,0,0,0,0,0
3488,M11028,M,297.8,307.0,1752,35.4,189,0,0,0,0,0,0
3489,L51760,L,297.7,306.9,1755,20.7,191,0,0,0,0,0,0
3490,L51761,L,297.8,307.0,1478,41.2,193,0,0,0,0,0,0
3491,M11029,M,297.8,307.0,1690,33.1,196,0,0,0,0,0,0
3492,L51762,L,297.8,306.9,1689,33.7,198,0,0,0,0,0,0
3493,H70702,H,297.7,306.9,1647,56.2,203,1,0,0,1,0,0
3494,M11030,M,297.7,306.9,1713,22.0,206,1,1,0,0,0,0
3495,L51763,L,297.7,306.9,1649,23.3,208,0,0,0,0,0,0
3496,H70703,H,297.7,306.9,1550,42.3,213,0,0,0,0,0,0
3497,M11031,M,297.7,306.8,1800,36.1,216,0,0,0,0,0,0
3498,M11032,M,297.6,306.8,1703,34.8,219,0,0,0,0,0,0
3499,L51764,L,297.7,305.6,1761,42.7,221,0,0,0,0,0,0
3500,H70704,H,297.7,306.8,1775,42.6,226,1,1,0,0,0,0
3501,L51765,L,297.7,306.8,1634,30.3,228,0,0,0,0,0,0
3502,M11033,M,297.7,306.8,1607,34.1,231,0,0,0,0,0,0
3503,L51766,L,297.7,306.8,1636,40.5,233,1,1,0,0,0,0
3504,M11034,M,297.7,306.9,1697,41.7,236,0,0,0,0,0,0
3505,M11035,M,297.7,306.9,1499,44.8,239,0,0,0,0,0,0
3506,M11036,M,297.8,307.0,1721,34.2,242,0,0,0,0,0,0
3507,L51767,L,297.8,307.0,1668,43.5,244,0,0,0,0,0,0
3508,H70705,H,297.8,307.0,1499,49.5,249,0,0,0,0,0,0
3509,M11037,M,297.7,306.9,1549,40.5,252,0,0,0,0,0,0
3510,L51768,L,297.7,306.9,1695,39.0,8,0,0,0,0,0,0
3511,H70706,H,297.7,306.9,1849,37.6,3,0,0,0,0,0,0
3512,M11038,M,297.7,306.9,1656,33.8,6,0,0,0,0,0,0
3513,H70707,H,297.7,306.9,1728,30.6,11,0,0,0,0,0,0
3514,H70708,H,297.6,306.8,1611,37.0,16,0,0,0,0,0,0
3515,H70709,H,297.6,306.8,1648,44.5,21,0,0,0,0,0,0
3516,M11039,M,297.6,306.8,1640,31.1,24,0,0,0,0,0,0
3517,M11040,M,297.7,306.9,1631,39.2,27,0,0,0,0,0,0
3518,L51769,L,297.7,306.9,1880,38.1,29,0,0,0,0,0,0
3519,M11041,M,297.7,306.9,1567,57.8,32,1,0,0,1,0,0
3520,M11042,M,297.7,306.9,1472,47.2,35,0,0,0,0,0,0
3521,M11043,M,297.7,307.0,1671,47.1,38,0,0,0,0,0,0
3522,H70710,H,297.7,306.9,1704,49.2,43,0,0,0,0,0,0
3523,L51770,L,297.6,306.9,1739,34.5,45,0,0,0,0,0,0
3524,L51771,L,297.6,306.8,1562,53.8,47,0,0,0,0,0,0
3525,M11044,M,297.6,306.9,1559,41.6,50,0,0,0,0,0,0
3526,L51772,L,297.7,306.9,1572,39.6,52,0,0,0,0,0,0
3527,L51773,L,297.7,306.9,1696,27.9,4,0,0,0,0,0,0
3528,L51774,L,297.7,306.9,1638,36.0,6,0,0,0,0,0,0
3529,H70711,H,297.6,306.8,1692,22.3,11,0,0,0,0,0,0
3530,L51775,L,297.6,306.9,1772,37.5,13,0,0,0,0,0,0
3531,L51776,L,297.6,306.9,1763,34.2,15,0,0,0,0,0,0
3532,L51777,L,297.7,307.0,1785,36.0,17,0,0,0,0,0,0
3533,L51778,L,297.7,306.9,1651,26.1,19,0,0,0,0,0,0
3534,L51779,L,297.8,306.0,1531,47.0,21,0,0,0,0,0,0
3535,M11045,M,297.8,307.0,1626,45.9,24,0,0,0,0,0,0
3536,M11046,M,297.8,307.0,1599,56.9,27,1,0,0,1,0,0
3537,L51780,L,297.8,307.0,1570,56.6,29,1,0,0,1,0,0
3538,M11047,M,297.8,307.0,1673,41.6,32,0,0,0,0,0,0
3539,L51781,L,297.8,307.0,1739,50.2,34,1,0,0,1,0,0
3540,L51782,L,297.8,307.0,1617,42.6,36,0,0,0,0,0,0
3541,H70712,H,297.8,307.0,1745,35.7,41,0,0,0,0,0,0
3542,M11048,M,297.9,307.0,1711,37.2,44,0,0,0,0,0,0
3543,H70713,H,297.9,307.1,1625,46.4,49,0,0,0,0,0,0
3544,L51783,L,297.8,307.0,1531,76.0,51,1,0,0,1,0,0
3545,L51784,L,297.8,307.0,1520,51.7,53,0,0,0,0,0,0
3546,L51785,L,297.8,307.0,1550,42.5,55,0,0,0,0,0,0
3547,L51786,L,297.8,307.0,1664,44.8,57,0,0,0,0,0,0
3548,H70714,H,297.8,307.0,1478,44.7,62,0,0,0,0,0,0
3549,L51787,L,297.8,307.0,1701,39.1,64,0,0,0,0,0,0
3550,H70715,H,297.7,306.9,1509,47.6,69,0,0,0,0,0,0
3551,H70716,H,297.7,306.9,1795,38.4,74,0,0,0,0,0,0
3552,M11049,M,297.7,306.9,1667,29.9,77,0,0,0,0,0,0
3553,L51788,L,297.8,307.0,1756,44.8,79,0,0,0,0,0,0
3554,M11050,M,297.8,307.0,1599,46.2,82,0,0,0,0,0,0
3555,L51789,L,297.8,307.0,1635,38.5,84,0,0,0,0,0,0
3556,M11051,M,297.8,307.0,1712,43.1,87,0,0,0,0,0,0
3557,L51790,L,297.7,307.0,1626,49.6,89,0,0,0,0,0,0
3558,H70717,H,297.8,307.0,1647,39.5,94,0,0,0,0,0,0
3559,M11052,M,297.7,307.0,1637,35.5,97,0,0,0,0,0,0
3560,M11053,M,297.7,307.0,1651,32.9,100,0,0,0,0,0,0
3561,M11054,M,297.7,307.0,1875,37.5,103,0,0,0,0,0,0
3562,M11055,M,297.7,307.0,1419,55.3,106,0,0,0,0,0,0
3563,H70718,H,297.7,307.0,1552,38.0,111,0,0,0,0,0,0
3564,L51791,L,297.8,307.0,1737,43.6,113,0,0,0,0,0,0
3565,H70719,H,297.8,307.1,1766,36.8,118,0,0,0,0,0,0
3566,H70720,H,297.9,307.1,1238,35.9,123,0,0,0,0,0,0
3567,H70721,H,297.8,307.1,1538,31.2,128,0,0,0,0,0,0
3568,L51792,L,297.8,307.0,1759,41.0,130,0,0,0,0,0,0
3569,H70722,H,297.7,307.0,1583,34.8,135,0,0,0,0,0,0
3570,L51793,L,297.7,307.0,1540,52.7,137,0,0,0,0,0,0
3571,M11056,M,297.7,307.0,1664,38.9,140,0,0,0,0,0,0
3572,L51794,L,297.7,306.9,1556,39.6,142,0,0,0,0,0,0
3573,L51795,L,297.7,306.9,1743,38.2,144,0,0,0,0,0,0
3574,L51796,L,297.7,306.9,1633,43.7,146,0,0,0,0,0,0
3575,L51797,L,297.6,306.9,1493,54.9,148,0,0,0,0,0,0
3576,L51798,L,297.6,306.8,1633,29.6,150,0,0,0,0,0,0
3577,H70723,H,297.6,306.8,1752,42.8,155,0,0,0,0,0,0
3578,L51799,L,297.6,306.9,1706,24.3,157,0,0,0,0,0,0
3579,M11057,M,297.6,306.9,1642,52.2,160,0,0,0,0,0,0
3580,L51800,L,297.6,306.8,1655,38.9,162,0,0,0,0,0,0
3581,M11058,M,297.5,306.8,1570,25.1,165,0,0,0,0,0,0
3582,M11059,M,297.6,306.8,1784,27.2,168,0,0,0,0,0,0
3583,L51801,L,297.5,306.8,1704,48.1,170,0,0,0,0,0,0
3584,M11060,M,297.5,306.7,1902,23.4,173,0,0,0,0,0,0
3585,H70724,H,297.4,306.7,1464,42.8,178,0,0,0,0,0,0
3586,H70725,H,297.4,306.7,1388,35.7,183,0,0,0,0,0,0
3587,L51802,L,297.4,305.7,1718,38.1,185,0,0,0,0,0,0
3588,L51803,L,297.4,306.6,1631,33.3,187,0,0,0,0,0,0
3589,M11061,M,297.3,306.6,1571,30.5,190,0,0,0,0,0,0
3590,L51804,L,297.3,306.6,1685,35.1,192,0,0,0,0,0,0
3591,H70726,H,297.3,306.6,1580,45.7,197,0,0,0,0,0,0
3592,L51805,L,297.4,306.7,1550,37.1,199,0,0,0,0,0,0
3593,H70727,H,297.3,306.6,1621,44.2,204,1,1,0,0,0,0
3594,L51806,L,297.3,306.6,1714,37.6,206,1,1,0,0,0,0
3595,L51807,L,297.3,306.6,1634,46.1,208,1,1,0,0,0,0
3596,H70728,H,297.3,306.6,1645,44.1,213,0,0,0,0,0,0
3597,H70729,H,297.3,306.6,1718,34.6,218,0,0,0,0,0,0
3598,H70730,H,297.3,306.6,1547,30.5,223,0,0,0,0,0,0
3599,H70731,H,297.3,306.6,1596,49.6,228,1,1,0,0,0,0
3600,L51808,L,297.4,306.7,1714,31.9,230,0,0,0,0,0,0
3601,L51809,L,297.3,306.6,1590,45.0,232,0,0,0,0,0,0
3602,L51810,L,297.3,306.5,1574,40.3,234,0,0,0,0,0,0
3603,M11062,M,297.3,306.6,1607,35.4,237,0,0,0,0,0,0
3604,L51811,L,297.4,306.6,1601,44.3,239,0,0,0,0,0,0
3605,H70732,H,297.4,306.6,1661,53.7,244,1,0,0,1,1,0
3606,L51812,L,297.4,306.7,1755,46.3,246,1,0,0,0,1,0
3607,L51813,L,297.4,306.6,1762,41.3,248,0,0,0,0,0,0
3608,L51814,L,297.4,306.6,1425,56.2,250,1,0,0,0,1,0
3609,L51815,L,297.4,305.7,1653,23.3,252,0,0,0,0,0,0
3610,L51816,L,297.4,306.6,1767,28.9,6,0,0,0,0,0,0
3611,M11063,M,297.5,306.7,1791,35.4,9,0,0,0,0,0,0
3612,L51817,L,297.5,306.7,1909,54.2,11,1,0,0,1,0,0
3613,M11064,M,297.4,306.7,1617,49.4,14,0,0,0,0,0,0
3614,H70733,H,297.4,306.7,1637,22.8,19,0,0,0,0,0,0
3615,M11065,M,297.4,306.6,1698,35.6,22,0,0,0,0,0,0
3616,M11066,M,297.5,306.7,1661,26.8,25,0,0,0,0,0,0
3617,L51818,L,297.5,305.6,1669,39.6,27,0,0,0,0,0,0
3618,L51819,L,297.5,306.7,1494,49.0,29,0,0,0,0,0,0
3619,L51820,L,297.5,306.8,1452,49.8,31,0,0,0,0,0,0
3620,H70734,H,297.5,306.8,1915,42.7,36,0,0,0,0,0,0
3621,M11067,M,297.5,306.8,1678,35.7,39,0,0,0,0,0,0
3622,L51821,L,297.5,306.8,1847,39.0,41,0,0,0,0,0,0
3623,L51822,L,297.5,306.8,1750,46.8,43,0,0,0,0,0,0
3624,H70735,H,297.5,306.8,1381,63.5,48,1,0,0,1,0,0
3625,M11068,M,297.5,306.8,1744,28.1,51,0,0,0,0,0,0
3626,M11069,M,297.5,306.8,1451,55.9,54,0,0,0,0,0,0
3627,H70736,H,297.5,306.8,1611,42.4,59,0,0,0,0,0,0
3628,M11070,M,297.4,306.7,1438,48.2,62,0,0,0,0,0,0
3629,M11071,M,297.4,306.7,1499,41.9,65,0,0,0,0,0,0
3630,L51823,L,297.3,306.7,1500,54.0,67,0,0,0,0,0,0
3631,L51824,L,297.3,306.6,1584,43.3,69,0,0,0,0,0,0
3632,H70737,H,297.2,306.6,1687,33.5,74,0,0,0,0,0,0
3633,M11072,M,297.2,306.5,1533,44.5,77,0,0,0,0,0,0
3634,L51825,L,297.2,306.5,1255,51.3,7,0,0,0,0,0,0
3635,M11073,M,297.2,306.5,1752,40.0,10,0,0,0,0,0,0
3636,L51826,L,297.2,306.5,1783,19.3,12,0,0,0,0,0,0
3637,H70738,H,297.1,306.4,1650,38.9,17,0,0,0,0,0,0
3638,L51827,L,297.1,306.4,1676,41.0,19,0,0,0,0,0,0
3639,H70739,H,297.1,306.4,1523,39.6,24,0,0,0,0,0,0
3640,M11074,M,297.1,306.4,1761,35.0,27,0,0,0,0,0,0
3641,L51828,L,297.2,306.5,1473,53.2,29,0,0,0,0,0,0
3642,L51829,L,297.2,306.5,1913,16.3,31,1,0,0,1,0,0
3643,H70740,H,297.2,306.5,1714,40.9,36,0,0,0,0,0,0
3644,L51830,L,297.1,306.4,1694,41.1,38,0,0,0,0,0,0
3645,L51831,L,297.1,306.4,1595,60.9,40,1,0,0,1,0,0
3646,M11075,M,297.1,306.4,1651,39.9,43,0,0,0,0,0,0
3647,L51832,L,297.1,306.3,1556,44.5,45,0,0,0,0,0,0
3648,L51833,L,297.0,306.3,1559,41.3,47,0,0,0,0,0,0
3649,L51834,L,297.0,306.3,1803,40.9,49,0,0,0,0,0,0
3650,H70741,H,297.1,306.4,1568,57.6,54,1,0,0,1,0,0
3651,L51835,L,297.1,306.4,1607,28.9,56,0,0,0,0,0,0
3652,L51836,L,297.1,306.4,1731,33.3,58,0,0,0,0,0,0
3653,L51837,L,297.0,306.3,1642,47.5,60,0,0,0,0,0,0
3654,L51838,L,297.1,306.4,1607,42.6,62,0,0,0,0,0,0
3655,L51839,L,297.1,306.4,1584,37.2,64,0,0,0,0,0,0
3656,L51840,L,297.1,306.4,1720,39.3,66,0,0,0,0,0,0
3657,L51841,L,297.2,306.5,1688,49.1,68,0,0,0,0,0,0
3658,L51842,L,297.2,306.4,1654,44.9,70,0,0,0,0,0,0
3659,H70742,H,297.2,306.4,1694,32.9,75,0,0,0,0,0,0
3660,L51843,L,297.2,306.5,1567,42.4,77,0,0,0,0,0,0
3661,L51844,L,297.2,306.5,1696,39.5,79,0,0,0,0,0,0
3662,H70743,H,297.2,306.5,1568,44.7,84,0,0,0,0,0,0
3663,H70744,H,297.2,306.5,1552,36.8,89,0,0,0,0,0,0
3664,M11076,M,297.2,306.4,1814,27.9,92,0,0,0,0,0,0
3665,L51845,L,297.2,306.5,1522,46.7,94,0,0,0,0,0,0
3666,L51846,L,297.2,306.5,1451,45.5,96,0,0,0,0,0,0
3667,L51847,L,297.2,306.4,1694,54.2,98,1,0,0,1,0,0
3668,L51848,L,297.2,306.4,1561,26.8,100,0,0,0,0,0,0
3669,L51849,L,297.2,306.5,1619,39.3,102,0,0,0,0,0,0
3670,M11077,M,297.2,306.5,1563,37.7,105,0,0,0,0,0,0
3671,L51850,L,297.2,306.5,1605,36.0,107,0,0,0,0,0,0
3672,M11078,M,297.2,306.5,1930,24.6,110,0,0,0,0,0,0
3673,L51851,L,297.3,306.5,1696,29.3,112,0,0,0,0,0,0
3674,L51852,L,297.3,306.5,1668,42.7,114,0,0,0,0,0,0
3675,M11079,M,297.3,306.6,1747,35.0,117,0,0,0,0,0,0
3676,H70745,H,297.4,306.7,1635,31.7,122,0,0,0,0,0,0
3677,L51853,L,297.4,306.7,1672,54.3,124,1,0,0,1,0,0
3678,M11080,M,297.4,306.7,1560,63.7,127,1,0,0,1,0,0
3679,L51854,L,297.4,306.7,1721,39.4,129,0,0,0,0,0,0
3680,L51855,L,297.4,306.7,1663,25.0,131,0,0,0,0,0,0
3681,M11081,M,297.4,306.8,1669,44.0,134,0,0,0,0,0,0
3682,L51856,L,297.5,306.8,1758,19.1,136,0,0,0,0,0,0
3683,L51857,L,297.5,306.8,1822,26.5,138,0,0,0,0,0,0
3684,L51858,L,297.5,306.8,1580,44.1,140,0,0,0,0,0,0
3685,L51859,L,297.5,306.8,1905,26.2,142,0,0,0,0,0,0
3686,L51860,L,297.5,306.8,1696,37.0,144,0,0,0,0,0,0
3687,L51861,L,297.5,306.7,1716,25.2,146,0,0,0,0,0,0
3688,H70746,H,297.4,306.7,1625,40.6,151,0,0,0,0,0,0
3689,M11082,M,297.5,306.8,1591,51.2,154,0,0,0,0,0,0
3690,L51862,L,297.5,306.8,1625,33.9,156,0,0,0,0,0,0
3691,L51863,L,297.4,306.7,1711,39.8,158,0,0,0,0,0,0
3692,M11083,M,297.5,306.8,1691,31.8,161,0,0,0,0,0,0
3693,L51864,L,297.5,306.8,1864,32.5,163,0,0,0,0,0,0
3694,M11084,M,297.6,306.9,1654,31.7,166,0,0,0,0,0,0
3695,M11085,M,297.6,306.9,1598,47.9,169,0,0,0,0,0,0
3696,L51865,L,297.6,306.9,1684,25.9,171,0,0,0,0,0,0
3697,L51866,L,297.6,306.9,1835,36.7,173,0,0,0,0,0,0
3698,L51867,L,297.6,307.0,1499,44.1,175,0,0,0,0,0,0
3699,L51868,L,297.6,307.0,1611,49.1,177,0,0,0,0,0,0
3700,L51869,L,297.6,307.0,1655,44.4,179,0,0,0,0,0,0
3701,H70747,H,297.5,306.9,1552,39.3,184,0,0,0,0,0,0
3702,L51870,L,297.5,306.9,1917,34.3,186,0,0,0,0,0,0
3703,M11086,M,297.5,306.9,1518,49.3,189,0,0,0,0,0,0
3704,M11087,M,297.5,306.9,1698,31.3,192,0,0,0,0,0,0
3705,L51871,L,297.5,306.9,1846,31.5,194,0,0,0,0,0,0
3706,L51872,L,297.6,307.0,1546,53.5,196,0,0,0,0,0,0
3707,L51873,L,297.5,306.9,1644,43.6,198,0,0,0,0,0,0
3708,M11088,M,297.5,305.6,1598,44.0,201,0,0,0,0,0,0
3709,L51874,L,297.5,306.9,1614,46.0,203,1,1,0,0,0,0
3710,M11089,M,297.5,306.9,1752,39.1,206,0,0,0,0,0,0
3711,H70748,H,297.5,306.9,1687,25.6,211,1,1,0,0,0,0
3712,M11090,M,297.4,306.9,1398,42.5,214,0,0,0,0,0,0
3713,H70749,H,297.5,306.9,1648,39.8,219,0,0,0,0,0,0
3714,M11091,M,297.5,306.9,1700,31.4,222,0,0,0,0,0,0
3715,H70750,H,297.4,306.9,1724,29.1,227,0,0,0,0,0,0
3716,H70751,H,297.5,307.0,1636,39.5,232,0,0,0,0,0,0
3717,M11092,M,297.5,307.0,1643,26.4,235,1,1,0,0,0,0
3718,H70752,H,297.5,305.7,1635,38.6,240,0,0,0,0,0,0
3719,H70753,H,297.5,307.0,1823,37.4,245,0,0,0,0,0,0
3720,L51875,L,297.5,307.0,1652,38.8,247,0,0,0,0,0,0
3721,M11093,M,297.5,307.0,1688,44.0,250,0,0,0,0,0,0
3722,M11094,M,297.5,307.0,1175,46.2,253,0,0,0,0,0,0
3723,H70754,H,297.5,307.0,1661,32.9,19,0,0,0,0,0,0
3724,L51876,L,297.6,307.0,1515,48.7,21,0,0,0,0,0,0
3725,H70755,H,297.6,307.0,1778,37.8,26,0,0,0,0,0,0
3726,M11095,M,297.6,307.0,1419,57.5,29,0,0,0,0,0,0
3727,H70756,H,297.5,307.0,1714,34.1,34,0,0,0,0,0,0
3728,L51877,L,297.5,307.0,1764,23.9,36,0,0,0,0,0,0
3729,M11096,M,297.5,307.0,1631,48.3,39,0,0,0,0,0,0
3730,M11097,M,297.5,307.0,1417,44.3,42,0,0,0,0,0,0
3731,H70757,H,297.5,307.1,1405,52.0,47,0,0,0,0,0,0
3732,H70758,H,297.5,307.1,1644,43.1,52,0,0,0,0,0,0
3733,M11098,M,297.6,307.1,1445,63.4,55,1,0,0,1,0,0
3734,M11099,M,297.6,307.1,1602,38.1,58,0,0,0,0,0,0
3735,L51878,L,297.6,307.1,1557,50.5,60,0,0,0,0,0,0
3736,H70759,H,297.6,307.1,1583,34.7,65,0,0,0,0,0,0
3737,L51879,L,297.6,307.1,1514,44.9,67,0,0,0,0,0,0
3738,M11100,M,297.6,307.1,1615,46.8,70,0,0,0,0,0,0
3739,M11101,M,297.6,307.1,1435,48.3,73,0,0,0,0,0,0
3740,L51880,L,297.5,307.1,1564,47.8,75,0,0,0,0,0,0
3741,L51881,L,297.6,307.1,1758,7.6,77,1,0,0,1,0,0
3742,L51882,L,297.6,307.1,1651,39.3,79,0,0,0,0,0,0
3743,H70760,H,297.5,307.1,1895,34.2,84,0,0,0,0,0,0
3744,M11102,M,297.5,307.1,1581,36.2,87,0,0,0,0,0,0
3745,L51883,L,297.5,307.1,1701,37.2,89,0,0,0,0,0,0
3746,M11103,M,297.5,307.0,1619,49.8,92,0,0,0,0,0,0
3747,L51884,L,297.4,306.9,1690,42.0,94,0,0,0,0,0,0
3748,H70761,H,297.4,306.9,1657,34.9,99,0,0,0,0,0,0
3749,L51885,L,297.4,306.8,1856,25.3,101,0,0,0,0,0,0
3750,L51886,L,297.4,306.9,1632,55.3,103,1,0,0,1,0,0
3751,L51887,L,297.4,306.9,1747,33.5,105,0,0,0,0,0,0
3752,M11104,M,297.4,306.9,1530,38.7,108,0,0,0,0,0,0
3753,L51888,L,297.5,306.9,1547,61.4,110,1,0,0,1,0,0
3754,M11105,M,297.5,306.9,1636,33.8,113,0,0,0,0,0,0
3755,L51889,L,297.5,307.0,2007,37.2,115,0,0,0,0,0,0
3756,L51890,L,297.5,307.0,1582,42.3,117,0,0,0,0,0,0
3757,L51891,L,297.4,306.9,1728,23.9,119,0,0,0,0,0,0
3758,L51892,L,297.4,306.9,1781,22.8,121,0,0,0,0,0,0
3759,H70762,H,297.5,306.9,1763,35.2,126,0,0,0,0,0,0
3760,L51893,L,297.5,306.9,1757,35.5,128,0,0,0,0,0,0
3761,H70763,H,297.5,306.9,1669,41.3,133,0,0,0,0,0,0
3762,L51894,L,297.5,306.9,1706,30.2,135,0,0,0,0,0,0
3763,L51895,L,297.5,307.0,1598,44.3,137,0,0,0,0,0,0
3764,L51896,L,297.5,307.0,1740,18.4,139,1,0,0,1,0,0
3765,L51897,L,297.6,307.1,1583,39.3,1,0,0,0,0,0,0
3766,M11106,M,297.6,307.0,1593,43.6,4,0,0,0,0,0,0
3767,M11107,M,297.6,307.1,1665,43.3,7,0,0,0,0,0,0
3768,L51898,L,297.7,307.1,1797,38.4,9,0,0,0,0,0,0
3769,M11108,M,297.6,307.1,1671,33.4,12,0,0,0,0,0,0
3770,M11109,M,297.6,307.1,1587,38.1,15,0,0,0,0,0,0
3771,H70764,H,297.7,307.1,1673,52.3,20,1,0,0,1,0,0
3772,H70765,H,297.7,307.1,1501,34.0,25,0,0,0,0,0,0
3773,M11110,M,297.7,307.1,1693,49.8,28,0,0,0,0,0,0
3774,H70766,H,297.6,307.0,1462,51.4,33,0,0,0,0,0,0
3775,M11111,M,297.6,307.1,1799,22.6,36,0,0,0,0,0,0
3776,L51899,L,297.6,307.1,1614,38.7,38,0,0,0,0,0,0
3777,M11112,M,297.6,307.1,1730,30.2,41,0,0,0,0,0,0
3778,L51900,L,297.7,306.3,1916,25.0,43,0,0,0,0,0,0
3779,M11113,M,297.6,307.1,1533,47.9,46,0,0,0,0,0,0
3780,H70767,H,297.6,307.1,1535,44.7,51,0,0,0,0,0,0
3781,L51901,L,297.6,307.1,1643,42.6,53,0,0,0,0,0,0
3782,H70768,H,297.6,307.1,1844,29.1,58,0,0,0,0,0,0
3783,H70769,H,297.7,307.1,1655,42.1,63,0,0,0,0,0,0
3784,L51902,L,297.7,307.2,1722,26.9,65,0,0,0,0,0,0
3785,M11114,M,297.7,307.2,1661,40.8,68,0,0,0,0,0,0
3786,H70770,H,297.7,307.2,1594,33.4,73,0,0,0,0,0,0
3787,H70771,H,297.7,307.2,1611,50.5,78,0,0,0,0,0,0
3788,L51903,L,297.7,307.3,1634,36.4,80,0,0,0,0,0,0
3789,L51904,L,297.8,307.3,1757,42.3,82,0,0,0,0,0,0
3790,M11115,M,297.7,307.2,1710,42.3,85,0,0,0,0,0,0
3791,L51905,L,297.7,307.2,1535,39.2,87,0,0,0,0,0,0
3792,L51906,L,297.7,307.2,1619,41.1,89,0,0,0,0,0,0
3793,L51907,L,297.7,307.2,1682,43.0,91,0,0,0,0,0,0
3794,L51908,L,297.7,307.2,1608,31.0,93,0,0,0,0,0,0
3795,M11116,M,297.7,307.2,1532,44.0,96,0,0,0,0,0,0
3796,M11117,M,297.7,307.2,1564,48.6,99,0,0,0,0,0,0
3797,M11118,M,297.7,307.3,1660,44.0,102,0,0,0,0,0,0
3798,M11119,M,297.7,307.3,1762,36.5,105,0,0,0,0,0,0
3799,L51909,L,297.7,307.3,1662,41.7,107,0,0,0,0,0,0
3800,L51910,L,297.7,307.3,1891,36.4,109,0,0,0,0,0,0
3801,L51911,L,297.8,307.4,1595,38.8,111,0,0,0,0,0,0
3802,L51912,L,297.8,307.4,1778,28.1,113,0,0,0,0,0,0
3803,L51913,L,297.8,307.4,1478,53.8,115,0,0,0,0,0,0
3804,L51914,L,297.7,307.3,1694,59.4,117,1,0,0,1,0,0
3805,L51915,L,297.7,307.2,1809,33.0,119,0,0,0,0,0,0
3806,L51916,L,297.6,307.2,1673,47.9,121,0,0,0,0,0,0
3807,M11120,M,297.6,307.2,1418,54.6,124,0,0,0,0,0,0
3808,M11121,M,297.6,307.2,1763,30.4,127,0,0,0,0,0,0
3809,H70772,H,297.6,307.2,1689,18.4,132,1,0,0,1,0,0
3810,M11122,M,297.6,307.2,1612,55.2,135,1,0,0,1,0,0
3811,M11123,M,297.6,307.2,1520,39.9,138,0,0,0,0,0,0
3812,L51917,L,297.6,307.2,1701,34.8,140,0,0,0,0,0,0
3813,M11124,M,297.7,307.2,1616,40.5,143,0,0,0,0,0,0
3814,L51918,L,297.6,307.2,1599,36.3,145,0,0,0,0,0,0
3815,L51919,L,297.6,307.2,1549,69.6,147,1,0,0,1,0,0
3816,L51920,L,297.6,307.2,1673,34.7,149,0,0,0,0,0,0
3817,L51921,L,297.5,307.1,1615,43.3,151,0,0,0,0,0,0
3818,L51922,L,297.5,307.1,1649,52.9,153,1,0,0,1,0,0
3819,M11125,M,297.5,307.2,1754,52.9,156,1,0,0,1,0,0
3820,H70773,H,297.5,307.1,1618,51.0,161,0,0,0,0,0,0
3821,M11126,M,297.5,307.1,1510,35.7,164,0,0,0,0,0,0
3822,M11127,M,297.5,307.1,1518,38.5,167,0,0,0,0,0,0
3823,M11128,M,297.5,307.0,1769,18.3,170,1,0,0,1,0,0
3824,L51923,L,297.5,307.0,1746,39.3,172,0,0,0,0,0,0
3825,M11129,M,297.5,307.1,1660,40.3,175,0,0,0,0,0,0
3826,M11130,M,297.5,307.1,1657,47.4,178,0,0,0,0,0,0
3827,L51924,L,297.5,305.7,1551,58.0,180,1,0,0,1,0,0
3828,L51925,L,297.5,307.0,1700,47.1,182,0,0,0,0,0,0
3829,H70774,H,297.5,307.0,1650,50.7,187,0,0,0,0,0,0
3830,M11131,M,297.6,305.3,1559,39.8,190,0,0,0,0,0,0
3831,L51926,L,297.6,307.1,1624,52.8,192,0,0,0,0,0,0
3832,M11132,M,297.6,307.1,1511,40.1,195,0,0,0,0,0,0
3833,L51927,L,297.6,307.1,1631,51.4,197,0,0,0,0,0,0
3834,L51928,L,297.6,307.2,1583,48.0,199,0,0,0,0,0,0
3835,L51929,L,297.7,307.2,1644,43.9,201,0,0,0,0,0,0
3836,L51930,L,297.7,307.2,1759,24.6,203,0,0,0,0,0,0
3837,M11133,M,297.7,307.2,1618,50.9,206,0,0,0,0,0,0
3838,L51931,L,297.7,307.2,1758,43.8,208,0,0,0,0,0,0
3839,M11134,M,297.7,307.3,1617,47.0,211,0,0,0,0,0,0
3840,L51932,L,297.8,307.3,1651,43.1,213,0,0,0,0,0,0
3841,M11135,M,297.8,307.3,1744,44.9,216,0,0,0,0,0,0
3842,M11136,M,297.8,307.3,1753,53.0,219,1,0,0,1,0,0
3843,M11137,M,297.7,307.3,1673,35.3,222,1,1,0,0,0,0
3844,M11138,M,297.6,307.2,1580,44.7,225,0,0,0,0,0,0
3845,H70775,H,297.6,307.2,1649,32.2,230,0,0,0,0,0,0
3846,M11139,M,297.6,307.2,1661,45.8,233,1,1,0,0,0,0
3847,M11140,M,297.6,307.2,1619,42.5,236,0,0,0,0,0,0
3848,M11141,M,297.6,307.2,1945,33.7,239,0,0,0,0,0,0
3849,L51933,L,297.6,307.1,1746,40.9,241,0,0,0,0,0,0
3850,L51934,L,297.5,307.1,1753,34.3,243,0,0,0,0,0,0
3851,L51935,L,297.6,307.2,1773,36.2,245,0,0,0,0,0,0
3852,L51936,L,297.6,307.1,1753,43.5,247,0,0,0,0,0,0
3853,L51937,L,297.6,307.1,1653,42.7,249,0,0,0,0,0,0
3854,L51938,L,297.6,307.2,1773,20.8,251,0,0,0,0,0,0
3855,M11142,M,297.6,307.2,1721,43.7,3,0,0,0,0,0,0
3856,L51939,L,297.6,307.2,1556,37.0,5,0,0,0,0,0,0
3857,H70776,H,297.6,307.2,1640,35.9,10,0,0,0,0,0,0
3858,L51940,L,297.6,307.1,1703,28.7,12,0,0,0,0,0,0
3859,M11143,M,297.6,307.1,1735,39.5,15,0,0,0,0,0,0
3860,L51941,L,297.6,307.1,1629,34.8,17,0,0,0,0,0,0
3861,L51942,L,297.6,307.1,1520,52.7,19,0,0,0,0,0,0
3862,L51943,L,297.6,307.1,1702,22.5,21,0,0,0,0,0,0
3863,M11144,M,297.6,307.1,1742,30.4,24,0,0,0,0,0,0
3864,L51944,L,297.6,307.1,1698,29.7,26,0,0,0,0,0,0
3865,H70777,H,297.6,307.1,1506,42.6,31,0,0,0,0,0,0
3866,L51945,L,297.6,307.1,1476,51.7,33,0,0,0,0,0,0
3867,M11145,M,297.6,307.2,1636,45.0,36,0,0,0,0,0,0
3868,L51946,L,297.6,307.2,1722,29.1,38,0,0,0,0,0,0
3869,M11146,M,297.7,307.2,1675,35.7,41,0,0,0,0,0,0
3870,L51947,L,297.6,307.2,1650,31.9,43,0,0,0,0,0,0
3871,L51948,L,297.6,307.1,1694,45.1,45,0,0,0,0,0,0
3872,L51949,L,297.6,307.1,1707,35.5,47,0,0,0,0,0,0
3873,L51950,L,297.6,307.1,1754,25.9,49,0,0,0,0,0,0
3874,L51951,L,297.6,307.1,1653,45.8,51,0,0,0,0,0,0
3875,H70778,H,297.6,307.1,2148,52.6,56,1,0,0,1,0,0
3876,L51952,L,297.6,307.1,1567,38.2,58,0,0,0,0,0,0
3877,L51953,L,297.5,307.1,1606,41.2,60,0,0,0,0,0,0
3878,H70779,H,297.5,307.1,1698,24.9,65,0,0,0,0,0,0
3879,L51954,L,297.6,307.2,1870,19.4,67,0,0,0,0,0,0
3880,L51955,L,297.5,307.1,1713,21.5,69,0,0,0,0,0,0
3881,M11147,M,297.5,307.1,1581,39.6,72,0,0,0,0,0,0
3882,H70780,H,297.6,307.2,1656,36.9,77,0,0,0,0,0,0
3883,M11148,M,297.6,307.1,1631,45.5,80,0,0,0,0,0,0
3884,L51956,L,297.6,307.1,1768,38.0,82,0,0,0,0,0,0
3885,H70781,H,297.6,307.1,1564,49.9,87,0,0,0,0,0,0
3886,L51957,L,297.6,307.1,1543,48.7,89,0,0,0,0,0,0
3887,H70782,H,297.6,307.1,1585,36.8,94,0,0,0,0,0,0
3888,H70783,H,297.5,307.0,2091,30.0,99,0,0,0,0,0,0
3889,H70784,H,297.5,307.0,1980,20.8,104,0,0,0,0,0,0
3890,L51958,L,297.5,307.0,1610,54.3,106,1,0,0,1,0,0
3891,L51959,L,297.4,306.9,1753,30.6,108,0,0,0,0,0,0
3892,M11149,M,297.4,306.9,1728,25.0,111,0,0,0,0,0,0
3893,M11150,M,297.4,307.0,1306,41.3,114,0,0,0,0,0,0
3894,M11151,M,297.5,307.0,1798,25.1,117,0,0,0,0,0,0
3895,H70785,H,297.5,307.1,1694,41.3,122,0,0,0,0,0,0
3896,M11152,M,297.5,307.1,1699,36.6,125,0,0,0,0,0,0
3897,L51960,L,297.6,307.1,1603,49.2,127,0,0,0,0,0,0
3898,L51961,L,297.5,307.0,1575,48.4,129,0,0,0,0,0,0
3899,L51962,L,297.5,307.0,1631,51.0,131,0,0,0,0,0,0
3900,L51963,L,297.5,307.0,1647,42.1,133,0,0,0,0,0,0
3901,L51964,L,297.5,307.0,1887,31.4,135,0,0,0,0,0,0
3902,H70786,H,297.5,307.1,1798,29.6,140,0,0,0,0,0,0
3903,M11153,M,297.6,307.1,1617,34.7,143,0,0,0,0,0,0
3904,M11154,M,297.5,307.0,1441,59.9,146,1,0,0,1,0,0
3905,L51965,L,297.5,307.0,1627,37.5,148,0,0,0,0,0,0
3906,M11155,M,297.6,307.1,1544,41.6,151,0,0,0,0,0,0
3907,H70787,H,297.7,307.1,1530,55.2,156,0,0,0,0,0,0
3908,H70788,H,297.7,307.1,1549,42.5,161,0,0,0,0,0,0
3909,M11156,M,297.6,307.1,1659,32.5,164,0,0,0,0,0,0
3910,H70789,H,297.6,307.1,1584,47.3,169,0,0,0,0,0,0
3911,M11157,M,297.6,307.1,1686,35.7,172,0,0,0,0,0,0
3912,L51966,L,297.7,307.2,1616,42.9,174,0,0,0,0,0,0
3913,H70790,H,297.7,307.2,1542,45.1,179,0,0,0,0,0,0
3914,L51967,L,297.6,307.1,1785,35.1,181,0,0,0,0,0,0
3915,L51968,L,297.6,307.1,1677,41.9,183,0,0,0,0,0,0
3916,L51969,L,297.6,307.1,1518,56.0,185,0,0,0,0,0,0
3917,M11158,M,297.6,307.1,1603,33.7,188,0,0,0,0,0,0
3918,M11159,M,297.7,307.1,1449,53.2,191,0,0,0,0,0,0
3919,M11160,M,297.7,307.2,1542,34.1,194,0,0,0,0,0,0
3920,L51970,L,297.7,307.2,1651,58.0,196,1,0,0,1,1,0
3921,L51971,L,297.7,307.2,1779,31.4,198,0,0,0,0,0,0
3922,H70791,H,297.7,307.2,1618,36.1,203,0,0,0,0,0,0
3923,L51972,L,297.7,307.2,1695,55.1,205,1,0,0,1,1,0
3924,H70792,H,297.6,307.1,1625,55.5,210,1,1,0,1,0,0
3925,L51973,L,297.6,307.2,1626,48.2,17,0,0,0,0,0,0
3926,M11161,M,297.7,307.2,1784,29.2,20,0,0,0,0,0,0
3927,M11162,M,297.6,307.1,1701,40.8,23,0,0,0,0,0,0
3928,H70793,H,297.6,307.1,1664,40.0,12,0,0,0,0,0,0
3929,L51974,L,297.6,307.1,1673,31.4,14,0,0,0,0,0,0
3930,H70794,H,297.6,307.1,1604,47.0,8,0,0,0,0,0,0
3931,M11163,M,297.6,307.1,1546,32.2,11,0,0,0,0,0,0
3932,M11164,M,297.6,307.0,1645,27.1,14,0,0,0,0,0,0
3933,M11165,M,297.5,307.0,1896,23.8,17,0,0,0,0,0,0
3934,L51975,L,297.6,307.1,1486,57.1,19,0,0,0,0,0,0
3935,L51976,L,297.5,307.0,1510,34.9,21,0,0,0,0,0,0
3936,L51977,L,297.5,307.0,1757,35.1,23,0,0,0,0,0,0
3937,L51978,L,297.6,307.1,1726,29.7,25,0,0,0,0,0,0
3938,M11166,M,297.5,307.1,1606,53.7,28,1,0,0,1,0,0
3939,L51979,L,297.6,307.1,1708,26.2,30,0,0,0,0,0,0
3940,L51980,L,297.6,307.1,1795,28.0,32,0,0,0,0,0,0
3941,L51981,L,297.6,307.2,1804,36.8,34,0,0,0,0,0,0
3942,L51982,L,297.6,307.1,1604,39.8,36,0,0,0,0,0,0
3943,L51983,L,297.6,307.1,2093,46.6,38,1,0,0,1,0,0
3944,M11167,M,297.6,307.1,1786,33.2,41,0,0,0,0,0,0
3945,L51984,L,297.6,307.2,1518,55.4,43,0,0,0,0,0,0
3946,H70795,H,297.6,307.2,1821,33.3,48,0,0,0,0,0,0
3947,L51985,L,297.6,307.2,1803,29.9,50,0,0,0,0,0,0
3948,L51986,L,297.6,307.1,1596,29.0,52,0,0,0,0,0,0
3949,H70796,H,297.6,307.2,1834,32.3,57,0,0,0,0,0,0
3950,L51987,L,297.7,307.2,1604,28.3,59,0,0,0,0,0,0
3951,L51988,L,297.6,307.2,1199,47.5,61,0,0,0,0,0,0
3952,H70797,H,297.6,307.2,1764,30.0,66,0,0,0,0,0,0
3953,H70798,H,297.6,306.0,1751,38.7,71,0,0,0,0,0,0
3954,M11168,M,297.7,307.2,1712,29.7,74,0,0,0,0,0,0
3955,L51989,L,297.6,307.2,1654,28.3,76,0,0,0,0,0,0
3956,M11169,M,297.6,307.2,1569,51.1,79,0,0,0,0,0,0
3957,H70799,H,297.6,307.2,1533,56.0,84,0,0,0,0,0,0
3958,H70800,H,297.7,307.3,1660,52.7,89,1,0,0,1,0,0
3959,L51990,L,297.7,307.3,1690,25.3,91,0,0,0,0,0,0
3960,L51991,L,297.7,307.3,1661,26.7,93,0,0,0,0,0,0
3961,L51992,L,297.7,305.5,1414,59.8,95,0,0,0,0,0,0
3962,L51993,L,297.7,307.3,1610,37.5,97,0,0,0,0,0,0
3963,M11170,M,297.7,307.3,1711,26.3,100,0,0,0,0,0,0
3964,L51994,L,297.6,307.2,1492,50.8,102,0,0,0,0,0,0
3965,L51995,L,297.6,307.3,1489,40.7,104,0,0,0,0,0,0
3966,L51996,L,297.6,307.3,1709,45.7,106,0,0,0,0,0,0
3967,L51997,L,297.6,307.3,1676,17.6,108,1,0,0,1,0,0
3968,L51998,L,297.6,307.2,1549,36.7,110,0,0,0,0,0,0
3969,L51999,L,297.6,307.2,1742,49.5,112,1,0,0,1,0,0
3970,L52000,L,297.6,307.2,1760,33.6,114,0,0,0,0,0,0
3971,H70801,H,297.7,307.3,1678,52.4,119,1,0,0,1,0,0
3972,L52001,L,297.7,307.3,1764,26.8,121,0,0,0,0,0,0
3973,M11171,M,297.7,307.3,1774,38.9,124,0,0,0,0,0,0
3974,L52002,L,297.7,307.3,1644,56.4,126,1,0,0,1,0,0
3975,L52003,L,297.7,307.3,1679,28.5,128,0,0,0,0,0,0
3976,L52004,L,297.7,307.4,1540,42.7,130,0,0,0,0,0,0
3977,L52005,L,297.7,307.3,1504,45.9,132,0,0,0,0,0,0
3978,L52006,L,297.8,307.4,1633,40.9,134,0,0,0,0,0,0
3979,L52007,L,297.8,307.4,1564,37.5,136,0,0,0,0,0,0
3980,M11172,M,297.8,307.4,1624,31.2,139,0,0,0,0,0,0
3981,L52008,L,297.8,307.5,1626,42.0,141,0,0,0,0,0,0
3982,L52009,L,297.8,307.5,1781,39.0,143,0,0,0,0,0,0
3983,M11173,M,297.8,307.5,1589,25.6,146,0,0,0,0,0,0
3984,L52010,L,297.9,307.5,1595,51.0,148,0,0,0,0,0,0
3985,L52011,L,297.9,307.5,1585,30.9,150,0,0,0,0,0,0
3986,L52012,L,298.0,307.6,1673,25.9,152,0,0,0,0,0,0
3987,L52013,L,297.8,307.4,1765,34.0,154,0,0,0,0,0,0
3988,L52014,L,297.8,307.4,1620,31.1,156,0,0,0,0,0,0
3989,H70802,H,297.8,307.5,1640,37.4,161,0,0,0,0,0,0
3990,H70803,H,297.8,307.4,1727,27.6,166,0,0,0,0,0,0
3991,H70804,H,297.9,307.5,1690,44.5,171,0,0,0,0,0,0
3992,L52015,L,297.9,305.9,1529,53.8,173,0,0,0,0,0,0
3993,L52016,L,297.9,307.5,1758,41.1,175,0,0,0,0,0,0
3994,L52017,L,297.9,307.5,1335,25.6,177,0,0,0,0,0,0
3995,L52018,L,297.9,307.5,1741,30.9,179,0,0,0,0,0,0
3996,L52019,L,298.0,307.6,1621,42.2,181,0,0,0,0,0,0
3997,L52020,L,298.0,307.6,1819,20.3,183,0,0,0,0,0,0
3998,L52021,L,298.0,307.6,1897,27.7,185,0,0,0,0,0,0
3999,L52022,L,298.0,307.7,1711,23.5,187,0,0,0,0,0,0
4000,L52023,L,298.1,307.7,1643,41.2,189,0,0,0,0,0,0
4001,M11174,M,298.1,307.7,1499,61.6,192,1,0,0,1,0,0
4002,L52024,L,298.1,307.8,1663,27.4,194,0,0,0,0,0,0
4003,H70805,H,298.1,307.8,1545,48.2,199,0,0,0,0,0,0
4004,L52025,L,298.2,307.8,1328,34.4,201,1,1,0,0,0,0
4005,M11175,M,298.2,307.9,1649,26.8,204,0,0,0,0,0,0
4006,L52026,L,298.2,307.9,1921,55.6,206,1,0,0,1,1,0
4007,L52027,L,298.3,307.9,1253,61.6,208,1,0,0,0,1,0
4008,L52028,L,298.2,307.9,1753,44.1,210,0,0,0,0,0,0
4009,L52029,L,298.2,307.9,1779,43.6,212,1,1,0,0,0,0
4010,M11176,M,298.2,307.9,1705,40.6,215,0,0,0,0,0,0
4011,L52030,L,298.3,307.9,1579,38.5,217,0,0,0,0,0,0
4012,L52031,L,298.3,307.9,1519,43.4,219,0,0,0,0,0,0
4013,H70806,H,298.2,307.9,1474,46.8,10,0,0,0,0,0,0
4014,L52032,L,298.2,307.9,1621,56.6,12,1,0,0,1,0,0
4015,M11177,M,298.2,307.9,1791,34.8,15,0,0,0,0,0,0
4016,M11178,M,298.2,307.9,1658,41.3,18,0,0,0,0,0,0
4017,L52033,L,298.2,307.9,1732,39.1,20,0,0,0,0,0,0
4018,L52034,L,298.2,306.6,1637,50.2,22,0,0,0,0,0,0
4019,L52035,L,298.2,307.9,1456,64.0,24,1,0,0,1,0,0
4020,M11179,M,298.2,307.9,1686,50.6,27,0,0,0,0,0,0
4021,L52036,L,298.1,307.9,1694,48.0,29,0,0,0,0,0,0
4022,L52037,L,298.1,307.8,1514,49.1,31,0,0,0,0,0,0
4023,L52038,L,298.1,307.8,1657,52.7,33,1,0,0,1,0,0
4024,H70807,H,298.1,307.9,1511,64.1,38,1,0,0,1,0,0
4025,M11180,M,298.1,307.9,1714,23.1,41,0,0,0,0,0,0
4026,H70808,H,298.2,307.9,1654,46.0,46,0,0,0,0,0,0
4027,M11181,M,298.2,307.9,1817,14.2,49,1,0,0,1,0,0
4028,M11182,M,298.3,307.9,1681,49.5,52,0,0,0,0,0,0
4029,L52039,L,298.3,308.0,1545,45.5,54,0,0,0,0,0,0
4030,H70809,H,298.4,308.1,1729,34.5,59,0,0,0,0,0,0
4031,M11183,M,298.4,308.1,1684,13.3,62,1,0,0,1,0,0
4032,L52040,L,298.3,308.0,1635,39.9,64,0,0,0,0,0,0
4033,M11184,M,298.3,308.0,1628,42.2,67,0,0,0,0,0,0
4034,M11185,M,298.3,308.0,1741,39.4,70,0,0,0,0,0,0
4035,L52041,L,298.3,308.0,1683,33.8,72,0,0,0,0,0,0
4036,L52042,L,298.3,308.0,1673,31.0,74,0,0,0,0,0,0
4037,L52043,L,298.3,308.0,1781,39.5,76,0,0,0,0,0,0
4038,H70810,H,298.3,308.0,1653,32.0,81,0,0,0,0,0,0
4039,L52044,L,298.3,308.0,1566,48.1,83,0,0,0,0,0,0
4040,H70811,H,298.3,308.0,1485,39.2,88,0,0,0,0,0,0
4041,L52045,L,298.3,308.0,1720,22.8,90,0,0,0,0,0,0
4042,M11186,M,298.3,308.0,1556,41.8,9,0,0,0,0,0,0
4043,L52046,L,298.3,308.0,1606,44.1,11,0,0,0,0,0,0
4044,H70812,H,298.3,308.0,1587,56.2,16,1,0,0,1,0,0
4045,L52047,L,298.3,308.0,1504,49.3,18,0,0,0,0,0,0
4046,L52048,L,298.3,308.1,1623,31.0,20,0,0,0,0,0,0
4047,L52049,L,298.3,308.0,1432,54.3,22,0,0,0,0,0,0
4048,L52050,L,298.3,308.0,1676,26.1,24,0,0,0,0,0,0
4049,L52051,L,298.3,308.0,1564,40.3,26,0,0,0,0,0,0
4050,M11187,M,298.3,306.4,1804,47.5,29,0,0,0,0,0,0
4051,H70813,H,298.3,308.0,1710,54.6,34,1,0,0,1,0,0
4052,M11188,M,298.3,308.0,1673,58.9,37,1,0,0,1,0,0
4053,M11189,M,298.4,308.1,1467,52.7,40,0,0,0,0,0,0
4054,L52052,L,298.4,308.1,1641,38.6,42,0,0,0,0,0,0
4055,H70814,H,298.4,308.1,1512,45.8,47,0,0,0,0,0,0
4056,H70815,H,298.3,308.1,1804,42.2,52,0,0,0,0,0,0
4057,L52053,L,298.4,308.1,1762,32.9,54,0,0,0,0,0,0
4058,H70816,H,298.3,308.1,1561,38.8,59,0,0,0,0,0,0
4059,L52054,L,298.4,308.1,1590,58.0,61,1,0,0,1,0,0
4060,H70817,H,298.3,308.1,1483,46.5,66,0,0,0,0,0,0
4061,H70818,H,298.3,308.1,1531,60.6,71,1,0,0,1,0,0
4062,M11190,M,298.3,308.1,1690,29.2,74,0,0,0,0,0,0
4063,L52055,L,298.3,308.1,1736,36.2,76,0,0,0,0,0,0
4064,M11191,M,298.4,308.2,1717,44.2,79,0,0,0,0,0,0
4065,L52056,L,298.4,308.2,1613,47.4,81,0,0,0,0,0,0
4066,M11192,M,298.4,306.5,1636,38.8,84,0,0,0,0,0,0
4067,L52057,L,298.4,308.2,1317,48.0,86,0,0,0,0,0,0
4068,M11193,M,298.5,308.3,1749,47.9,89,0,0,0,0,0,0
4069,H70819,H,298.4,308.2,2083,26.1,94,0,0,0,0,0,0
4070,L52058,L,298.4,308.2,1620,47.5,96,0,0,0,0,0,0
4071,L52059,L,298.4,308.2,1798,50.7,98,1,0,0,1,0,0
4072,M11194,M,298.4,308.3,1527,43.0,101,0,0,0,0,0,0
4073,L52060,L,298.4,308.3,1748,21.6,103,0,0,0,0,0,0
4074,L52061,L,298.4,308.2,1709,37.2,105,0,0,0,0,0,0
4075,L52062,L,298.3,308.1,1726,44.4,107,0,0,0,0,0,0
4076,L52063,L,298.3,308.1,1695,31.3,109,0,0,0,0,0,0
4077,M11195,M,298.3,308.1,1708,49.2,112,0,0,0,0,0,0
4078,M11196,M,298.4,308.2,1575,47.3,115,0,0,0,0,0,0
4079,L52064,L,298.3,308.1,1692,41.3,117,0,0,0,0,0,0
4080,L52065,L,298.3,308.1,1686,40.2,119,0,0,0,0,0,0
4081,L52066,L,298.3,308.1,1632,41.9,121,0,0,0,0,0,0
4082,L52067,L,298.3,308.1,1679,40.0,123,0,0,0,0,0,0
4083,M11197,M,298.3,308.1,1638,27.1,126,0,0,0,0,0,0
4084,L52068,L,298.3,308.1,1645,35.7,128,0,0,0,0,0,0
4085,M11198,M,298.3,308.2,1530,40.7,131,0,0,0,0,0,0
4086,H70820,H,298.3,308.2,1536,54.2,136,0,0,0,0,0,0
4087,M11199,M,298.3,308.2,1716,46.9,139,0,0,0,0,0,0
4088,M11200,M,298.4,306.3,1611,54.7,142,1,0,0,1,0,0
4089,L52069,L,298.3,308.2,1751,26.0,144,0,0,0,0,0,0
4090,L52070,L,298.3,308.2,1525,36.4,146,0,0,0,0,0,0
4091,L52071,L,298.4,308.2,1571,60.7,148,1,0,0,1,0,0
4092,M11201,M,298.4,308.2,1683,32.6,151,0,0,0,0,0,0
4093,H70821,H,298.4,308.3,1738,32.4,156,0,0,0,0,0,0
4094,L52072,L,298.4,308.3,1789,37.3,158,0,0,0,0,0,0
4095,L52073,L,298.4,308.3,1508,60.2,160,1,0,0,1,0,0
4096,L52074,L,298.4,308.3,1657,33.3,162,0,0,0,0,0,0
4097,M11202,M,298.4,308.3,1704,45.6,165,0,0,0,0,0,0
4098,M11203,M,298.4,308.3,1575,43.9,168,0,0,0,0,0,0
4099,M11204,M,298.4,308.2,1758,20.7,171,0,0,0,0,0,0
4100,H70822,H,298.4,308.2,1471,39.8,176,0,0,0,0,0,0
4101,L52075,L,298.4,308.2,1651,34.5,178,0,0,0,0,0,0
4102,M11205,M,298.3,308.2,1732,46.8,181,0,0,0,0,0,0
4103,M11206,M,298.4,308.2,1590,57.4,184,1,0,0,1,0,0
4104,L52076,L,298.3,308.2,1749,36.6,186,0,0,0,0,0,0
4105,H70823,H,298.3,308.2,1754,36.6,191,0,0,0,0,0,0
4106,L52077,L,298.3,308.2,1641,65.2,193,1,0,0,1,1,0
4107,M11207,M,298.3,308.2,1656,32.9,196,0,0,0,0,0,0
4108,M11208,M,298.4,308.3,1805,26.6,199,0,0,0,0,0,0
4109,H70824,H,298.4,308.3,1781,53.8,204,1,0,0,1,0,0
4110,M11209,M,298.4,308.3,1650,39.5,207,0,0,0,0,0,0
4111,L52078,L,298.4,308.3,1516,42.8,209,1,1,0,0,0,0
4112,H70825,H,298.5,308.4,1480,62.3,214,1,0,0,1,1,0
4113,M11210,M,298.5,308.4,1765,26.0,217,0,0,0,0,0,0
4114,M11211,M,298.5,308.4,1511,38.0,220,1,1,0,0,0,0
4115,M11212,M,298.5,308.3,1646,27.6,223,0,0,0,0,0,0
4116,L52079,L,298.5,308.4,1603,43.4,225,1,1,0,0,0,0
4117,M11213,M,298.5,308.4,1689,34.5,228,1,1,0,0,0,0
4118,H70826,H,298.5,308.4,1873,28.3,233,0,0,0,0,0,0
4119,L52080,L,298.4,308.3,1674,47.3,235,1,0,0,0,1,0
4120,L52081,L,298.4,308.3,1549,40.1,237,0,0,0,0,0,0
4121,H70827,H,298.5,308.3,2063,27.5,242,0,0,0,0,0,0
4122,M11214,M,298.4,308.3,1710,28.1,245,0,0,0,0,0,0
4123,H70828,H,298.5,308.3,1488,42.1,250,0,0,0,0,0,0
4124,L52082,L,298.5,308.4,1643,23.3,252,0,0,0,0,0,0
4125,H70829,H,298.5,308.3,1545,42.3,19,0,0,0,0,0,0
4126,L52083,L,298.5,308.4,1459,53.4,21,0,0,0,0,0,0
4127,M11215,M,298.5,308.4,1661,46.7,24,0,0,0,0,0,0
4128,L52084,L,298.5,308.3,1442,33.8,26,0,0,0,0,0,0
4129,M11216,M,298.5,308.3,1724,42.7,29,0,0,0,0,0,0
4130,H70830,H,298.4,308.3,1788,27.5,34,0,0,0,0,0,0
4131,M11217,M,298.5,308.3,1602,41.4,37,0,0,0,0,0,0
4132,M11218,M,298.5,308.3,1749,36.7,40,0,0,0,0,0,0
4133,L52085,L,298.5,308.4,1606,29.6,42,0,0,0,0,0,0
4134,M11219,M,298.6,308.4,1542,46.2,45,0,0,0,0,0,0
4135,M11220,M,298.5,308.3,1802,20.2,48,0,0,0,0,0,0
4136,L52086,L,298.5,308.3,1693,28.1,50,0,0,0,0,0,0
4137,M11221,M,298.5,308.3,1649,29.3,53,0,0,0,0,0,0
4138,H70831,H,298.5,308.3,1666,35.0,58,0,0,0,0,0,0
4139,M11222,M,298.4,306.6,1701,53.0,61,1,0,0,1,0,0
4140,M11223,M,298.5,308.4,1726,47.5,64,0,0,0,0,0,0
4141,L52087,L,298.5,308.4,1683,41.1,66,0,0,0,0,0,0
4142,M11224,M,298.5,308.4,1615,40.6,69,0,0,0,0,0,0
4143,L52088,L,298.6,308.4,1698,39.9,71,0,0,0,0,0,0
4144,L52089,L,298.6,308.5,1501,53.7,73,0,0,0,0,0,0
4145,L52090,L,298.7,308.5,1850,21.8,75,0,0,0,0,0,0
4146,L52091,L,298.6,308.5,1695,47.7,77,0,0,0,0,0,0
4147,L52092,L,298.6,308.5,1850,34.9,79,0,0,0,0,0,0
4148,M11225,M,298.6,308.5,1552,45.0,82,0,0,0,0,0,0
4149,L52093,L,298.6,308.5,1540,45.1,84,0,0,0,0,0,0
4150,L52094,L,298.7,308.6,1661,47.3,86,0,0,0,0,0,0
4151,L52095,L,298.6,308.5,1543,55.8,88,1,0,0,1,0,0
4152,M11226,M,298.6,308.5,1811,26.3,91,0,0,0,0,0,0
4153,L52096,L,298.7,308.6,1716,50.1,93,0,0,0,0,0,0
4154,L52097,L,298.7,308.6,1807,39.4,95,0,0,0,0,0,0
4155,M11227,M,298.7,308.6,2099,35.4,98,0,0,0,0,0,0
4156,L52098,L,298.7,308.6,1623,60.3,100,1,0,0,1,0,0
4157,H70832,H,298.7,308.7,1567,47.0,3,0,0,0,0,0,0
4158,L52099,L,298.7,308.7,1691,35.8,5,0,0,0,0,0,0
4159,L52100,L,298.7,308.6,1595,49.6,7,0,0,0,0,0,0
4160,L52101,L,298.7,308.6,1643,39.5,9,0,0,0,0,0,0
4161,M11228,M,298.7,308.6,1837,35.7,12,0,0,0,0,0,0
4162,L52102,L,298.7,308.6,1561,33.9,14,0,0,0,0,0,0
4163,H70833,H,298.7,308.6,1634,43.0,19,0,0,0,0,0,0
4164,L52103,L,298.7,308.6,1687,33.9,21,0,0,0,0,0,0
4165,M11229,M,298.8,308.6,1700,41.6,24,0,0,0,0,0,0
4166,L52104,L,298.8,307.2,1505,48.9,26,0,0,0,0,0,0
4167,L52105,L,298.8,308.7,1617,41.1,28,0,0,0,0,0,0
4168,L52106,L,298.8,308.8,1494,59.8,30,1,0,0,1,0,0
4169,M11230,M,298.9,308.8,1447,40.1,33,0,0,0,0,0,0
4170,L52107,L,298.9,308.8,1684,53.5,35,1,0,0,1,0,0
4171,H70834,H,298.9,308.8,1467,49.8,40,0,0,0,0,0,0
4172,M11231,M,298.9,307.0,1426,55.3,43,0,0,0,0,0,0
4173,H70835,H,299.0,308.9,1633,59.7,48,1,0,0,1,0,0
4174,L52108,L,298.9,308.8,1711,22.4,50,0,0,0,0,0,0
4175,M11232,M,298.9,308.8,1609,42.7,16,0,0,0,0,0,0
4176,M11233,M,298.9,308.7,1631,38.9,19,0,0,0,0,0,0
4177,M11234,M,298.9,308.7,1741,41.1,22,0,0,0,0,0,0
4178,H70836,H,298.8,308.7,1621,36.0,27,0,0,0,0,0,0
4179,M11235,M,298.8,308.7,1732,34.6,30,0,0,0,0,0,0
4180,H70837,H,298.8,308.7,1604,29.0,35,0,0,0,0,0,0
4181,M11236,M,298.8,308.7,1675,41.0,38,0,0,0,0,0,0
4182,L52109,L,298.8,308.7,1683,49.3,40,0,0,0,0,0,0
4183,M11237,M,298.9,308.8,1802,35.1,43,0,0,0,0,0,0
4184,L52110,L,298.9,308.8,1528,36.7,45,0,0,0,0,0,0
4185,H70838,H,298.9,308.8,1660,33.0,50,0,0,0,0,0,0
4186,H70839,H,298.9,308.8,1846,30.1,55,0,0,0,0,0,0
4187,L52111,L,298.9,308.8,1745,37.6,57,0,0,0,0,0,0
4188,L52112,L,298.9,308.8,1614,43.4,59,0,0,0,0,0,0
4189,L52113,L,298.9,308.8,1585,52.6,61,0,0,0,0,0,0
4190,L52114,L,298.9,308.8,1739,28.1,63,0,0,0,0,0,0
4191,L52115,L,298.9,308.8,1618,39.7,65,0,0,0,0,0,0
4192,M11238,M,298.9,308.8,1638,51.8,68,0,0,0,0,0,0
4193,M11239,M,298.9,308.8,1755,28.2,71,0,0,0,0,0,0
4194,H70840,H,299.0,308.9,1484,52.7,76,0,0,0,0,0,0
4195,L52116,L,299.0,308.9,1629,35.6,78,0,0,0,0,0,0
4196,M11240,M,299.0,308.9,1572,47.1,81,0,0,0,0,0,0
4197,L52117,L,299.0,308.9,1638,37.8,83,0,0,0,0,0,0
4198,H70841,H,299.0,308.9,1650,44.6,88,0,0,0,0,0,0
4199,L52118,L,298.9,308.8,1583,56.1,90,1,0,0,1,0,0
4200,L52119,L,298.9,308.8,1592,38.8,92,0,0,0,0,0,0
4201,L52120,L,298.8,308.7,1719,50.0,94,0,0,0,0,0,0
4202,H70842,H,298.8,308.7,1636,42.7,99,0,0,0,0,0,0
4203,L52121,L,298.8,308.8,1823,32.1,101,0,0,0,0,0,0
4204,M11241,M,298.9,308.8,1787,38.5,104,0,0,0,0,0,0
4205,M11242,M,298.8,308.8,1565,37.9,107,0,0,0,0,0,0
4206,M11243,M,298.9,308.8,1679,25.9,110,0,0,0,0,0,0
4207,L52122,L,298.8,308.7,1589,44.6,112,0,0,0,0,0,0
4208,L52123,L,298.8,308.7,1644,46.6,114,0,0,0,0,0,0
4209,L52124,L,298.8,308.7,1673,48.1,116,0,0,0,0,0,0
4210,L52125,L,298.8,308.7,1589,54.3,118,1,0,0,1,0,0
4211,M11244,M,298.8,308.7,1551,49.5,121,0,0,0,0,0,0
4212,L52126,L,298.8,308.7,1830,34.0,123,0,0,0,0,0,0
4213,L52127,L,298.8,308.7,1631,36.1,12,0,0,0,0,0,0
4214,L52128,L,298.8,308.7,1673,48.4,14,0,0,0,0,0,0
4215,M11245,M,298.8,308.7,1626,43.9,17,0,0,0,0,0,0
4216,L52129,L,298.9,308.7,1645,39.8,19,0,0,0,0,0,0
4217,M11246,M,298.8,308.7,1756,31.3,22,0,0,0,0,0,0
4218,L52130,L,298.8,308.7,1816,34.7,24,0,0,0,0,0,0
4219,H70843,H,298.8,308.7,1647,45.8,29,0,0,0,0,0,0
4220,M11247,M,298.7,308.6,1707,20.5,32,0,0,0,0,0,0
4221,L52131,L,298.7,306.7,1905,16.6,34,1,0,0,1,0,0
4222,L52132,L,298.7,308.6,1658,46.9,36,0,0,0,0,0,0
4223,L52133,L,298.8,308.6,1693,34.7,38,0,0,0,0,0,0
4224,L52134,L,298.8,308.6,1718,44.7,40,0,0,0,0,0,0
4225,L52135,L,298.7,308.6,2017,55.8,42,1,0,0,1,0,0
4226,H70844,H,298.8,308.6,1924,29.9,47,0,0,0,0,0,0
4227,M11248,M,298.8,308.6,1737,23.3,50,0,0,0,0,0,0
4228,L52136,L,298.8,308.6,1768,37.2,52,0,0,0,0,0,0
4229,M11249,M,298.8,308.6,1725,33.2,55,0,0,0,0,0,0
4230,L52137,L,298.8,308.5,1691,39.7,57,0,0,0,0,0,0
4231,H70845,H,298.8,308.6,1589,45.4,62,0,0,0,0,0,0
4232,L52138,L,298.8,308.5,1601,43.3,64,0,0,0,0,0,0
4233,M11250,M,298.8,308.6,1692,40.5,67,0,0,0,0,0,0
4234,M11251,M,298.9,308.7,1517,50.6,70,0,0,0,0,0,0
4235,L52139,L,298.9,308.7,1563,46.7,72,0,0,0,0,0,0
4236,L52140,L,298.9,308.7,2081,38.2,74,0,0,0,0,0,0
4237,L52141,L,298.9,308.7,1729,46.4,76,0,0,0,0,0,0
4238,H70846,H,298.9,308.7,1738,24.5,81,0,0,0,0,0,0
4239,M11252,M,298.9,308.7,1601,50.6,84,0,0,0,0,0,0
4240,M11253,M,298.9,308.7,1554,40.2,87,0,0,0,0,0,0
4241,M11254,M,298.9,308.7,1865,28.0,90,0,0,0,0,0,0
4242,H70847,H,298.9,308.7,1771,35.8,7,0,0,0,0,0,0
4243,L52142,L,298.9,308.7,1706,50.4,9,0,0,0,0,0,0
4244,M11255,M,298.9,308.7,1559,32.3,12,0,0,0,0,0,0
4245,M11256,M,298.9,308.7,1660,44.1,15,0,0,0,0,0,0
4246,L52143,L,298.9,308.7,1520,48.8,17,0,0,0,0,0,0
4247,H70848,H,299.0,308.7,1718,40.2,22,0,0,0,0,0,0
4248,L52144,L,299.0,308.8,1724,31.4,24,0,0,0,0,0,0
4249,L52145,L,299.0,308.8,1700,39.4,26,0,0,0,0,0,0
4250,H70849,H,299.0,308.7,1659,25.9,31,0,0,0,0,0,0
4251,L52146,L,299.0,308.7,1582,35.1,33,0,0,0,0,0,0
4252,L52147,L,299.0,308.7,1650,28.9,35,0,0,0,0,0,0
4253,L52148,L,299.0,308.7,1680,39.5,37,0,0,0,0,0,0
4254,M11257,M,299.0,308.7,1694,27.3,40,0,0,0,0,0,0
4255,H70850,H,299.0,308.7,1668,40.8,45,0,0,0,0,0,0
4256,L52149,L,299.0,308.8,1499,51.3,47,0,0,0,0,0,0
4257,L52150,L,299.0,308.7,2007,52.0,49,1,0,0,1,0,0
4258,L52151,L,299.1,308.8,2260,27.5,51,0,0,0,0,0,0
4259,H70851,H,299.1,308.8,1715,33.3,56,0,0,0,0,0,0
4260,L52152,L,299.1,308.8,1641,48.5,58,0,0,0,0,0,0
4261,H70852,H,299.1,308.8,1650,47.0,63,0,0,0,0,0,0
4262,H70853,H,299.1,308.8,1636,33.8,68,0,0,0,0,0,0
4263,L52153,L,299.1,308.8,1822,35.1,70,0,0,0,0,0,0
4264,H70854,H,299.1,308.7,1678,40.8,75,0,0,0,0,0,0
4265,M11258,M,299.0,308.7,1761,21.7,78,0,0,0,0,0,0
4266,M11259,M,299.0,308.7,1685,45.3,81,0,0,0,0,0,0
4267,L52154,L,299.0,308.6,2098,50.8,83,1,0,0,1,0,0
4268,H70855,H,298.9,308.6,1558,36.1,88,0,0,0,0,0,0
4269,M11260,M,298.9,308.6,1729,25.8,91,0,0,0,0,0,0
4270,M11261,M,298.9,308.6,1778,54.1,94,1,0,0,1,0,0
4271,H70856,H,298.9,308.6,1788,42.2,99,0,0,0,0,0,0
4272,L52155,L,298.9,308.6,1604,47.1,101,0,0,0,0,0,0
4273,H70857,H,298.9,308.5,1784,26.8,106,0,0,0,0,0,0
4274,H70858,H,298.9,308.5,1689,26.8,111,0,0,0,0,0,0
4275,L52156,L,298.8,308.5,1660,44.1,113,0,0,0,0,0,0
4276,L52157,L,298.8,308.5,1555,50.3,115,0,0,0,0,0,0
4277,L52158,L,298.8,308.5,1666,28.7,117,0,0,0,0,0,0
4278,H70859,H,298.8,308.5,1602,39.0,122,0,0,0,0,0,0
4279,L52159,L,298.8,308.5,1884,24.1,18,0,0,0,0,0,0
4280,M11262,M,298.7,308.5,1643,33.0,21,0,0,0,0,0,0
4281,L52160,L,298.7,308.5,1766,37.4,23,0,0,0,0,0,0
4282,L52161,L,298.7,308.5,1586,44.9,25,0,0,0,0,0,0
4283,M11263,M,298.7,308.4,1710,18.9,28,1,0,0,1,0,0
4284,L52162,L,298.7,308.4,1616,53.2,30,1,0,0,1,0,0
4285,H70860,H,298.7,308.4,1542,38.3,35,0,0,0,0,0,0
4286,L52163,L,298.7,308.4,1643,52.9,37,1,0,0,1,0,0
4287,H70861,H,298.7,308.4,1601,47.0,42,0,0,0,0,0,0
4288,L52164,L,298.8,308.4,1556,48.5,44,0,0,0,0,0,0
4289,H70862,H,298.8,308.5,1476,60.2,49,1,0,0,1,0,0
4290,M11264,M,298.8,308.5,1868,32.2,52,0,0,0,0,0,0
4291,L52165,L,298.8,308.5,1640,41.4,54,0,0,0,0,0,0
4292,L52166,L,298.8,308.5,1695,30.1,56,0,0,0,0,0,0
4293,L52167,L,298.8,308.5,1734,39.0,58,0,0,0,0,0,0
4294,M11265,M,298.9,308.5,1537,47.2,61,0,0,0,0,0,0
4295,H70863,H,298.8,308.5,1693,51.3,66,1,0,0,1,0,0
4296,L52168,L,298.8,308.5,1667,36.2,68,0,0,0,0,0,0
4297,L52169,L,298.9,308.5,1588,28.0,70,0,0,0,0,0,0
4298,M11266,M,298.9,308.5,1598,40.7,73,0,0,0,0,0,0
4299,M11267,M,298.9,308.5,1596,31.5,76,0,0,0,0,0,0
4300,M11268,M,298.8,308.5,1687,34.2,79,0,0,0,0,0,0
4301,L52170,L,298.7,308.4,1194,46.7,81,0,0,0,0,0,0
4302,M11269,M,298.8,308.5,1543,44.9,84,0,0,0,0,0,0
4303,H70864,H,298.8,308.5,1633,48.3,89,0,0,0,0,0,0
4304,L52171,L,298.8,308.5,1671,36.6,91,0,0,0,0,0,0
4305,L52172,L,298.8,308.5,1706,50.1,93,0,0,0,0,0,0
4306,L52173,L,298.8,308.4,1754,40.1,95,0,0,0,0,0,0
4307,M11270,M,298.8,308.4,1670,37.2,98,0,0,0,0,0,0
4308,L52174,L,298.7,308.4,1752,29.0,100,0,0,0,0,0,0
4309,H70865,H,298.7,308.4,1632,19.1,105,1,0,0,1,0,0
4310,M11271,M,298.6,308.3,1794,24.4,108,0,0,0,0,0,0
4311,M11272,M,298.6,308.2,1676,42.2,111,0,0,0,0,0,0
4312,M11273,M,298.6,308.3,1783,30.9,114,0,0,0,0,0,0
4313,L52175,L,298.6,308.2,1708,23.5,116,0,0,0,0,0,0
4314,H70866,H,298.6,308.2,1645,35.8,121,0,0,0,0,0,0
4315,L52176,L,298.6,308.3,1609,42.8,123,0,0,0,0,0,0
4316,M11274,M,298.6,308.3,1758,44.2,126,0,0,0,0,0,0
4317,H70867,H,298.6,308.2,1677,39.7,131,0,0,0,0,0,0
4318,M11275,M,298.6,308.2,1519,39.4,134,0,0,0,0,0,0
4319,H70868,H,298.6,308.2,1736,34.6,139,0,0,0,0,0,0
4320,L52177,L,298.6,308.3,1575,46.3,141,0,0,0,0,0,0
4321,H70869,H,298.7,308.3,1757,38.2,146,0,0,0,0,0,0
4322,M11276,M,298.7,308.4,1702,39.2,149,0,0,0,0,0,0
4323,M11277,M,298.7,308.3,2128,50.4,152,1,0,0,1,0,0
4324,L52178,L,298.7,308.3,1702,47.9,154,0,0,0,0,0,0
4325,L52179,L,298.7,308.3,1744,38.2,156,0,0,0,0,0,0
4326,M11278,M,298.7,308.3,1769,36.7,159,0,0,0,0,0,0
4327,L52180,L,298.6,308.2,1741,36.7,161,0,0,0,0,0,0
4328,M11279,M,298.6,308.2,1693,19.8,164,0,0,0,0,0,0
4329,H70870,H,298.6,308.2,1490,51.0,169,0,0,0,0,0,0
4330,H70871,H,298.6,308.2,1611,33.2,174,0,0,0,0,0,0
4331,L52181,L,298.5,308.1,1671,48.5,176,0,0,0,0,0,0
4332,H70872,H,298.5,308.1,1448,40.4,181,0,0,0,0,0,0
4333,L52182,L,298.5,308.1,1576,53.9,183,0,0,0,0,0,0
4334,L52183,L,298.5,308.1,1599,45.3,185,0,0,0,0,0,0
4335,H70873,H,298.5,308.1,1713,49.1,190,0,0,0,0,0,0
4336,L52184,L,298.5,308.1,1670,34.1,192,0,0,0,0,0,0
4337,L52185,L,298.4,308.0,1684,27.1,194,0,0,0,0,0,0
4338,L52186,L,298.5,308.1,1761,41.5,196,0,0,0,0,0,0
4339,M11280,M,298.5,308.1,1741,20.8,199,0,0,0,0,0,0
4340,H70874,H,298.5,308.1,1652,35.3,204,1,1,0,0,0,0
4341,L52187,L,298.4,308.1,1668,28.1,206,0,0,0,0,0,0
4342,L52188,L,298.5,308.1,1719,31.6,208,1,1,0,0,0,0
4343,M11281,M,298.5,308.1,1589,46.0,211,0,0,0,0,0,0
4344,L52189,L,298.5,308.1,1593,45.3,213,1,1,0,0,0,0
4345,M11282,M,298.5,308.1,1789,38.4,216,0,0,0,0,0,0
4346,H70875,H,298.5,308.1,1638,43.2,221,0,0,0,0,0,0
4347,M11283,M,298.5,308.2,1638,34.6,224,0,0,0,0,0,0
4348,H70876,H,298.5,308.2,1434,64.3,229,1,0,0,1,1,0
4349,M11284,M,298.5,308.2,1652,43.0,232,1,1,0,0,0,0
4350,H70877,H,298.5,308.1,1630,34.1,237,1,1,0,0,0,0
4351,L52190,L,298.5,308.2,1991,48.8,239,1,1,0,1,1,0
4352,L52191,L,298.5,308.1,1509,52.4,241,1,0,0,0,1,0
4353,M11285,M,298.5,308.1,1708,32.3,244,0,0,0,0,0,0
4354,L52192,L,298.5,308.1,1606,25.8,246,0,0,0,0,0,0
4355,H70878,H,298.5,308.1,1750,27.8,251,0,0,0,0,0,0
4356,M11286,M,298.5,308.1,1636,33.3,16,0,0,0,0,0,0
4357,H70879,H,298.5,308.1,1717,39.5,21,0,0,0,0,0,0
4358,L52193,L,298.5,308.1,1778,23.7,23,0,0,0,0,0,0
4359,L52194,L,298.5,308.1,1681,35.8,25,0,0,0,0,0,0
4360,M11287,M,298.5,308.1,1737,37.9,28,0,0,0,0,0,0
4361,L52195,L,298.5,308.1,1773,43.2,30,0,0,0,0,0,0
4362,M11288,M,298.5,308.1,1732,46.1,33,0,0,0,0,0,0
4363,M11289,M,298.5,308.1,1511,44.0,36,0,0,0,0,0,0
4364,H70880,H,298.4,308.1,1502,57.9,41,1,0,0,1,0,0
4365,M11290,M,298.5,308.1,1550,50.9,44,0,0,0,0,0,0
4366,L52196,L,298.5,308.2,1696,42.2,46,0,0,0,0,0,0
4367,L52197,L,298.5,308.1,1653,30.3,48,0,0,0,0,0,0
4368,M11291,M,298.5,308.1,2055,33.2,51,0,0,0,0,0,0
4369,L52198,L,298.5,308.1,1658,25.7,53,0,0,0,0,0,0
4370,L52199,L,298.5,308.1,1669,41.5,55,0,0,0,0,0,0
4371,L52200,L,298.5,308.1,1690,43.3,57,0,0,0,0,0,0
4372,L52201,L,298.5,308.2,1495,48.9,59,0,0,0,0,0,0
4373,M11292,M,298.5,308.2,1590,42.7,62,0,0,0,0,0,0
4374,L52202,L,298.4,308.1,1425,50.5,64,0,0,0,0,0,0
4375,M11293,M,298.4,308.1,1379,50.7,67,0,0,0,0,0,0
4376,L52203,L,298.4,308.1,1747,29.7,69,0,0,0,0,0,0
4377,M11294,M,298.4,308.1,1705,34.8,72,0,0,0,0,0,0
4378,L52204,L,298.4,308.1,1666,39.9,74,0,0,0,0,0,0
4379,H70881,H,298.3,308.0,1830,32.9,79,0,0,0,0,0,0
4380,L52205,L,298.3,307.9,1512,37.6,81,0,0,0,0,0,0
4381,M11295,M,298.2,307.9,1447,43.0,84,0,0,0,0,0,0
4382,L52206,L,298.2,307.9,1555,38.8,86,0,0,0,0,0,0
4383,L52207,L,298.1,307.8,1459,40.0,88,0,0,0,0,0,0
4384,L52208,L,298.1,307.7,1644,30.6,90,0,0,0,0,0,0
4385,H70882,H,298.0,307.7,1676,45.1,95,0,0,0,0,0,0
4386,H70883,H,298.0,307.7,1654,44.3,100,0,0,0,0,0,0
4387,L52209,L,298.1,307.8,1782,32.4,102,0,0,0,0,0,0
4388,L52210,L,298.1,307.8,1751,27.1,104,0,0,0,0,0,0
4389,M11296,M,298.1,307.8,1550,52.3,107,0,0,0,0,0,0
4390,M11297,M,298.1,307.8,1512,57.5,110,1,0,0,1,0,0
4391,L52211,L,298.1,307.8,2097,42.3,112,1,0,0,1,0,0
4392,M11298,M,298.1,307.8,1531,36.4,115,0,0,0,0,0,0
4393,M11299,M,298.1,307.9,1310,50.5,118,0,0,0,0,0,0
4394,M11300,M,298.1,307.9,1661,44.7,121,0,0,0,0,0,0
4395,L52212,L,298.2,307.9,2102,37.9,123,0,0,0,0,0,0
4396,L52213,L,298.1,307.9,1741,49.7,125,1,0,0,1,0,0
4397,L52214,L,298.1,307.9,1755,31.9,127,0,0,0,0,0,0
4398,M11301,M,298.2,307.9,1714,33.1,130,0,0,0,0,0,0
4399,L52215,L,298.2,307.9,1603,43.6,132,0,0,0,0,0,0
4400,M11302,M,298.2,307.9,1571,41.1,135,0,0,0,0,0,0
4401,M11303,M,298.2,307.9,1592,46.4,138,0,0,0,0,0,0
4402,M11304,M,298.2,307.9,1674,51.9,141,1,0,0,1,0,0
4403,L52216,L,298.2,307.9,1772,24.5,143,0,0,0,0,0,0
4404,L52217,L,298.2,307.9,1732,40.4,145,0,0,0,0,0,0
4405,L52218,L,298.2,307.9,1561,59.0,147,1,0,0,1,0,0
4406,M11305,M,298.2,307.9,1600,34.0,150,0,0,0,0,0,0
4407,H70884,H,298.2,307.9,1792,32.9,155,0,0,0,0,0,0
4408,L52219,L,298.2,307.9,1863,17.6,157,1,0,0,1,0,0
4409,H70885,H,298.2,307.9,1661,41.0,162,0,0,0,0,0,0
4410,L52220,L,298.2,307.9,1670,45.8,164,0,0,0,0,0,0
4411,L52221,L,298.2,307.9,1665,45.8,166,0,0,0,0,0,0
4412,L52222,L,298.2,307.9,1662,29.6,168,0,0,0,0,0,0
4413,M11306,M,298.1,307.8,1627,39.9,171,0,0,0,0,0,0
4414,L52223,L,298.2,307.8,1557,42.2,173,0,0,0,0,0,0
4415,L52224,L,298.2,307.8,1624,40.5,175,0,0,0,0,0,0
4416,M11307,M,298.1,307.8,1800,29.1,178,0,0,0,0,0,0
4417,M11308,M,298.2,307.8,1722,40.8,181,0,0,0,0,0,0
4418,L52225,L,298.2,307.9,1743,31.9,183,0,0,0,0,0,0
4419,L52226,L,298.2,307.8,1834,21.3,185,0,0,0,0,0,0
4420,M11309,M,298.2,307.8,1582,46.8,188,0,0,0,0,0,0
4421,L52227,L,298.2,307.8,1537,41.4,190,0,0,0,0,0,0
4422,L52228,L,298.2,306.2,1605,45.9,192,0,0,0,0,0,0
4423,M11310,M,298.2,307.8,1671,34.7,195,0,0,0,0,0,0
4424,L52229,L,298.2,307.8,1678,46.3,197,0,0,0,0,0,0
4425,M11311,M,298.2,307.9,1643,50.2,200,1,1,0,0,0,0
4426,L52230,L,298.3,307.9,1650,57.5,202,1,0,0,1,1,0
4427,L52231,L,298.3,307.9,1426,48.1,204,0,0,0,0,0,0
4428,L52232,L,298.3,307.9,1558,43.8,206,0,0,0,0,0,0
4429,L52233,L,298.3,307.9,1714,26.2,208,1,1,0,0,0,0
4430,L52234,L,298.3,307.9,1699,38.9,210,0,0,0,0,0,0
4431,L52235,L,298.3,307.9,1912,25.8,212,1,1,0,0,0,0
4432,H70886,H,298.3,307.9,1605,31.8,217,0,0,0,0,0,0
4433,H70887,H,298.3,307.9,1484,59.6,222,1,1,0,1,1,0
4434,L52236,L,298.3,307.8,1665,29.8,224,0,0,0,0,0,0
4435,M11312,M,298.3,307.8,1705,16.6,227,1,0,0,1,0,0
4436,M11313,M,298.2,307.8,1528,48.1,230,1,1,0,0,0,0
4437,H70888,H,298.2,307.8,1689,33.3,235,1,1,0,0,0,0
4438,L52237,L,298.2,307.8,1699,47.7,237,1,0,0,0,1,0
4439,L52238,L,298.2,307.8,1722,28.3,239,0,0,0,0,0,0
4440,L52239,L,298.2,307.7,1595,35.7,241,0,0,0,0,0,0
4441,L52240,L,298.2,307.7,1570,52.0,243,1,0,0,0,1,0
4442,L52241,L,298.2,307.7,1625,26.8,245,0,0,0,0,0,0
4443,H70889,H,298.2,307.7,1747,38.3,250,0,0,0,0,0,0
4444,H70890,H,298.1,307.6,1767,42.9,2,0,0,0,0,0,0
4445,L52242,L,298.1,307.7,1544,32.8,4,0,0,0,0,0,0
4446,L52243,L,298.1,307.6,1658,42.4,6,0,0,0,0,0,0
4447,L52244,L,298.1,307.6,1999,40.2,8,0,0,0,0,0,0
4448,L52245,L,298.1,307.6,1628,45.3,10,0,0,0,0,0,0
4449,M11314,M,298.0,307.6,1547,58.4,13,1,0,0,1,0,0
4450,L52246,L,298.1,307.6,1390,66.8,15,1,0,0,1,0,0
4451,H70891,H,298.1,307.7,1735,44.6,20,0,0,0,0,0,0
4452,H70892,H,298.1,307.6,1642,38.9,25,0,0,0,0,0,0
4453,M11315,M,298.1,307.6,1585,44.4,28,0,0,0,0,0,0
4454,M11316,M,298.0,307.5,1673,37.7,31,0,0,0,0,0,0
4455,M11317,M,298.0,307.6,1654,24.1,34,0,0,0,0,0,0
4456,L52247,L,298.0,307.5,1636,39.5,36,0,0,0,0,0,0
4457,L52248,L,298.1,307.6,1428,50.8,38,0,0,0,0,0,0
4458,M11318,M,298.0,307.6,1514,25.4,41,0,0,0,0,0,0
4459,L52249,L,298.1,307.6,1614,30.2,43,0,0,0,0,0,0
4460,H70893,H,298.1,307.7,1632,34.2,48,0,0,0,0,0,0
4461,L52250,L,298.1,307.7,1893,43.7,50,0,0,0,0,0,0
4462,L52251,L,298.1,307.7,1482,63.8,52,1,0,0,1,0,0
4463,L52252,L,298.1,307.7,1644,31.9,54,0,0,0,0,0,0
4464,H70894,H,298.1,307.7,1640,40.9,59,0,0,0,0,0,0
4465,L52253,L,298.1,307.7,1705,40.1,61,0,0,0,0,0,0
4466,L52254,L,298.1,307.7,1820,37.0,63,0,0,0,0,0,0
4467,L52255,L,298.1,307.7,1691,39.5,65,0,0,0,0,0,0
4468,M11319,M,298.0,307.7,1586,35.4,68,0,0,0,0,0,0
4469,H70895,H,298.0,307.7,1567,67.4,73,1,0,0,1,0,0
4470,L52256,L,298.0,307.7,2157,47.5,75,1,0,0,1,0,0
4471,H70896,H,298.0,307.6,1573,35.4,80,0,0,0,0,0,0
4472,L52257,L,298.0,307.6,1493,51.8,82,0,0,0,0,0,0
4473,M11320,M,298.1,307.6,1509,42.6,85,0,0,0,0,0,0
4474,L52258,L,298.0,307.6,1596,40.6,87,0,0,0,0,0,0
4475,L52259,L,298.0,307.6,1693,38.2,89,0,0,0,0,0,0
4476,M11321,M,298.0,307.6,1796,37.5,92,0,0,0,0,0,0
4477,M11322,M,298.0,307.6,1794,27.8,95,0,0,0,0,0,0
4478,L52260,L,298.0,307.6,1772,23.3,97,0,0,0,0,0,0
4479,H70897,H,298.0,307.6,1635,43.7,102,0,0,0,0,0,0
4480,H70898,H,298.0,307.6,1695,38.1,107,0,0,0,0,0,0
4481,L52261,L,298.0,307.6,1645,48.8,109,0,0,0,0,0,0
4482,M11323,M,298.0,307.6,1464,31.1,112,0,0,0,0,0,0
4483,M11324,M,298.1,307.7,1705,29.0,115,0,0,0,0,0,0
4484,L52262,L,298.1,307.7,1633,47.8,117,0,0,0,0,0,0
4485,H70899,H,298.0,307.7,1629,37.0,122,0,0,0,0,0,0
4486,L52263,L,298.0,307.7,1616,48.6,124,0,0,0,0,0,0
4487,M11325,M,298.0,307.6,1625,40.3,127,0,0,0,0,0,0
4488,L52264,L,298.0,307.7,1445,58.8,129,0,0,0,0,0,0
4489,L52265,L,298.0,307.6,1689,47.6,131,0,0,0,0,0,0
4490,M11326,M,298.1,307.7,1763,44.1,134,0,0,0,0,0,0
4491,M11327,M,298.0,307.7,1605,48.0,137,0,0,0,0,0,0
4492,H70900,H,298.0,307.7,1694,37.3,142,0,0,0,0,0,0
4493,H70901,H,298.1,307.7,1813,23.6,147,0,0,0,0,0,0
4494,L52266,L,298.1,307.7,1618,43.6,149,0,0,0,0,0,0
4495,L52267,L,298.1,307.7,1566,59.4,151,1,0,0,1,0,0
4496,L52268,L,298.1,307.7,1400,17.1,153,1,0,0,1,0,0
4497,L52269,L,298.1,307.7,1576,44.7,155,0,0,0,0,0,0
4498,L52270,L,298.0,307.7,1777,24.6,157,0,0,0,0,0,0
4499,H70902,H,298.0,307.6,1697,39.8,162,0,0,0,0,0,0
4500,M11328,M,298.0,307.7,1729,40.8,165,0,0,0,0,0,0
4501,L52271,L,298.0,307.7,1611,47.5,167,0,0,0,0,0,0
4502,L52272,L,298.1,307.7,1531,42.1,169,0,0,0,0,0,0
4503,M11329,M,298.1,307.7,1678,53.7,172,1,0,0,1,0,0
4504,L52273,L,298.0,307.6,1523,51.7,174,0,0,0,0,0,0
4505,L52274,L,297.9,307.6,1593,38.0,176,0,0,0,0,0,0
4506,L52275,L,298.0,307.7,1545,50.9,178,0,0,0,0,0,0
4507,L52276,L,298.0,305.8,1509,36.9,180,0,0,0,0,0,0
4508,L52277,L,298.0,307.7,1656,35.2,182,0,0,0,0,0,0
4509,M11330,M,298.1,307.7,1768,28.0,185,0,0,0,0,0,0
4510,L52278,L,298.0,307.7,1543,53.1,187,0,0,0,0,0,0
4511,M11331,M,298.0,307.6,1786,37.0,190,0,0,0,0,0,0
4512,M11332,M,298.0,307.7,1891,15.8,193,1,0,0,1,0,0
4513,H70903,H,298.1,307.7,1702,45.4,198,0,0,0,0,0,0
4514,L52279,L,298.0,307.7,1498,35.7,200,0,0,0,0,0,0
4515,L52280,L,298.0,307.6,1795,37.0,202,0,0,0,0,0,0
4516,L52281,L,298.0,307.6,1641,37.7,204,0,0,0,0,0,0
4517,L52282,L,298.0,307.6,1819,36.6,206,0,0,0,0,0,0
4518,L52283,L,298.0,307.7,1454,67.3,208,1,0,0,1,1,0
4519,M11333,M,298.0,307.7,1551,56.6,211,1,0,0,1,0,0
4520,L52284,L,298.0,305.8,1622,47.0,213,0,0,0,0,0,0
4521,L52285,L,298.0,307.7,1554,42.4,215,0,0,0,0,0,0
4522,L52286,L,298.0,307.7,1445,51.3,217,1,1,0,0,1,0
4523,M11334,M,298.0,307.7,1422,42.4,220,0,0,0,0,0,0
4524,H70904,H,298.0,307.7,1873,48.2,225,1,1,0,1,0,0
4525,M11335,M,298.0,307.7,1471,45.6,228,0,0,0,0,0,0
4526,M11336,M,298.0,307.7,1494,41.3,231,0,0,0,0,0,0
4527,M11337,M,298.0,307.7,1653,49.4,234,1,1,0,0,0,0
4528,M11338,M,298.0,307.7,1544,35.8,237,0,0,0,0,0,0
4529,L52287,L,297.9,307.7,1502,40.6,239,0,0,0,0,0,0
4530,M11339,M,297.9,307.7,1442,30.2,242,0,0,0,0,0,0
4531,M11340,M,297.9,307.7,1721,31.4,245,0,0,0,0,0,0
4532,L52288,L,297.9,306.5,1685,14.7,247,1,0,0,1,0,0
4533,M11341,M,298.0,307.7,2104,44.6,250,1,0,0,1,0,0
4534,L52289,L,298.0,307.8,1605,47.3,252,1,0,0,0,1,0
4535,M11342,M,297.9,307.7,1601,50.9,19,0,0,0,0,0,0
4536,L52290,L,297.9,307.6,1667,29.0,21,0,0,0,0,0,0
4537,M11343,M,297.8,307.6,1602,44.4,24,0,0,0,0,0,0
4538,H70905,H,297.9,306.0,1570,40.0,1,0,0,0,0,0,0
4539,L52291,L,297.9,307.7,1540,47.4,3,0,0,0,0,0,0
4540,L52292,L,298.0,307.8,1585,33.5,5,0,0,0,0,0,0
4541,L52293,L,298.0,307.7,1804,36.6,7,0,0,0,0,0,0
4542,L52294,L,298.0,307.7,1695,24.5,9,0,0,0,0,0,0
4543,H70906,H,297.9,307.7,1483,32.8,14,0,0,0,0,0,0
4544,L52295,L,297.9,307.7,1673,40.0,16,0,0,0,0,0,0
4545,L52296,L,297.9,307.7,1569,41.7,18,0,0,0,0,0,0
4546,L52297,L,297.9,307.7,1734,23.1,20,0,0,0,0,0,0
4547,H70907,H,298.0,307.7,1652,34.9,25,0,0,0,0,0,0
4548,L52298,L,298.0,307.7,1776,41.6,27,0,0,0,0,0,0
4549,M11344,M,298.0,307.8,1542,54.1,30,0,0,0,0,0,0
4550,L52299,L,298.0,307.7,1767,31.5,32,0,0,0,0,0,0
4551,L52300,L,298.0,307.8,1688,44.9,34,0,0,0,0,0,0
4552,M11345,M,298.0,307.8,1556,34.4,37,0,0,0,0,0,0
4553,L52301,L,298.1,307.8,1690,35.5,39,0,0,0,0,0,0
4554,M11346,M,298.1,307.9,1627,31.2,42,0,0,0,0,0,0
4555,L52302,L,298.1,307.9,1596,29.6,44,0,0,0,0,0,0
4556,M11347,M,298.1,307.9,1566,35.3,47,0,0,0,0,0,0
4557,M11348,M,298.1,307.9,1669,50.5,50,0,0,0,0,0,0
4558,M11349,M,298.1,307.9,1927,32.5,53,0,0,0,0,0,0
4559,L52303,L,298.1,305.9,1625,30.9,55,0,0,0,0,0,0
4560,M11350,M,298.1,307.9,1659,42.1,58,0,0,0,0,0,0
4561,H70908,H,298.1,307.9,1678,40.1,8,0,0,0,0,0,0
4562,L52304,L,298.1,307.9,1606,39.3,10,0,0,0,0,0,0
4563,L52305,L,298.1,307.9,1763,42.5,12,0,0,0,0,0,0
4564,H70909,H,298.1,307.9,1900,29.9,17,0,0,0,0,0,0
4565,L52306,L,298.2,307.9,1643,31.0,19,0,0,0,0,0,0
4566,M11351,M,298.1,307.9,1755,49.9,22,1,0,0,1,0,0
4567,M11352,M,298.1,307.8,1608,38.5,25,0,0,0,0,0,0
4568,L52307,L,298.1,307.8,1532,46.0,27,0,0,0,0,0,0
4569,M11353,M,298.1,307.9,1574,52.2,30,0,0,0,0,0,0
4570,M11354,M,298.1,307.9,1684,48.5,9,0,0,0,0,0,0
4571,L52308,L,298.2,307.9,1712,26.3,11,0,0,0,0,0,0
4572,H70910,H,298.2,308.0,1722,38.8,16,0,0,0,0,0,0
4573,L52309,L,298.2,308.0,1616,50.4,18,0,0,0,0,0,0
4574,L52310,L,298.2,308.0,1745,45.2,20,0,0,0,0,0,0
4575,H70911,H,298.2,308.0,1688,41.8,25,0,0,0,0,0,0
4576,L52311,L,298.2,308.0,1873,23.6,27,0,0,0,0,0,0
4577,H70912,H,298.2,308.0,1605,33.8,32,0,0,0,0,0,0
4578,L52312,L,298.2,308.0,1628,40.7,34,0,0,0,0,0,0
4579,L52313,L,298.2,308.0,1724,25.7,36,0,0,0,0,0,0
4580,L52314,L,298.2,308.0,1532,47.9,38,0,0,0,0,0,0
4581,M11355,M,298.2,308.0,1565,38.8,41,0,0,0,0,0,0
4582,M11356,M,298.2,308.0,1787,20.2,44,0,0,0,0,0,0
4583,H70913,H,298.2,308.0,1739,34.3,49,0,0,0,0,0,0
4584,H70914,H,298.2,308.0,1675,37.1,54,0,0,0,0,0,0
4585,M11357,M,298.2,308.0,1752,38.7,57,0,0,0,0,0,0
4586,M11358,M,298.2,308.0,1477,54.2,60,0,0,0,0,0,0
4587,M11359,M,298.2,308.0,1585,45.8,63,0,0,0,0,0,0
4588,H70915,H,298.2,308.0,1615,26.3,68,0,0,0,0,0,0
4589,M11360,M,298.3,308.1,1740,25.1,71,0,0,0,0,0,0
4590,H70916,H,298.3,308.1,1708,37.3,76,0,0,0,0,0,0
4591,L52315,L,298.4,308.2,1764,41.3,78,0,0,0,0,0,0
4592,L52316,L,298.4,306.2,1492,49.9,80,0,0,0,0,0,0
4593,M11361,M,298.4,308.2,1594,57.3,83,1,0,0,1,0,0
4594,L52317,L,298.4,308.2,1686,57.8,85,1,0,0,1,0,0
4595,L52318,L,298.4,308.2,1583,35.6,87,0,0,0,0,0,0
4596,H70917,H,298.4,308.2,1490,49.3,92,0,0,0,0,0,0
4597,L52319,L,298.3,308.1,1495,44.3,94,0,0,0,0,0,0
4598,L52320,L,298.3,308.2,1763,29.1,96,0,0,0,0,0,0
4599,L52321,L,298.3,308.2,1683,21.1,98,0,0,0,0,0,0
4600,L52322,L,298.3,308.2,1686,41.4,100,0,0,0,0,0,0
4601,M11362,M,298.3,308.2,1708,25.0,103,0,0,0,0,0,0
4602,H70918,H,298.2,308.1,1856,31.5,108,0,0,0,0,0,0
4603,H70919,H,298.3,308.2,1757,33.2,113,0,0,0,0,0,0
4604,M11363,M,298.3,308.2,1566,42.2,116,0,0,0,0,0,0
4605,M11364,M,298.3,308.1,1556,52.8,119,0,0,0,0,0,0
4606,L52323,L,298.3,308.2,1720,40.1,121,0,0,0,0,0,0
4607,H70920,H,298.4,308.2,1582,34.6,126,0,0,0,0,0,0
4608,L52324,L,298.4,308.2,1864,19.3,128,0,0,0,0,0,0
4609,L52325,L,298.3,308.1,1604,44.6,130,0,0,0,0,0,0
4610,H70921,H,298.4,308.2,1721,40.3,135,0,0,0,0,0,0
4611,H70922,H,298.3,306.5,1661,34.5,140,0,0,0,0,0,0
4612,L52326,L,298.3,308.1,1542,51.7,142,0,0,0,0,0,0
4613,M11365,M,298.3,308.1,1650,28.1,145,0,0,0,0,0,0
4614,L52327,L,298.3,308.1,1842,33.2,147,0,0,0,0,0,0
4615,L52328,L,298.3,306.7,1636,37.5,149,0,0,0,0,0,0
4616,L52329,L,298.2,308.0,1956,34.4,151,0,0,0,0,0,0
4617,L52330,L,298.2,308.0,1635,45.5,153,0,0,0,0,0,0
4618,M11366,M,298.2,308.0,1549,44.6,156,0,0,0,0,0,0
4619,L52331,L,298.2,308.0,1453,50.5,158,0,0,0,0,0,0
4620,M11367,M,298.2,307.9,1385,45.0,161,0,0,0,0,0,0
4621,L52332,L,298.1,307.9,1639,38.8,163,0,0,0,0,0,0
4622,H70923,H,298.1,307.9,1742,36.6,168,0,0,0,0,0,0
4623,M11368,M,298.1,307.9,1835,44.6,171,0,0,0,0,0,0
4624,H70924,H,298.1,307.8,2140,38.1,176,0,0,0,0,0,0
4625,L52333,L,298.1,307.9,1678,40.5,178,0,0,0,0,0,0
4626,M11369,M,298.1,307.9,1734,45.1,181,0,0,0,0,0,0
4627,H70925,H,298.1,307.8,1715,41.4,186,0,0,0,0,0,0
4628,L52334,L,298.0,307.8,1520,43.1,188,0,0,0,0,0,0
4629,L52335,L,298.1,307.8,1811,32.1,190,0,0,0,0,0,0
4630,L52336,L,298.0,307.8,1576,53.5,192,0,0,0,0,0,0
4631,L52337,L,298.0,306.7,1846,28.9,194,0,0,0,0,0,0
4632,L52338,L,298.1,307.9,1673,44.4,196,0,0,0,0,0,0
4633,L52339,L,298.1,307.9,1783,35.1,198,0,0,0,0,0,0
4634,L52340,L,298.0,307.8,1574,50.8,200,0,0,0,0,0,0
4635,M11370,M,298.0,307.8,1467,48.8,203,0,0,0,0,0,0
4636,L52341,L,298.0,307.8,1701,40.0,205,0,0,0,0,0,0
4637,L52342,L,298.0,307.8,1657,55.5,207,1,0,0,1,1,0
4638,M11371,M,298.1,307.8,1610,38.1,210,0,0,0,0,0,0
4639,L52343,L,298.1,307.9,1586,48.8,17,0,0,0,0,0,0
4640,L52344,L,298.1,307.9,1488,32.7,19,0,0,0,0,0,0
4641,L52345,L,298.1,307.9,1615,44.0,21,0,0,0,0,0,0
4642,L52346,L,298.1,308.0,1586,30.7,23,0,0,0,0,0,0
4643,L52347,L,298.2,308.0,1696,40.2,25,0,0,0,0,0,0
4644,L52348,L,298.2,308.0,1683,39.5,27,0,0,0,0,0,0
4645,L52349,L,298.2,308.0,1606,48.8,29,0,0,0,0,0,0
4646,H70926,H,298.2,308.0,1804,33.3,34,0,0,0,0,0,0
4647,H70927,H,298.2,308.0,1512,70.7,39,1,0,0,1,0,0
4648,L52350,L,298.2,308.0,1739,26.2,41,0,0,0,0,0,0
4649,L52351,L,298.2,308.0,1667,42.3,43,0,0,0,0,0,0
4650,L52352,L,298.2,308.0,1583,42.9,45,0,0,0,0,0,0
4651,H70928,H,298.2,308.0,1711,45.4,50,0,0,0,0,0,0
4652,H70929,H,298.2,308.0,1594,34.8,55,0,0,0,0,0,0
4653,L52353,L,298.2,308.0,1675,42.4,57,0,0,0,0,0,0
4654,L52354,L,298.2,308.0,1789,34.4,59,0,0,0,0,0,0
4655,L52355,L,298.2,308.0,1460,58.7,61,0,0,0,0,0,0
4656,H70930,H,298.2,308.0,1562,33.6,66,0,0,0,0,0,0
4657,H70931,H,298.1,307.9,1564,38.5,71,0,0,0,0,0,0
4658,L52356,L,298.1,307.9,1848,33.4,73,0,0,0,0,0,0
4659,M11372,M,298.1,307.8,1637,32.0,76,1,0,0,0,0,1
4660,L52357,L,298.0,307.8,1615,26.0,78,0,0,0,0,0,0
4661,M11373,M,298.0,307.8,1648,46.7,81,0,0,0,0,0,0
4662,H70932,H,298.1,307.8,1440,33.3,86,0,0,0,0,0,0
4663,L52358,L,298.1,307.8,1606,32.0,88,0,0,0,0,0,0
4664,L52359,L,298.1,307.9,1827,30.4,4,0,0,0,0,0,0
4665,M11374,M,298.1,307.8,1548,43.0,7,0,0,0,0,0,0
4666,L52360,L,298.1,307.8,1625,40.2,9,0,0,0,0,0,0
4667,H70933,H,298.1,307.8,1675,40.3,14,0,0,0,0,0,0
4668,L52361,L,298.1,307.9,1716,32.4,16,0,0,0,0,0,0
4669,H70934,H,298.1,307.9,1579,44.4,21,0,0,0,0,0,0
4670,L52362,L,298.1,307.8,1734,33.4,23,0,0,0,0,0,0
4671,L52363,L,298.1,307.8,1777,40.7,25,0,0,0,0,0,0
4672,L52364,L,298.0,307.8,1562,38.6,27,0,0,0,0,0,0
4673,L52365,L,298.1,307.8,1694,23.1,29,0,0,0,0,0,0
4674,L52366,L,298.0,307.7,1535,60.3,31,1,0,0,1,0,0
4675,M11375,M,298.1,307.8,1683,45.7,34,0,0,0,0,0,0
4676,L52367,L,298.1,307.8,2064,41.8,36,1,0,0,1,0,0
4677,L52368,L,298.0,307.8,1621,43.4,38,0,0,0,0,0,0
4678,L52369,L,298.0,307.7,1404,60.5,40,0,0,0,0,0,0
4679,L52370,L,298.1,307.8,1489,51.4,42,0,0,0,0,0,0
4680,H70935,H,298.1,307.9,1649,43.5,47,0,0,0,0,0,0
4681,H70936,H,298.1,307.9,1641,32.9,52,0,0,0,0,0,0
4682,L52371,L,298.1,307.9,1648,34.5,54,0,0,0,0,0,0
4683,M11376,M,298.1,307.8,1738,22.0,57,0,0,0,0,0,0
4684,M11377,M,298.1,307.9,1880,36.3,60,0,0,0,0,0,0
4685,H70937,H,298.1,307.8,1571,46.6,65,0,0,0,0,0,0
4686,L52372,L,298.1,307.9,1742,46.3,67,0,0,0,0,0,0
4687,L52373,L,298.1,307.9,1736,46.2,69,0,0,0,0,0,0
4688,L52374,L,298.1,307.9,1749,34.8,71,0,0,0,0,0,0
4689,H70938,H,298.1,307.9,1545,45.5,76,0,0,0,0,0,0
4690,M11378,M,298.1,307.9,2039,48.2,79,1,0,0,1,0,0
4691,L52375,L,298.1,306.3,1731,17.7,81,1,0,0,1,0,0
4692,L52376,L,298.0,306.1,1815,43.0,83,0,0,0,0,0,0
4693,M11379,M,298.0,307.9,1579,60.8,86,1,0,0,1,0,0
4694,H70939,H,298.0,307.8,1646,37.1,91,0,0,0,0,0,0
4695,L52377,L,298.0,307.9,1942,14.8,93,1,0,0,1,0,0
4696,M11380,M,298.0,307.8,1311,31.9,96,0,0,0,0,0,0
4697,L52378,L,298.0,307.8,2214,21.9,98,0,0,0,0,0,0
4698,L52379,L,298.0,307.8,1746,33.7,100,0,0,0,0,0,0
4699,M11381,M,298.0,307.9,1745,27.8,103,0,0,0,0,0,0
4700,M11382,M,298.0,307.9,1592,49.3,106,0,0,0,0,0,0
4701,H70940,H,298.1,308.0,1685,47.8,111,0,0,0,0,0,0
4702,L52380,L,298.1,308.0,1575,43.4,113,0,0,0,0,0,0
4703,L52381,L,298.2,308.1,1686,52.3,115,1,0,0,1,0,0
4704,L52382,L,298.2,308.1,1654,34.3,117,0,0,0,0,0,0
4705,L52383,L,298.2,308.0,1767,40.7,119,0,0,0,0,0,0
4706,L52384,L,298.2,308.1,1630,61.9,8,1,0,0,1,0,0
4707,L52385,L,298.2,308.1,1669,45.9,10,0,0,0,0,0,0
4708,L52386,L,298.3,308.1,1612,45.8,12,0,0,0,0,0,0
4709,L52387,L,298.2,308.1,1789,32.3,14,0,0,0,0,0,0
4710,L52388,L,298.2,308.1,1723,35.8,16,0,0,0,0,0,0
4711,M11383,M,298.3,308.2,1413,30.0,19,0,0,0,0,0,0
4712,L52389,L,298.3,308.2,1489,56.8,21,0,0,0,0,0,0
4713,M11384,M,298.3,308.2,1746,24.4,24,0,0,0,0,0,0
4714,H70941,H,298.3,308.2,1628,49.1,29,0,0,0,0,0,0
4715,M11385,M,298.3,308.1,1683,45.8,32,0,0,0,0,0,0
4716,L52390,L,298.3,308.2,1873,24.0,34,0,0,0,0,0,0
4717,L52391,L,298.2,308.1,1643,51.4,36,0,0,0,0,0,0
4718,M11386,M,298.3,308.1,1476,37.4,39,0,0,0,0,0,0
4719,M11387,M,298.3,308.2,1736,26.8,42,0,0,0,0,0,0
4720,L52392,L,298.3,308.2,1740,43.6,44,0,0,0,0,0,0
4721,L52393,L,298.3,308.2,1703,31.8,46,0,0,0,0,0,0
4722,M11388,M,298.3,308.2,1679,38.0,49,0,0,0,0,0,0
4723,L52394,L,298.3,308.2,1632,34.9,51,0,0,0,0,0,0
4724,M11389,M,298.3,308.3,1781,31.2,54,0,0,0,0,0,0
4725,L52395,L,298.3,308.2,1680,28.1,56,0,0,0,0,0,0
4726,L52396,L,298.3,308.3,1662,48.0,58,0,0,0,0,0,0
4727,H70942,H,298.4,308.3,1672,43.2,63,0,0,0,0,0,0
4728,L52397,L,298.3,308.3,1641,42.6,65,0,0,0,0,0,0
4729,M11390,M,298.3,308.3,1713,36.4,68,0,0,0,0,0,0
4730,L52398,L,298.3,308.2,1665,40.5,70,0,0,0,0,0,0
4731,L52399,L,298.3,308.3,1803,32.6,72,0,0,0,0,0,0
4732,H70943,H,298.3,308.2,1750,32.5,77,0,0,0,0,0,0
4733,L52400,L,298.3,308.2,1655,57.1,79,1,0,0,1,0,0
4734,L52401,L,298.3,308.2,1535,48.8,81,0,0,0,0,0,0
4735,H70944,H,298.2,308.2,1605,34.4,86,0,0,0,0,0,0
4736,M11391,M,298.2,308.2,1733,25.0,89,0,0,0,0,0,0
4737,M11392,M,298.2,308.2,1806,23.0,92,0,0,0,0,0,0
4738,L52402,L,298.2,308.2,1731,33.7,94,0,0,0,0,0,0
4739,L52403,L,298.2,308.1,1577,41.1,96,0,0,0,0,0,0
4740,M11393,M,298.2,308.1,1714,41.2,99,0,0,0,0,0,0
4741,L52404,L,298.2,306.8,1586,41.5,101,0,0,0,0,0,0
4742,L52405,L,298.2,308.1,1693,43.3,103,0,0,0,0,0,0
4743,M11394,M,298.2,308.1,1730,29.6,106,0,0,0,0,0,0
4744,L52406,L,298.2,308.1,1551,55.1,108,0,0,0,0,0,0
4745,L52407,L,298.1,308.1,1612,38.0,110,0,0,0,0,0,0
4746,L52408,L,298.1,308.0,1647,42.9,112,0,0,0,0,0,0
4747,L52409,L,298.2,308.1,1692,33.4,114,0,0,0,0,0,0
4748,M11395,M,298.2,308.1,1540,43.1,117,0,0,0,0,0,0
4749,H70945,H,298.1,308.1,1596,60.8,122,1,0,0,1,0,0
4750,L52410,L,298.1,308.0,1806,30.1,124,0,0,0,0,0,0
4751,L52411,L,298.1,308.0,1785,28.8,126,0,0,0,0,0,0
4752,M11396,M,298.2,308.1,1723,31.4,129,0,0,0,0,0,0
4753,L52412,L,298.1,308.1,1627,36.7,131,0,0,0,0,0,0
4754,L52413,L,298.1,308.1,1689,34.8,133,0,0,0,0,0,0
4755,H70946,H,298.1,308.1,1692,29.6,138,0,0,0,0,0,0
4756,M11397,M,298.1,306.8,1664,39.5,141,0,0,0,0,0,0
4757,L52414,L,298.1,308.1,1653,55.6,143,1,0,0,1,0,0
4758,H70947,H,298.2,308.1,1648,38.5,148,0,0,0,0,0,0
4759,L52415,L,298.2,308.2,1490,39.0,150,0,0,0,0,0,0
4760,H70948,H,298.2,308.2,1704,43.4,155,0,0,0,0,0,0
4761,M11398,M,298.2,308.2,1652,46.5,158,0,0,0,0,0,0
4762,M11399,M,298.3,308.2,1592,53.7,161,0,0,0,0,0,0
4763,H70949,H,298.3,308.3,1532,42.4,166,0,0,0,0,0,0
4764,M11400,M,298.4,308.3,1575,40.0,169,0,0,0,0,0,0
4765,L52416,L,298.4,308.4,1637,30.1,171,0,0,0,0,0,0
4766,L52417,L,298.5,308.4,1559,47.4,173,0,0,0,0,0,0
4767,M11401,M,298.4,308.4,1650,31.6,176,0,0,0,0,0,0
4768,M11402,M,298.5,308.5,1589,31.2,179,0,0,0,0,0,0
4769,L52418,L,298.5,308.5,1834,41.9,181,0,0,0,0,0,0
4770,M11403,M,298.6,308.6,1705,55.4,184,1,0,0,1,0,0
4771,M11404,M,298.5,308.5,1637,47.3,187,0,0,0,0,0,0
4772,L52419,L,298.5,308.5,1649,39.6,189,0,0,0,0,0,0
4773,L52420,L,298.5,306.9,1865,30.2,191,0,0,0,0,0,0
4774,L52421,L,298.5,308.5,1717,55.2,193,1,0,0,1,0,0
4775,L52422,L,298.5,308.5,1586,39.4,195,0,0,0,0,0,0
4776,L52423,L,298.6,308.5,1687,37.1,197,0,0,0,0,0,0
4777,L52424,L,298.5,308.5,1605,45.6,199,0,0,0,0,0,0
4778,L52425,L,298.5,308.5,1649,35.5,201,0,0,0,0,0,0
4779,L52426,L,298.5,308.5,1674,32.5,203,0,0,0,0,0,0
4780,M11405,M,298.5,308.5,1676,33.4,206,0,0,0,0,0,0
4781,L52427,L,298.6,308.6,1703,33.4,208,0,0,0,0,0,0
4782,H70950,H,298.6,308.6,1728,28.7,213,0,0,0,0,0,0
4783,H70951,H,298.6,308.6,1844,27.6,218,0,0,0,0,0,0
4784,M11406,M,298.6,308.6,1527,49.7,221,0,0,0,0,0,0
4785,H70952,H,298.6,308.6,1702,46.7,226,0,0,0,0,0,0
4786,H70953,H,298.7,308.7,1596,31.8,231,0,0,0,0,0,0
4787,L52428,L,298.7,307.0,1625,48.9,233,1,0,0,0,1,0
4788,M11407,M,298.7,308.7,1728,43.1,236,1,1,0,0,0,0
4789,L52429,L,298.7,308.8,1718,36.8,238,0,0,0,0,0,0
4790,M11408,M,298.7,308.8,1685,27.7,241,0,0,0,0,0,0
4791,L52430,L,298.7,308.7,1658,43.4,243,0,0,0,0,0,0
4792,L52431,L,298.6,308.7,1702,58.7,245,1,0,0,1,1,0
4793,L52432,L,298.6,307.3,1596,40.1,247,0,0,0,0,0,0
4794,H70954,H,298.5,308.6,1649,50.0,252,0,0,0,0,0,0
4795,L52433,L,298.5,308.6,2168,37.9,7,0,0,0,0,0,0
4796,L52434,L,298.5,308.6,1567,49.2,9,0,0,0,0,0,0
4797,L52435,L,298.6,308.6,1814,38.5,11,0,0,0,0,0,0
4798,L52436,L,298.6,308.6,1962,15.9,13,1,0,0,1,0,0
4799,H70955,H,298.6,308.6,1786,32.8,18,0,0,0,0,0,0
4800,M11409,M,298.6,308.6,1742,41.3,21,0,0,0,0,0,0
4801,L52437,L,298.6,308.6,1438,50.8,23,0,0,0,0,0,0
4802,L52438,L,298.7,308.7,1539,38.5,25,0,0,0,0,0,0
4803,L52439,L,298.7,308.7,1641,40.3,27,0,0,0,0,0,0
4804,L52440,L,298.7,308.7,1621,34.1,29,0,0,0,0,0,0
4805,H70956,H,298.6,308.6,1625,55.6,34,1,0,0,1,0,0
4806,M11410,M,298.7,308.7,1316,55.0,37,0,0,0,0,0,0
4807,L52441,L,298.7,308.7,1741,33.2,39,0,0,0,0,0,0
4808,M11411,M,298.7,308.7,1713,24.8,42,0,0,0,0,0,0
4809,L52442,L,298.7,308.7,1695,21.9,44,0,0,0,0,0,0
4810,M11412,M,298.7,308.7,1790,46.0,47,0,0,0,0,0,0
4811,M11413,M,298.7,308.7,1615,41.4,50,0,0,0,0,0,0
4812,M11414,M,298.7,308.7,1545,32.2,53,0,0,0,0,0,0
4813,M11415,M,298.7,308.7,1677,42.7,56,0,0,0,0,0,0
4814,H70957,H,298.7,308.7,1748,27.7,61,0,0,0,0,0,0
4815,L52443,L,298.8,308.7,1593,47.9,63,0,0,0,0,0,0
4816,L52444,L,298.8,308.7,1881,36.2,65,0,0,0,0,0,0
4817,L52445,L,298.7,308.7,1725,29.2,67,0,0,0,0,0,0
4818,M11416,M,298.7,308.7,1760,36.3,70,0,0,0,0,0,0
4819,M11417,M,298.7,308.7,1700,36.0,73,0,0,0,0,0,0
4820,M11418,M,298.7,308.7,1745,43.7,76,0,0,0,0,0,0
4821,M11419,M,298.8,308.7,1560,51.7,79,0,0,0,0,0,0
4822,L52446,L,298.8,308.8,1496,51.1,81,0,0,0,0,0,0
4823,M11420,M,298.9,308.8,1711,41.6,84,0,0,0,0,0,0
4824,M11421,M,298.9,308.8,1687,38.1,87,0,0,0,0,0,0
4825,L52447,L,298.8,308.8,1751,34.3,89,0,0,0,0,0,0
4826,L52448,L,298.8,308.8,1686,22.3,91,0,0,0,0,0,0
4827,L52449,L,298.8,308.8,1694,39.8,93,0,0,0,0,0,0
4828,L52450,L,298.9,308.8,1551,31.5,95,0,0,0,0,0,0
4829,M11422,M,298.8,308.7,1543,52.2,98,0,0,0,0,0,0
4830,H70958,H,298.8,308.7,1597,38.0,103,0,0,0,0,0,0
4831,M11423,M,298.8,308.7,1656,47.5,106,0,0,0,0,0,0
4832,L52451,L,298.8,308.7,1632,35.2,108,0,0,0,0,0,0
4833,M11424,M,298.8,308.8,1562,33.2,111,0,0,0,0,0,0
4834,M11425,M,298.8,308.8,1567,46.0,114,0,0,0,0,0,0
4835,L52452,L,298.8,308.8,1689,42.8,116,0,0,0,0,0,0
4836,H70959,H,298.9,308.8,1645,43.2,121,0,0,0,0,0,0
4837,L52453,L,298.8,308.8,1588,39.1,123,0,0,0,0,0,0
4838,L52454,L,298.8,308.8,1684,47.9,125,0,0,0,0,0,0
4839,L52455,L,298.9,308.9,1757,46.4,127,0,0,0,0,0,0
4840,L52456,L,298.9,308.9,1845,18.2,129,0,0,0,0,0,0
4841,H70960,H,298.9,308.9,1456,37.4,134,0,0,0,0,0,0
4842,L52457,L,298.9,308.9,1619,50.1,136,0,0,0,0,0,0
4843,L52458,L,298.9,307.4,1690,29.8,138,0,0,0,0,0,0
4844,L52459,L,298.9,308.8,1555,23.1,140,0,0,0,0,0,0
4845,L52460,L,298.8,308.8,1541,38.6,142,0,0,0,0,0,0
4846,L52461,L,298.9,308.8,1695,45.2,144,0,0,0,0,0,0
4847,L52462,L,298.8,308.8,1691,35.4,146,0,0,0,0,0,0
4848,M11426,M,298.8,308.8,1590,52.9,149,0,0,0,0,0,0
4849,L52463,L,298.8,308.8,1496,58.4,151,1,0,0,1,0,0
4850,M11427,M,298.8,308.8,1848,20.7,154,0,0,0,0,0,0
4851,L52464,L,298.8,308.8,1559,36.2,156,0,0,0,0,0,0
4852,M11428,M,298.8,308.8,1689,17.2,159,1,0,0,1,0,0
4853,H70961,H,298.8,308.8,1587,46.6,164,0,0,0,0,0,0
4854,L52465,L,298.7,308.7,1548,33.2,166,0,0,0,0,0,0
4855,L52466,L,298.8,308.8,1595,35.2,168,0,0,0,0,0,0
4856,H70962,H,298.8,308.8,1686,51.5,173,1,0,0,1,0,0
4857,L52467,L,298.8,308.8,1643,26.7,175,0,0,0,0,0,0
4858,M11429,M,298.8,308.8,1802,24.2,178,0,0,0,0,0,0
4859,L52468,L,298.8,308.9,1826,17.2,180,1,0,0,1,0,0
4860,L52469,L,298.8,308.8,1569,52.7,182,0,0,0,0,0,0
4861,M11430,M,298.7,308.7,1468,50.4,185,0,0,0,0,0,0
4862,H70963,H,298.8,308.8,1671,37.1,190,0,0,0,0,0,0
4863,L52470,L,298.8,308.8,1526,27.2,192,0,0,0,0,0,0
4864,M11431,M,298.8,308.9,1559,48.3,195,0,0,0,0,0,0
4865,M11432,M,298.8,308.9,1529,67.5,198,1,0,0,1,1,0
4866,L52471,L,298.8,308.9,1741,37.6,200,0,0,0,0,0,0
4867,L52472,L,298.9,308.9,1699,28.0,202,0,0,0,0,0,0
4868,L52473,L,298.8,308.9,1531,52.4,204,1,1,0,0,0,0
4869,L52474,L,298.8,308.9,1647,28.7,206,0,0,0,0,0,0
4870,M11433,M,298.9,308.9,1627,36.3,209,0,0,0,0,0,0
4871,L52475,L,298.9,308.9,1843,13.6,211,1,0,0,1,0,0
4872,L52476,L,299.0,309.0,1697,37.0,213,0,0,0,0,0,0
4873,M11434,M,299.0,306.7,1714,27.2,216,0,0,0,0,0,0
4874,M11435,M,298.9,309.0,1641,52.6,219,1,0,0,1,0,0
4875,M11436,M,299.0,309.0,1701,30.2,222,0,0,0,0,0,0
4876,M11437,M,299.0,309.0,1489,47.8,225,0,0,0,0,0,0
4877,L52477,L,299.0,309.0,1556,39.0,227,0,0,0,0,0,0
4878,M11438,M,299.0,309.0,1698,41.3,230,0,0,0,0,0,0
4879,L52478,L,299.0,309.0,1499,45.2,232,0,0,0,0,0,0
4880,L52479,L,299.0,309.0,1618,39.5,234,1,1,0,0,0,0
4881,L52480,L,299.0,309.0,1673,33.5,236,0,0,0,0,0,0
4882,M11439,M,299.0,309.1,1599,31.9,239,0,0,0,0,0,0
4883,M11440,M,299.0,309.1,1473,45.1,242,0,0,0,0,0,0
4884,L52481,L,299.0,309.1,1643,21.0,244,0,0,0,0,0,0
4885,H70964,H,299.0,309.1,1400,56.8,249,1,0,0,0,1,0
4886,H70965,H,298.9,309.1,1698,41.3,6,0,0,0,0,0,0
4887,L52482,L,298.9,309.1,1703,36.6,8,0,0,0,0,0,0
4888,M11441,M,299.0,309.1,1568,42.7,11,0,0,0,0,0,0
4889,L52483,L,299.0,309.2,1558,34.1,13,0,0,0,0,0,0
4890,H70966,H,298.9,309.1,1764,38.2,18,0,0,0,0,0,0
4891,L52484,L,299.0,309.1,1748,28.7,20,0,0,0,0,0,0
4892,L52485,L,299.0,309.1,1575,43.8,22,0,0,0,0,0,0
4893,L52486,L,299.0,309.1,1761,39.2,24,0,0,0,0,0,0
4894,L52487,L,299.0,309.1,1653,41.9,26,0,0,0,0,0,0
4895,M11442,M,298.9,309.0,1601,54.8,29,1,0,0,1,0,0
4896,L52488,L,299.0,309.1,1598,32.0,31,0,0,0,0,0,0
4897,L52489,L,299.0,309.1,1520,38.7,33,0,0,0,0,0,0
4898,M11443,M,298.9,309.0,2015,23.5,36,0,0,0,0,0,0
4899,H70967,H,299.0,309.0,1809,45.5,41,0,0,0,0,0,0
4900,M11444,M,299.0,309.1,1576,39.8,44,0,0,0,0,0,0
4901,L52490,L,299.0,309.1,1655,40.2,46,0,0,0,0,0,0
4902,L52491,L,299.0,309.0,1700,38.4,48,0,0,0,0,0,0
4903,L52492,L,298.9,309.0,1678,34.2,50,0,0,0,0,0,0
4904,H70968,H,298.9,309.0,1506,65.0,55,1,0,0,1,0,0
4905,M11445,M,299.0,309.0,1632,40.4,58,0,0,0,0,0,0
4906,M11446,M,299.0,309.0,1678,43.0,61,0,0,0,0,0,0
4907,H70969,H,298.9,309.0,1616,28.6,66,0,0,0,0,0,0
4908,L52493,L,298.9,309.0,1984,48.9,68,1,0,0,1,0,0
4909,M11447,M,298.9,309.0,1449,38.8,71,0,0,0,0,0,0
4910,L52494,L,298.9,309.0,1459,44.5,73,0,0,0,0,0,0
4911,L52495,L,298.9,308.9,1486,49.0,75,0,0,0,0,0,0
4912,L52496,L,298.8,308.9,1732,39.0,77,0,0,0,0,0,0
4913,L52497,L,298.9,308.9,1661,33.2,79,0,0,0,0,0,0
4914,H70970,H,298.9,308.9,1834,16.7,84,1,0,0,1,0,0
4915,L52498,L,298.9,308.9,1705,36.1,86,0,0,0,0,0,0
4916,H70971,H,298.9,308.9,1709,33.2,91,0,0,0,0,0,0
4917,M11448,M,298.9,309.0,1624,28.6,94,0,0,0,0,0,0
4918,M11449,M,298.9,308.9,1581,54.5,97,1,0,0,1,0,0
4919,H70972,H,298.9,308.9,1622,49.8,102,0,0,0,0,0,0
4920,L52499,L,298.9,309.0,1943,21.7,104,0,0,0,0,0,0
4921,L52500,L,299.0,309.0,1611,41.5,106,0,0,0,0,0,0
4922,L52501,L,298.9,309.0,1758,31.8,108,0,0,0,0,0,0
4923,L52502,L,298.9,309.0,1620,43.7,110,0,0,0,0,0,0
4924,H70973,H,299.0,309.0,1628,32.0,115,0,0,0,0,0,0
4925,L52503,L,299.0,309.1,1756,34.6,117,0,0,0,0,0,0
4926,L52504,L,299.1,309.1,1770,49.6,119,1,0,0,1,0,0
4927,L52505,L,299.1,309.1,1631,48.2,121,0,0,0,0,0,0
4928,L52506,L,299.1,309.2,1510,55.1,123,0,0,0,0,0,0
4929,M11450,M,299.1,309.2,1703,37.8,126,0,0,0,0,0,0
4930,L52507,L,299.1,309.2,1751,25.4,128,0,0,0,0,0,0
4931,M11451,M,299.2,309.2,1802,49.2,131,1,0,0,1,0,0
4932,M11452,M,299.1,309.2,1669,49.3,134,0,0,0,0,0,0
4933,M11453,M,299.1,309.2,1533,46.3,137,0,0,0,0,0,0
4934,L52508,L,299.2,309.3,1803,32.6,139,0,0,0,0,0,0
4935,M11454,M,299.2,309.2,1775,29.3,142,0,0,0,0,0,0
4936,L52509,L,299.2,309.2,1706,45.4,144,0,0,0,0,0,0
4937,L52510,L,299.1,309.2,1736,31.1,146,0,0,0,0,0,0
4938,M11455,M,299.1,309.2,1757,36.9,149,0,0,0,0,0,0
4939,M11456,M,299.1,309.2,1539,69.1,152,1,0,0,1,0,0
4940,L52511,L,299.1,309.2,1516,61.3,154,1,0,0,1,0,0
4941,H70974,H,299.1,309.2,1621,47.9,159,0,0,0,0,0,0
4942,L52512,L,299.1,309.2,1674,33.4,161,0,0,0,0,0,0
4943,M11457,M,299.1,309.2,1718,32.8,164,0,0,0,0,0,0
4944,H70975,H,299.1,309.2,1620,47.2,169,0,0,0,0,0,0
4945,M11458,M,299.0,309.2,1544,55.0,172,0,0,0,0,0,0
4946,H70976,H,299.1,309.2,1660,34.9,177,0,0,0,0,0,0
4947,M11459,M,299.1,309.2,1673,35.4,180,0,0,0,0,0,0
4948,M11460,M,299.0,309.2,1485,40.9,183,0,0,0,0,0,0
4949,M11461,M,298.9,309.1,1814,26.1,186,0,0,0,0,0,0
4950,M11462,M,299.0,309.2,1752,26.4,189,0,0,0,0,0,0
4951,L52513,L,299.0,309.2,1656,28.2,191,0,0,0,0,0,0
4952,M11463,M,299.0,309.2,1675,45.5,194,0,0,0,0,0,0
4953,L52514,L,299.0,307.0,1590,42.7,196,0,0,0,0,0,0
4954,H70977,H,299.1,309.2,1545,51.4,201,1,1,0,0,0,0
4955,L52515,L,299.1,307.6,1774,22.6,203,0,0,0,0,0,0
4956,L52516,L,299.1,309.3,1858,24.8,205,0,0,0,0,0,0
4957,H70978,H,299.1,309.3,1651,44.6,210,1,1,0,0,0,0
4958,L52517,L,299.1,309.3,1626,31.3,212,0,0,0,0,0,0
4959,L52518,L,299.1,309.3,1660,32.0,214,0,0,0,0,0,0
4960,M11464,M,299.1,309.3,1674,50.1,217,1,1,0,0,0,0
4961,L52519,L,299.2,309.4,1715,34.5,219,0,0,0,0,0,0
4962,L52520,L,299.2,309.4,1759,35.6,221,1,1,0,0,0,0
4963,L52521,L,299.2,309.4,1698,37.5,223,1,1,0,0,0,0
4964,L52522,L,299.3,309.5,1729,38.1,225,1,1,0,0,0,0
4965,L52523,L,299.3,309.5,1796,46.8,227,0,0,0,0,0,0
4966,L52524,L,299.4,309.6,1591,27.9,229,0,0,0,0,0,0
4967,L52525,L,299.3,309.5,1876,38.1,231,0,0,0,0,0,0
4968,L52526,L,299.4,309.6,1674,51.6,233,1,1,0,1,1,0
4969,L52527,L,299.4,309.6,1775,61.3,235,1,1,0,1,1,0
4970,M11465,M,299.4,309.6,1632,26.4,238,1,1,0,0,0,0
4971,M11466,M,299.3,309.5,1667,43.3,241,0,0,0,0,0,0
4972,L52528,L,299.3,309.5,1674,38.1,243,0,0,0,0,0,0
4973,L52529,L,299.3,309.5,1735,39.0,245,0,0,0,0,0,0
4974,H70979,H,299.3,309.5,1733,32.1,250,0,0,0,0,0,0
4975,M11467,M,299.3,309.5,1643,47.6,253,1,0,0,0,1,0
4976,L52530,L,299.3,309.5,1683,47.0,3,0,0,0,0,0,0
4977,L52531,L,299.4,309.5,1509,65.2,5,1,0,0,1,0,0
4978,L52532,L,299.4,309.6,1672,26.8,7,0,0,0,0,0,0
4979,H70980,H,299.4,309.6,1782,22.5,12,0,0,0,0,0,0
4980,H70981,H,299.5,309.7,1497,60.5,17,1,0,0,1,0,0
4981,H70982,H,299.4,309.6,1641,39.5,22,0,0,0,0,0,0
4982,L52533,L,299.4,309.6,1544,35.4,24,0,0,0,0,0,0
4983,L52534,L,299.4,309.6,1645,41.9,26,0,0,0,0,0,0
4984,L52535,L,299.4,309.6,1639,26.1,28,0,0,0,0,0,0
4985,L52536,L,299.4,309.6,1627,43.8,30,0,0,0,0,0,0
4986,L52537,L,299.3,309.6,1556,39.2,32,0,0,0,0,0,0
4987,M11468,M,299.3,309.5,1592,50.7,35,0,0,0,0,0,0
4988,L52538,L,299.3,309.5,1686,48.6,37,0,0,0,0,0,0
4989,H70983,H,299.3,307.7,1547,49.4,42,0,0,0,0,0,0
4990,L52539,L,299.3,309.5,1556,41.9,44,0,0,0,0,0,0
4991,L52540,L,299.3,309.6,1637,56.0,46,1,0,0,1,0,0
4992,H70984,H,299.4,309.6,1702,45.8,51,0,0,0,0,0,0
4993,M11469,M,299.3,309.5,1716,34.7,54,0,0,0,0,0,0
4994,L52541,L,299.3,309.5,1650,31.9,56,0,0,0,0,0,0
4995,M11470,M,299.3,309.6,1630,33.0,59,0,0,0,0,0,0
4996,L52542,L,299.3,309.6,1590,45.9,61,0,0,0,0,0,0
4997,L52543,L,299.3,309.6,1714,26.7,63,0,0,0,0,0,0
4998,L52544,L,299.3,309.6,1487,41.6,65,0,0,0,0,0,0
4999,L52545,L,299.3,309.5,1605,31.7,67,0,0,0,0,0,0
5000,M11471,M,299.3,309.5,1828,27.5,70,0,0,0,0,0,0
5001,L52546,L,299.3,309.5,1725,29.1,72,0,0,0,0,0,0
5002,M11472,M,299.3,309.5,1762,39.8,8,0,0,0,0,0,0
5003,M11473,M,299.3,309.5,1702,47.6,11,0,0,0,0,0,0
5004,L52547,L,299.3,309.5,1657,33.2,13,0,0,0,0,0,0
5005,L52548,L,299.2,309.4,1731,19.2,15,1,0,0,1,0,0
5006,L52549,L,299.2,309.4,1573,71.5,17,1,0,0,1,0,0
5007,M11474,M,299.3,309.5,1660,51.2,20,0,0,0,0,0,0
5008,M11475,M,299.3,309.4,1690,49.3,23,0,0,0,0,0,0
5009,M11476,M,299.3,309.5,1564,56.3,26,1,0,0,1,0,0
5010,L52550,L,299.3,309.5,1658,40.9,28,0,0,0,0,0,0
5011,L52551,L,299.3,309.5,1634,38.6,30,0,0,0,0,0,0
5012,M11477,M,299.2,309.4,1575,53.6,33,0,0,0,0,0,0
5013,L52552,L,299.2,309.4,1518,53.5,35,0,0,0,0,0,0
5014,M11478,M,299.2,309.4,1611,46.2,38,0,0,0,0,0,0
5015,L52553,L,299.2,309.3,1590,48.8,40,0,0,0,0,0,0
5016,L52554,L,299.2,309.4,1673,27.6,42,0,0,0,0,0,0
5017,M11479,M,299.2,309.4,1735,37.4,45,0,0,0,0,0,0
5018,L52555,L,299.3,309.5,1434,57.0,47,0,0,0,0,0,0
5019,M11480,M,299.3,309.5,1639,48.0,50,0,0,0,0,0,0
5020,L52556,L,299.3,309.6,1643,25.4,52,0,0,0,0,0,0
5021,H70985,H,299.4,309.6,1601,34.7,57,0,0,0,0,0,0
5022,H70986,H,299.4,309.6,1501,55.4,62,0,0,0,0,0,0
5023,H70987,H,299.4,309.6,1669,44.6,67,0,0,0,0,0,0
5024,M11481,M,299.4,309.7,1437,41.8,70,0,0,0,0,0,0
5025,M11482,M,299.4,309.7,1654,42.1,2,0,0,0,0,0,0
5026,M11483,M,299.4,309.7,1658,39.2,5,0,0,0,0,0,0
5027,L52557,L,299.4,309.7,1590,34.8,7,0,0,0,0,0,0
5028,L52558,L,299.3,309.6,1710,31.7,9,0,0,0,0,0,0
5029,M11484,M,299.3,309.6,1488,50.1,12,0,0,0,0,0,0
5030,L52559,L,299.3,307.7,1634,42.4,14,0,0,0,0,0,0
5031,L52560,L,299.3,309.5,1501,47.1,16,0,0,0,0,0,0
5032,H70988,H,299.3,309.5,1806,45.5,21,0,0,0,0,0,0
5033,L52561,L,299.2,309.5,1654,54.1,23,1,0,0,1,0,0
5034,M11485,M,299.3,309.5,1649,44.5,26,0,0,0,0,0,0
5035,M11486,M,299.3,309.5,1521,48.2,29,0,0,0,0,0,0
5036,L52562,L,299.3,309.5,1617,41.7,31,0,0,0,0,0,0
5037,H70989,H,299.3,309.5,1678,30.5,36,0,0,0,0,0,0
5038,L52563,L,299.2,309.5,1684,37.7,38,0,0,0,0,0,0
5039,H70990,H,299.2,309.5,1655,45.9,43,0,0,0,0,0,0
5040,M11487,M,299.3,309.5,1635,46.8,46,0,0,0,0,0,0
5041,L52564,L,299.3,309.6,1605,54.5,48,1,0,0,1,0,0
5042,L52565,L,299.3,309.6,1659,35.4,50,0,0,0,0,0,0
5043,L52566,L,299.3,309.5,1669,42.3,52,0,0,0,0,0,0
5044,L52567,L,299.2,309.4,1599,38.7,54,0,0,0,0,0,0
5045,L52568,L,299.2,309.5,1470,56.2,56,0,0,0,0,0,0
5046,H70991,H,299.3,309.5,1797,43.8,61,0,0,0,0,0,0
5047,L52569,L,299.2,309.5,1667,44.0,63,0,0,0,0,0,0
5048,H70992,H,299.3,309.5,1814,39.6,68,0,0,0,0,0,0
5049,L52570,L,299.3,309.5,1637,37.7,70,0,0,0,0,0,0
5050,H70993,H,299.3,309.6,1942,25.5,75,0,0,0,0,0,0
5051,L52571,L,299.3,309.6,1723,27.4,77,0,0,0,0,0,0
5052,L52572,L,299.3,309.5,1744,41.8,79,0,0,0,0,0,0
5053,M11488,M,299.2,309.5,1650,40.5,82,0,0,0,0,0,0
5054,L52573,L,299.2,309.4,1655,41.8,84,0,0,0,0,0,0
5055,H70994,H,299.3,309.5,1591,49.4,89,0,0,0,0,0,0
5056,L52574,L,299.2,309.5,1601,40.9,91,0,0,0,0,0,0
5057,M11489,M,299.2,309.5,1756,36.5,94,0,0,0,0,0,0
5058,M11490,M,299.2,309.5,1660,37.9,97,0,0,0,0,0,0
5059,M11491,M,299.2,309.5,1712,42.4,100,0,0,0,0,0,0
5060,L52575,L,299.2,309.5,1751,36.2,102,0,0,0,0,0,0
5061,L52576,L,299.1,309.4,1722,50.6,104,1,0,0,1,0,0
5062,L52577,L,299.2,307.4,1688,39.9,106,0,0,0,0,0,0
5063,L52578,L,299.2,309.4,1501,42.5,108,0,0,0,0,0,0
5064,L52579,L,299.2,309.5,1664,31.8,110,0,0,0,0,0,0
5065,H70995,H,299.2,309.5,1592,50.6,115,0,0,0,0,0,0
5066,M11492,M,299.3,309.5,1576,54.4,118,0,0,0,0,0,0
5067,M11493,M,299.3,309.5,1840,26.4,121,0,0,0,0,0,0
5068,L52580,L,299.3,309.5,1731,44.0,123,0,0,0,0,0,0
5069,L52581,L,299.3,309.5,1643,38.9,125,0,0,0,0,0,0
5070,M11494,M,299.3,309.5,1854,42.8,128,0,0,0,0,0,0
5071,L52582,L,299.2,309.5,1595,44.5,130,0,0,0,0,0,0
5072,L52583,L,299.2,309.5,1742,17.7,132,1,0,0,1,0,0
5073,L52584,L,299.2,309.4,1512,47.6,134,0,0,0,0,0,0
5074,M11495,M,299.2,309.4,1452,51.1,137,0,0,0,0,0,0
5075,H70996,H,299.2,309.5,1480,52.2,142,0,0,0,0,0,0
5076,L52585,L,299.2,309.5,1790,30.6,144,0,0,0,0,0,0
5077,L52586,L,299.2,309.5,1718,39.7,146,0,0,0,0,0,0
5078,L52587,L,299.2,309.5,1599,34.6,148,0,0,0,0,0,0
5079,L52588,L,299.2,309.5,1759,20.8,150,0,0,0,0,0,0
5080,M11496,M,299.2,309.5,1755,33.8,153,0,0,0,0,0,0
5081,L52589,L,299.2,309.5,1523,29.2,155,0,0,0,0,0,0
5082,M11497,M,299.2,309.5,1792,43.3,158,0,0,0,0,0,0
5083,L52590,L,299.2,309.5,1830,23.7,160,0,0,0,0,0,0
5084,L52591,L,299.2,309.5,1774,30.2,162,0,0,0,0,0,0
5085,H70997,H,299.3,309.5,1785,34.8,167,0,0,0,0,0,0
5086,L52592,L,299.3,309.5,1426,47.7,169,0,0,0,0,0,0
5087,M11498,M,299.3,309.6,1486,67.8,172,1,0,0,1,0,0
5088,L52593,L,299.3,309.6,1747,43.0,174,0,0,0,0,0,0
5089,H70998,H,299.3,309.6,1703,29.7,179,0,0,0,0,0,0
5090,L52594,L,299.3,309.6,1752,33.2,181,0,0,0,0,0,0
5091,L52595,L,299.3,309.6,1746,46.6,183,0,0,0,0,0,0
5092,M11499,M,299.3,309.6,1783,26.5,186,0,0,0,0,0,0
5093,L52596,L,299.3,309.6,1570,51.0,188,0,0,0,0,0,0
5094,L52597,L,299.3,309.6,1688,42.7,190,0,0,0,0,0,0
5095,H70999,H,299.3,309.6,1506,38.7,195,0,0,0,0,0,0
5096,M11500,M,299.3,309.6,1782,23.2,198,0,0,0,0,0,0
5097,M11501,M,299.3,309.6,1670,49.2,201,0,0,0,0,0,0
5098,M11502,M,299.3,309.6,1703,32.4,204,0,0,0,0,0,0
5099,H71000,H,299.4,309.7,1747,41.5,209,0,0,0,0,0,0
5100,H71001,H,299.4,307.2,1683,38.4,214,0,0,0,0,0,0
5101,M11503,M,299.4,309.7,1746,24.2,217,0,0,0,0,0,0
5102,L52598,L,299.3,309.6,1827,37.7,219,0,0,0,0,0,0
5103,L52599,L,299.3,309.6,1627,27.9,221,0,0,0,0,0,0
5104,M11504,M,299.3,309.6,1809,33.5,224,1,1,0,0,0,0
5105,H71002,H,299.3,309.6,1746,44.3,229,1,1,0,0,0,0
5106,L52600,L,299.3,309.6,1690,47.0,231,1,1,0,0,0,0
5107,L52601,L,299.3,309.6,1615,39.8,233,1,1,0,0,0,0
5108,L52602,L,299.2,309.5,1727,31.2,235,0,0,0,0,0,0
5109,M11505,M,299.2,309.5,1611,33.5,238,0,0,0,0,0,0
5110,H71003,H,299.2,309.6,1634,33.4,243,0,0,0,0,0,0
5111,L52603,L,299.2,309.5,1773,18.6,245,1,0,0,1,0,0
5112,M11506,M,299.2,309.5,1567,40.7,248,0,0,0,0,0,0
5113,M11507,M,299.2,309.5,1716,23.3,251,0,0,0,0,0,0
5114,H71004,H,299.2,309.6,1547,40.8,17,0,0,0,0,0,0
5115,L52604,L,299.2,309.6,1785,25.4,19,0,0,0,0,0,0
5116,H71005,H,299.2,309.5,1860,27.9,24,0,0,0,0,0,0
5117,M11508,M,299.2,309.5,1813,46.7,27,0,0,0,0,0,0
5118,M11509,M,299.2,309.5,1556,40.2,30,0,0,0,0,0,0
5119,L52605,L,299.2,309.5,1671,21.2,32,0,0,0,0,0,0
5120,M11510,M,299.2,307.6,1675,34.4,35,0,0,0,0,0,0
5121,M11511,M,299.2,309.5,1710,42.6,38,0,0,0,0,0,0
5122,L52606,L,299.3,309.6,1674,33.8,40,0,0,0,0,0,0
5123,L52607,L,299.3,309.6,1765,36.6,42,0,0,0,0,0,0
5124,M11512,M,299.3,309.6,1695,42.4,45,0,0,0,0,0,0
5125,M11513,M,299.3,309.6,1499,40.4,48,0,0,0,0,0,0
5126,L52608,L,299.2,309.5,1717,30.1,50,0,0,0,0,0,0
5127,L52609,L,299.3,309.6,1548,40.2,52,0,0,0,0,0,0
5128,L52610,L,299.3,309.6,1624,37.1,54,0,0,0,0,0,0
5129,H71006,H,299.2,309.5,1534,57.2,59,1,0,0,1,0,0
5130,H71007,H,299.2,309.5,1732,39.0,64,0,0,0,0,0,0
5131,L52611,L,299.2,309.5,1651,41.3,66,0,0,0,0,0,0
5132,L52612,L,299.2,309.6,1605,42.6,68,0,0,0,0,0,0
5133,L52613,L,299.2,309.5,1866,36.8,70,0,0,0,0,0,0
5134,L52614,L,299.2,309.6,1617,32.8,72,0,0,0,0,0,0
5135,H71008,H,299.2,309.6,1662,44.6,77,0,0,0,0,0,0
5136,M11514,M,299.2,309.5,1696,44.7,80,0,0,0,0,0,0
5137,L52615,L,299.2,309.5,1567,60.8,82,1,0,0,1,0,0
5138,L52616,L,299.2,309.5,1541,47.4,84,0,0,0,0,0,0
5139,L52617,L,299.2,309.5,1535,47.6,86,0,0,0,0,0,0
5140,H71009,H,299.2,309.5,1679,47.2,91,0,0,0,0,0,0
5141,M11515,M,299.2,309.5,1790,33.1,94,0,0,0,0,0,0
5142,M11516,M,299.2,309.5,1721,27.4,97,0,0,0,0,0,0
5143,L52618,L,299.2,309.5,1594,30.0,99,0,0,0,0,0,0
5144,H71010,H,299.2,309.5,1625,46.9,104,0,0,0,0,0,0
5145,L52619,L,299.2,309.5,1722,54.2,106,1,0,0,1,0,0
5146,H71011,H,299.3,309.5,1531,47.3,111,0,0,0,0,0,0
5147,H71012,H,299.2,309.5,1640,38.3,116,0,0,0,0,0,0
5148,L52620,L,299.2,309.4,1578,56.8,118,1,0,0,1,0,0
5149,H71013,H,299.2,309.5,1781,35.6,123,0,0,0,0,0,0
5150,L52621,L,299.2,309.4,1672,28.5,125,0,0,0,0,0,0
5151,M11517,M,299.2,309.5,1690,42.5,128,0,0,0,0,0,0
5152,L52622,L,299.3,309.5,1718,52.9,130,1,0,0,1,0,0
5153,L52623,L,299.3,309.5,1570,31.6,132,0,0,0,0,0,0
5154,L52624,L,299.3,309.6,1631,23.0,134,0,0,0,0,0,0
5155,L52625,L,299.3,309.6,1650,40.4,136,0,0,0,0,0,0
5156,L52626,L,299.4,309.6,1708,47.7,138,0,0,0,0,0,0
5157,L52627,L,299.4,309.7,1844,10.4,140,1,0,0,1,0,0
5158,M11518,M,299.4,309.6,1705,49.8,143,0,0,0,0,0,0
5159,L52628,L,299.4,309.6,1578,26.3,145,0,0,0,0,0,0
5160,L52629,L,299.4,309.6,1653,47.2,147,0,0,0,0,0,0
5161,H71014,H,299.4,309.6,1508,20.0,152,1,0,0,1,0,0
5162,H71015,H,299.4,309.7,1856,25.3,157,0,0,0,0,0,0
5163,L52630,L,299.5,309.7,1735,46.2,159,0,0,0,0,0,0
5164,L52631,L,299.5,309.7,1567,52.2,161,0,0,0,0,0,0
5165,M11519,M,299.5,309.7,1453,39.9,164,0,0,0,0,0,0
5166,M11520,M,299.4,309.7,1517,64.0,167,1,0,0,1,0,0
5167,L52632,L,299.4,309.7,1814,29.8,169,0,0,0,0,0,0
5168,M11521,M,299.4,309.7,1751,29.6,172,0,0,0,0,0,0
5169,L52633,L,299.4,309.7,1842,37.0,174,0,0,0,0,0,0
5170,L52634,L,299.4,309.7,1651,36.5,176,0,0,0,0,0,0
5171,M11522,M,299.3,309.6,1828,42.8,179,0,0,0,0,0,0
5172,M11523,M,299.3,309.6,1517,32.6,182,0,0,0,0,0,0
5173,H71016,H,299.2,309.6,1562,45.7,187,0,0,0,0,0,0
5174,L52635,L,299.2,309.5,1515,45.4,189,0,0,0,0,0,0
5175,L52636,L,299.2,309.6,1642,56.1,191,1,0,0,1,0,0
5176,L52637,L,299.2,309.5,1576,35.1,193,0,0,0,0,0,0
5177,L52638,L,299.2,309.5,1733,43.4,195,0,0,0,0,0,0
5178,L52639,L,299.1,309.5,1690,46.1,197,0,0,0,0,0,0
5179,M11524,M,299.1,307.7,1676,39.9,200,0,0,0,0,0,0
5180,M11525,M,299.1,309.4,1661,37.9,203,0,0,0,0,0,0
5181,M11526,M,299.0,309.4,1672,19.4,206,1,1,0,1,0,0
5182,L52640,L,299.1,309.4,1709,40.8,208,0,0,0,0,0,0
5183,L52641,L,299.0,309.4,1583,46.0,210,0,0,0,0,0,0
5184,M11527,M,299.0,309.4,1731,39.4,213,0,0,0,0,0,0
5185,L52642,L,299.0,309.3,1835,32.2,215,0,0,0,0,0,0
5186,H71017,H,299.0,309.4,1719,23.2,220,0,0,0,0,0,0
5187,L52643,L,299.0,309.3,1754,44.5,222,0,0,0,0,0,0
5188,M11528,M,299.1,309.4,1675,40.3,225,0,0,0,0,0,0
5189,H71018,H,299.0,309.3,1641,53.9,230,1,1,0,1,0,0
5190,M11529,M,299.0,309.3,1616,25.5,233,0,0,0,0,0,0
5191,M11530,M,299.0,309.3,1622,35.3,236,0,0,0,0,0,0
5192,M11531,M,299.0,309.2,1665,26.8,239,0,0,0,0,0,0
5193,L52644,L,299.0,309.2,1727,50.3,241,1,0,0,1,1,0
5194,M11532,M,299.0,309.3,1983,52.4,244,1,0,0,1,1,0
5195,H71019,H,299.0,309.3,1616,59.2,249,1,0,0,1,1,0
5196,H71020,H,299.0,309.3,1625,45.2,16,0,0,0,0,0,0
5197,L52645,L,298.9,309.2,1586,47.9,18,0,0,0,0,0,0
5198,L52646,L,298.9,309.1,1504,44.4,20,0,0,0,0,0,0
5199,M11533,M,298.9,309.1,1458,45.7,23,0,0,0,0,0,0
5200,M11534,M,298.8,309.1,1626,40.5,26,0,0,0,0,0,0
5201,L52647,L,298.8,309.1,1602,46.2,28,0,0,0,0,0,0
5202,L52648,L,298.8,309.1,1889,61.4,30,1,0,0,1,0,0
5203,L52649,L,298.8,309.0,1661,42.2,32,0,0,0,0,0,0
5204,L52650,L,298.8,309.0,1835,40.2,34,0,0,0,0,0,0
5205,L52651,L,298.8,309.0,1783,42.0,36,0,0,0,0,0,0
5206,L52652,L,298.7,309.0,1665,38.5,38,0,0,0,0,0,0
5207,L52653,L,298.7,309.0,1648,42.5,40,0,0,0,0,0,0
5208,H71021,H,298.7,309.0,1723,38.2,45,0,0,0,0,0,0
5209,L52654,L,298.7,309.0,1618,51.4,47,0,0,0,0,0,0
5210,L52655,L,298.7,309.0,1659,50.4,49,0,0,0,0,0,0
5211,L52656,L,298.7,308.9,1568,61.7,51,1,0,0,1,0,0
5212,L52657,L,298.7,309.0,1665,39.8,53,0,0,0,0,0,0
5213,H71022,H,298.7,309.0,1582,42.9,58,0,0,0,0,0,0
5214,H71023,H,298.7,309.0,1674,42.5,63,0,0,0,0,0,0
5215,L52658,L,298.7,309.0,1440,42.0,65,0,0,0,0,0,0
5216,L52659,L,298.7,309.0,1619,51.3,67,0,0,0,0,0,0
5217,L52660,L,298.7,309.0,1553,23.8,69,0,0,0,0,0,0
5218,L52661,L,298.8,309.0,1654,44.6,71,0,0,0,0,0,0
5219,L52662,L,298.8,309.1,1462,60.0,73,1,0,0,1,0,0
5220,L52663,L,298.8,309.1,1698,53.6,75,1,0,0,1,0,0
5221,L52664,L,298.8,309.0,1597,52.5,77,0,0,0,0,0,0
5222,M11535,M,298.8,309.1,1611,48.4,80,0,0,0,0,0,0
5223,L52665,L,298.8,309.1,1722,34.0,82,0,0,0,0,0,0
5224,L52666,L,298.8,309.1,1615,32.5,84,0,0,0,0,0,0
5225,L52667,L,298.9,309.1,1794,32.6,86,0,0,0,0,0,0
5226,L52668,L,298.8,309.1,1776,28.6,88,0,0,0,0,0,0
5227,L52669,L,298.9,309.1,1555,49.5,90,0,0,0,0,0,0
5228,L52670,L,298.9,309.1,1483,54.7,92,0,0,0,0,0,0
5229,L52671,L,298.8,309.1,1594,44.3,94,0,0,0,0,0,0
5230,L52672,L,298.8,309.0,1598,48.0,96,0,0,0,0,0,0
5231,H71024,H,298.8,309.0,1537,42.9,101,0,0,0,0,0,0
5232,H71025,H,298.8,309.1,1579,45.7,106,0,0,0,0,0,0
5233,L52673,L,298.8,309.1,1707,18.8,108,1,0,0,1,0,0
5234,L52674,L,298.9,309.1,1615,43.1,110,0,0,0,0,0,0
5235,M11536,M,298.9,309.1,1655,35.7,113,0,0,0,0,0,0
5236,M11537,M,298.9,309.1,1696,39.6,116,0,0,0,0,0,0
5237,L52675,L,298.9,309.2,1641,42.3,118,0,0,0,0,0,0
5238,L52676,L,298.9,309.2,1723,32.8,120,0,0,0,0,0,0
5239,L52677,L,298.9,309.2,1728,29.2,122,0,0,0,0,0,0
5240,M11538,M,298.9,309.1,1671,32.5,125,0,0,0,0,0,0
5241,L52678,L,298.8,309.1,1787,25.5,127,0,0,0,0,0,0
5242,L52679,L,298.8,309.1,1463,28.4,129,0,0,0,0,0,0
5243,L52680,L,298.8,309.1,1671,29.8,131,0,0,0,0,0,0
5244,L52681,L,298.9,309.2,1673,25.6,133,0,0,0,0,0,0
5245,L52682,L,298.8,309.1,1633,45.3,135,0,0,0,0,0,0
5246,M11539,M,298.9,309.2,1640,31.0,138,0,0,0,0,0,0
5247,M11540,M,298.9,309.2,1796,21.4,141,0,0,0,0,0,0
5248,L52683,L,298.9,309.2,1736,36.0,143,0,0,0,0,0,0
5249,L52684,L,298.9,309.2,1583,28.9,145,0,0,0,0,0,0
5250,H71026,H,299.0,309.2,1594,54.6,150,1,0,0,1,0,0
5251,L52685,L,299.0,309.2,1528,41.3,152,0,0,0,0,0,0
5252,L52686,L,298.9,309.2,1770,25.3,154,0,0,0,0,0,0
5253,L52687,L,298.9,309.2,1578,45.7,156,0,0,0,0,0,0
5254,H71027,H,299.0,309.2,1573,40.8,161,0,0,0,0,0,0
5255,M11541,M,299.0,309.2,1928,37.6,164,0,0,0,0,0,0
5256,H71028,H,299.0,309.2,1560,55.7,169,1,0,0,1,0,0
5257,M11542,M,299.0,309.2,1597,30.2,172,0,0,0,0,0,0
5258,L52688,L,299.0,309.2,1463,50.4,174,0,0,0,0,0,0
5259,L52689,L,298.9,309.1,1688,35.9,176,0,0,0,0,0,0
5260,L52690,L,298.9,309.1,1738,39.8,178,0,0,0,0,0,0
5261,M11543,M,298.9,309.1,1724,32.5,181,0,0,0,0,0,0
5262,M11544,M,298.8,309.1,1557,33.1,184,0,0,0,0,0,0
5263,L52691,L,298.8,309.0,1660,35.6,186,0,0,0,0,0,0
5264,H71029,H,298.8,308.9,1810,21.0,191,0,0,0,0,0,0
5265,L52692,L,298.7,308.9,1620,43.5,193,0,0,0,0,0,0
5266,L52693,L,298.8,308.9,1673,41.1,195,0,0,0,0,0,0
5267,L52694,L,298.7,308.9,1689,25.0,197,0,0,0,0,0,0
5268,H71030,H,298.8,308.9,2001,46.6,202,1,0,0,1,0,0
5269,H71031,H,298.9,309.0,1165,54.6,207,0,0,0,0,0,0
5270,L52695,L,298.9,309.1,1740,33.4,209,0,0,0,0,0,0
5271,H71032,H,298.9,309.1,1752,32.2,214,0,0,0,0,0,0
5272,H71033,H,298.9,309.1,1542,51.1,219,1,1,0,0,0,0
5273,H71034,H,298.9,309.1,1697,44.0,224,0,0,0,0,0,0
5274,H71035,H,298.8,309.1,1529,38.6,229,0,0,0,0,0,0
5275,L52696,L,298.8,309.1,1592,48.1,231,1,0,0,0,1,0
5276,M11545,M,298.8,309.1,1514,42.7,7,0,0,0,0,0,0
5277,M11546,M,298.9,309.1,1474,54.3,10,0,0,0,0,0,0
5278,M11547,M,298.9,309.1,1528,39.8,13,0,0,0,0,0,0
5279,L52697,L,298.9,309.1,1569,44.3,15,0,0,0,0,0,0
5280,M11548,M,298.9,309.1,1649,51.0,18,0,0,0,0,0,0
5281,H71036,H,298.9,309.1,1770,15.5,23,1,0,0,1,0,0
5282,L52698,L,298.9,309.1,1538,51.3,25,0,0,0,0,0,0
5283,H71037,H,298.8,309.0,1661,34.9,30,0,0,0,0,0,0
5284,L52699,L,298.9,309.0,1439,45.0,32,0,0,0,0,0,0
5285,L52700,L,298.9,309.0,1615,56.6,34,1,0,0,1,0,0
5286,L52701,L,298.8,309.0,1464,36.9,36,0,0,0,0,0,0
5287,M11549,M,298.9,309.0,1610,35.4,39,0,0,0,0,0,0
5288,M11550,M,298.9,309.0,1646,39.5,42,0,0,0,0,0,0
5289,L52702,L,298.9,309.1,1766,25.5,44,0,0,0,0,0,0
5290,M11551,M,298.9,309.0,1557,62.0,47,1,0,0,1,0,0
5291,L52703,L,298.9,309.0,1648,39.6,49,0,0,0,0,0,0
5292,L52704,L,298.9,309.0,1696,56.5,51,1,0,0,1,0,0
5293,H71038,H,298.9,309.0,1849,36.7,56,0,0,0,0,0,0
5294,M11552,M,298.8,309.0,1649,40.3,59,0,0,0,0,0,0
5295,M11553,M,298.9,309.0,1592,49.4,62,0,0,0,0,0,0
5296,M11554,M,298.9,309.1,1693,29.0,65,0,0,0,0,0,0
5297,H71039,H,298.9,309.1,1600,39.0,70,0,0,0,0,0,0
5298,L52705,L,299.0,309.1,1637,49.1,72,0,0,0,0,0,0
5299,L52706,L,299.0,309.1,1776,37.9,74,0,0,0,0,0,0
5300,L52707,L,299.0,309.1,1451,35.2,76,0,0,0,0,0,0
5301,M11555,M,299.0,309.1,1577,51.2,79,0,0,0,0,0,0
5302,M11556,M,299.0,309.1,1711,54.0,82,1,0,0,1,0,0
5303,M11557,M,299.0,309.1,1604,55.6,85,1,0,0,1,0,0
5304,L52708,L,299.0,309.1,1722,33.3,87,0,0,0,0,0,0
5305,L52709,L,299.0,309.1,1536,34.2,89,0,0,0,0,0,0
5306,M11558,M,299.0,309.1,1738,35.3,92,0,0,0,0,0,0
5307,H71040,H,299.1,306.9,1703,47.2,97,0,0,0,0,0,0
5308,L52710,L,299.1,309.1,1730,28.0,99,0,0,0,0,0,0
5309,L52711,L,299.1,309.2,1650,28.6,101,0,0,0,0,0,0
5310,L52712,L,299.1,309.1,1727,32.9,103,0,0,0,0,0,0
5311,L52713,L,299.0,309.1,1605,30.6,105,0,0,0,0,0,0
5312,L52714,L,299.0,307.2,1499,48.8,107,0,0,0,0,0,0
5313,L52715,L,298.9,309.0,1680,48.2,109,0,0,0,0,0,0
5314,M11559,M,299.0,309.0,1774,35.2,112,0,0,0,0,0,0
5315,L52716,L,298.9,309.0,1593,38.1,114,0,0,0,0,0,0
5316,L52717,L,299.0,309.0,1677,14.6,116,1,0,0,1,0,0
5317,L52718,L,299.0,309.0,1595,35.4,118,0,0,0,0,0,0
5318,H71041,H,299.0,309.1,1603,52.4,123,0,0,0,0,0,0
5319,L52719,L,299.0,309.0,1572,34.9,125,0,0,0,0,0,0
5320,L52720,L,299.0,309.0,1822,29.1,127,0,0,0,0,0,0
5321,L52721,L,299.0,309.0,1537,53.8,129,0,0,0,0,0,0
5322,M11560,M,299.0,309.1,1741,28.9,132,0,0,0,0,0,0
5323,H71042,H,299.0,309.0,1503,55.5,137,0,0,0,0,0,0
5324,L52722,L,299.0,307.6,1552,68.9,139,1,0,0,1,0,0
5325,L52723,L,298.9,309.0,1716,38.9,141,0,0,0,0,0,0
5326,L52724,L,298.9,309.0,1434,52.4,143,0,0,0,0,0,0
5327,M11561,M,298.9,309.0,1676,23.3,146,0,0,0,0,0,0
5328,H71043,H,298.9,309.0,1725,22.9,151,0,0,0,0,0,0
5329,L52725,L,298.9,309.0,1644,32.0,153,0,0,0,0,0,0
5330,L52726,L,298.9,308.9,1686,48.2,155,0,0,0,0,0,0
5331,M11562,M,298.9,309.0,1596,40.0,158,0,0,0,0,0,0
5332,M11563,M,298.9,308.9,1724,38.1,161,0,0,0,0,0,0
5333,L52727,L,299.0,309.0,1761,27.1,163,0,0,0,0,0,0
5334,L52728,L,299.0,309.0,2067,38.7,165,0,0,0,0,0,0
5335,L52729,L,299.1,309.1,1752,33.6,167,0,0,0,0,0,0
5336,M11564,M,299.0,309.1,1210,30.8,170,0,0,0,0,0,0
5337,M11565,M,299.0,309.0,1697,29.9,173,0,0,0,0,0,0
5338,M11566,M,299.0,309.0,1570,41.9,176,0,0,0,0,0,0
5339,H71044,H,299.0,309.0,1678,32.8,181,0,0,0,0,0,0
5340,L52730,L,299.0,309.0,1608,39.9,183,0,0,0,0,0,0
5341,L52731,L,299.1,309.1,1747,22.3,185,0,0,0,0,0,0
5342,L52732,L,299.0,309.0,1625,45.0,187,0,0,0,0,0,0
5343,H71045,H,299.0,309.1,1650,42.4,192,0,0,0,0,0,0
5344,M11567,M,299.1,307.7,1678,37.7,195,0,0,0,0,0,0
5345,L52733,L,299.0,309.0,1693,41.6,197,0,0,0,0,0,0
5346,L52734,L,299.0,309.0,1488,49.3,199,0,0,0,0,0,0
5347,M11568,M,299.0,309.0,1771,25.5,202,1,1,0,0,0,0
5348,M11569,M,299.0,309.1,1510,40.7,205,0,0,0,0,0,0
5349,M11570,M,299.1,309.1,1466,26.9,208,0,0,0,0,0,0
5350,L52735,L,299.1,309.1,1823,40.9,210,0,0,0,0,0,0
5351,H71046,H,299.0,309.0,1579,37.4,215,1,1,0,0,0,0
5352,M11571,M,299.0,309.0,1611,39.8,218,0,0,0,0,0,0
5353,M11572,M,299.0,309.0,1438,48.5,221,0,0,0,0,0,0
5354,M11573,M,299.0,309.0,1567,48.2,224,0,0,0,0,0,0
5355,H71047,H,299.0,309.1,1612,50.9,229,0,0,0,0,0,0
5356,H71048,H,299.0,309.0,1692,36.0,234,1,1,0,0,0,0
5357,M11574,M,299.0,309.0,1505,47.0,237,0,0,0,0,0,0
5358,L52736,L,299.0,309.0,1584,45.1,239,0,0,0,0,0,0
5359,L52737,L,298.9,309.0,1702,36.3,241,0,0,0,0,0,0
5360,H71049,H,299.0,309.0,1665,41.2,246,0,0,0,0,0,0
5361,M11575,M,298.9,309.0,1668,38.7,249,0,0,0,0,0,0
5362,L52738,L,299.0,309.0,1646,53.9,251,1,0,0,1,1,0
5363,L52739,L,299.0,309.0,1598,48.1,253,1,0,0,0,1,0
5364,H71050,H,299.0,309.1,1793,36.6,18,0,0,0,0,0,0
5365,H71051,H,299.0,309.0,1645,35.9,23,0,0,0,0,0,0
5366,H71052,H,299.0,309.1,1663,49.6,28,0,0,0,0,0,0
5367,L52740,L,299.1,307.2,1646,53.4,30,1,0,0,1,0,0
5368,M11576,M,299.1,306.9,1486,43.2,33,0,0,0,0,0,0
5369,H71053,H,299.1,309.1,1655,46.6,38,0,0,0,0,0,0
5370,L52741,L,299.1,309.1,1525,53.0,40,0,0,0,0,0,0
5371,L52742,L,299.1,309.0,1568,38.3,42,0,0,0,0,0,0
5372,H71054,H,299.0,309.0,1607,40.8,47,0,0,0,0,0,0
5373,L52743,L,299.0,309.0,1639,44.9,49,0,0,0,0,0,0
5374,M11577,M,299.1,309.1,1531,35.7,52,0,0,0,0,0,0
5375,M11578,M,299.1,309.1,1564,57.0,55,1,0,0,1,0,0
5376,M11579,M,299.1,309.1,1653,35.6,58,0,0,0,0,0,0
5377,L52744,L,299.1,309.1,1740,40.6,60,0,0,0,0,0,0
5378,M11580,M,299.1,309.1,1493,59.2,63,1,0,0,1,0,0
5379,L52745,L,299.1,309.1,1854,21.4,65,0,0,0,0,0,0
5380,H71055,H,299.1,309.1,1674,42.2,70,0,0,0,0,0,0
5381,L52746,L,299.1,309.1,2101,33.4,72,0,0,0,0,0,0
5382,M11581,M,299.1,309.1,1765,40.0,75,0,0,0,0,0,0
5383,M11582,M,299.1,309.1,1886,27.9,78,0,0,0,0,0,0
5384,L52747,L,299.1,309.2,1650,36.3,80,0,0,0,0,0,0
5385,L52748,L,299.2,309.2,1582,40.2,82,0,0,0,0,0,0
5386,M11583,M,299.1,309.2,1676,42.4,85,0,0,0,0,0,0
5387,L52749,L,299.2,309.2,1475,49.0,87,0,0,0,0,0,0
5388,L52750,L,299.2,309.2,2074,16.8,89,0,0,0,0,0,0
5389,L52751,L,299.2,309.2,1424,38.7,91,0,0,0,0,0,0
5390,H71056,H,299.2,309.2,1711,38.3,96,0,0,0,0,0,0
5391,M11584,M,299.2,309.2,1576,39.4,99,0,0,0,0,0,0
5392,L52752,L,299.2,307.2,1930,40.3,101,0,0,0,0,0,0
5393,H71057,H,299.2,309.2,1569,31.7,106,0,0,0,0,0,0
5394,L52753,L,299.2,309.3,1786,24.5,108,0,0,0,0,0,0
5395,L52754,L,299.2,309.3,1567,42.2,110,0,0,0,0,0,0
5396,L52755,L,299.2,309.3,1862,30.1,7,0,0,0,0,0,0
5397,L52756,L,299.2,309.2,1581,44.0,9,0,0,0,0,0,0
5398,L52757,L,299.2,309.2,1673,30.6,11,0,0,0,0,0,0
5399,M11585,M,299.1,309.1,1451,46.9,14,0,0,0,0,0,0
5400,L52758,L,299.1,309.1,1840,39.5,16,0,0,0,0,0,0
5401,M11586,M,299.2,309.2,1594,40.1,19,0,0,0,0,0,0
5402,L52759,L,299.1,309.2,1706,37.5,21,0,0,0,0,0,0
5403,L52760,L,299.1,309.1,1672,35.9,23,0,0,0,0,0,0
5404,L52761,L,299.1,309.2,1612,37.7,25,0,0,0,0,0,0
5405,M11587,M,299.1,309.2,1388,51.8,28,0,0,0,0,0,0
5406,M11588,M,299.2,309.2,1709,24.7,31,0,0,0,0,0,0
5407,L52762,L,299.2,309.2,1659,33.5,33,0,0,0,0,0,0
5408,L52763,L,299.1,309.2,1624,50.6,35,0,0,0,0,0,0
5409,L52764,L,299.1,309.1,1800,48.2,37,1,0,0,1,0,0
5410,H71058,H,299.0,309.1,1638,53.4,42,1,0,0,1,0,0
5411,L52765,L,299.0,309.0,1730,39.4,44,0,0,0,0,0,0
5412,M11589,M,299.0,309.1,1691,26.8,47,0,0,0,0,0,0
5413,L52766,L,299.1,309.1,1589,28.9,49,0,0,0,0,0,0
5414,L52767,L,299.1,309.2,1640,37.0,51,0,0,0,0,0,0
5415,M11590,M,299.1,309.2,1544,47.6,54,0,0,0,0,0,0
5416,L52768,L,299.1,309.1,1659,37.5,56,0,0,0,0,0,0
5417,L52769,L,299.0,309.1,1623,36.7,58,0,0,0,0,0,0
5418,H71059,H,299.1,309.1,1478,44.0,63,0,0,0,0,0,0
5419,L52770,L,299.1,309.2,1763,40.3,65,0,0,0,0,0,0
5420,L52771,L,299.2,309.2,1660,35.6,67,0,0,0,0,0,0
5421,L52772,L,299.2,309.2,1672,30.0,69,0,0,0,0,0,0
5422,L52773,L,299.1,309.2,1501,49.5,71,0,0,0,0,0,0
5423,M11591,M,299.1,309.1,1553,50.5,74,0,0,0,0,0,0
5424,L52774,L,299.1,309.1,1627,29.4,76,0,0,0,0,0,0
5425,H71060,H,299.2,309.2,1563,36.0,81,0,0,0,0,0,0
5426,M11592,M,299.2,309.2,1630,46.7,84,0,0,0,0,0,0
5427,H71061,H,299.2,309.2,1667,28.6,89,0,0,0,0,0,0
5428,H71062,H,299.2,309.2,1698,43.7,94,0,0,0,0,0,0
5429,H71063,H,299.2,309.2,1635,36.7,99,0,0,0,0,0,0
5430,M11593,M,299.2,309.2,1724,27.8,102,0,0,0,0,0,0
5431,L52775,L,299.2,309.2,1565,57.8,104,1,0,0,1,0,0
5432,L52776,L,299.2,309.2,1702,36.6,106,0,0,0,0,0,0
5433,M11594,M,299.2,309.2,1547,45.2,109,0,0,0,0,0,0
5434,L52777,L,299.2,309.2,1789,28.8,111,0,0,0,0,0,0
5435,M11595,M,299.2,309.2,1463,55.5,114,0,0,0,0,0,0
5436,L52778,L,299.2,309.2,1553,59.5,116,1,0,0,1,0,0
5437,H71064,H,299.1,309.2,1620,25.0,121,0,0,0,0,0,0
5438,L52779,L,299.2,309.2,1648,38.4,123,0,0,0,0,0,0
5439,H71065,H,299.2,309.2,1661,53.3,128,1,0,0,1,0,0
5440,L52780,L,299.1,309.2,1724,35.3,130,0,0,0,0,0,0
5441,L52781,L,299.1,309.2,1724,44.1,132,0,0,0,0,0,0
5442,H71066,H,299.1,309.2,1710,23.2,137,0,0,0,0,0,0
5443,H71067,H,299.1,309.2,1773,32.1,142,0,0,0,0,0,0
5444,M11596,M,299.1,309.1,1572,43.1,145,0,0,0,0,0,0
5445,H71068,H,299.1,309.1,1639,34.1,150,0,0,0,0,0,0
5446,L52782,L,299.1,309.1,1680,36.4,152,0,0,0,0,0,0
5447,H71069,H,299.2,309.2,1805,24.8,157,0,0,0,0,0,0
5448,L52783,L,299.2,309.2,1567,46.5,159,0,0,0,0,0,0
5449,M11597,M,299.2,309.2,1782,26.6,162,0,0,0,0,0,0
5450,L52784,L,299.1,309.2,1591,55.4,164,1,0,0,1,0,0
5451,L52785,L,299.2,309.2,1716,33.2,166,0,0,0,0,0,0
5452,M11598,M,299.1,309.2,1531,48.0,169,0,0,0,0,0,0
5453,M11599,M,299.2,309.2,1579,47.0,172,0,0,0,0,0,0
5454,L52786,L,299.1,309.2,1693,30.1,174,0,0,0,0,0,0
5455,H71070,H,299.1,309.1,1710,34.2,179,0,0,0,0,0,0
5456,M11600,M,299.1,309.1,1601,35.4,182,0,0,0,0,0,0
5457,L52787,L,299.1,309.1,1554,36.1,184,0,0,0,0,0,0
5458,M11601,M,299.1,309.1,1176,27.0,187,1,0,0,1,0,0
5459,L52788,L,299.1,309.1,1689,45.3,189,0,0,0,0,0,0
5460,L52789,L,299.1,309.2,1771,33.1,191,0,0,0,0,0,0
5461,M11602,M,299.1,309.2,1475,38.9,194,0,0,0,0,0,0
5462,L52790,L,299.1,309.1,1604,50.1,196,0,0,0,0,0,0
5463,L52791,L,299.0,309.1,1586,45.7,198,0,0,0,0,0,0
5464,M11603,M,299.0,309.1,1792,33.8,201,1,1,0,0,0,0
5465,L52792,L,299.0,309.1,1577,50.4,203,0,0,0,0,0,0
5466,H71071,H,299.0,309.1,1664,46.7,208,0,0,0,0,0,0
5467,M11604,M,299.0,309.1,1648,32.9,211,0,0,0,0,0,0
5468,L52793,L,299.1,309.2,1615,34.9,213,1,1,0,0,0,0
5469,M11605,M,299.1,309.2,1667,50.0,216,1,1,0,0,0,0
5470,L52794,L,299.1,309.1,1707,47.8,218,0,0,0,0,0,0
5471,M11606,M,299.1,309.1,1614,25.0,221,0,0,0,0,0,0
5472,L52795,L,299.1,309.2,1805,29.9,223,0,0,0,0,0,0
5473,H71072,H,299.2,309.2,1526,47.0,228,1,1,0,0,0,0
5474,L52796,L,299.1,309.2,1501,28.3,230,0,0,0,0,0,0
5475,M11607,M,299.2,309.2,1609,48.0,11,0,0,0,0,0,0
5476,L52797,L,299.2,309.2,1595,59.4,13,1,0,0,1,0,0
5477,L52798,L,299.1,309.1,1494,43.7,15,0,0,0,0,0,0
5478,L52799,L,299.1,309.1,1520,30.8,17,0,0,0,0,0,0
5479,M11608,M,299.1,309.1,1596,41.8,20,0,0,0,0,0,0
5480,H71073,H,299.2,309.2,1540,50.3,25,0,0,0,0,0,0
5481,L52800,L,299.2,307.4,1768,41.0,27,0,0,0,0,0,0
5482,L52801,L,299.2,309.2,1626,44.8,29,0,0,0,0,0,0
5483,L52802,L,299.2,309.2,1758,32.0,31,0,0,0,0,0,0
5484,L52803,L,299.2,309.2,1707,32.8,33,0,0,0,0,0,0
5485,H71074,H,299.2,309.2,1744,49.1,38,0,0,0,0,0,0
5486,H71075,H,299.2,309.2,1607,32.9,43,0,0,0,0,0,0
5487,H71076,H,299.2,309.2,1777,14.1,48,1,0,0,1,0,0
5488,L52804,L,299.2,309.2,1525,36.9,50,0,0,0,0,0,0
5489,L52805,L,299.3,309.2,1707,43.1,52,0,0,0,0,0,0
5490,M11609,M,299.2,309.2,1695,50.6,55,0,0,0,0,0,0
5491,L52806,L,299.2,309.2,1643,56.5,57,1,0,0,1,0,0
5492,M11610,M,299.2,309.2,1634,40.8,19,0,0,0,0,0,0
5493,L52807,L,299.2,309.2,1482,46.6,3,0,0,0,0,0,0
5494,L52808,L,299.1,309.1,1636,41.2,5,0,0,0,0,0,0
5495,H71077,H,299.1,309.1,1571,43.5,10,0,0,0,0,0,0
5496,L52809,L,299.2,309.1,1743,38.1,12,0,0,0,0,0,0
5497,H71078,H,299.1,309.1,1592,43.9,17,0,0,0,0,0,0
5498,L52810,L,299.1,309.2,1648,32.7,19,0,0,0,0,0,0
5499,L52811,L,299.2,309.2,1743,59.8,21,1,0,0,1,0,0
5500,L52812,L,299.2,309.3,1846,16.1,23,1,0,0,1,0,0
5501,L52813,L,299.2,309.2,1717,45.7,25,0,0,0,0,0,0
5502,M11611,M,299.2,309.2,1587,43.2,28,0,0,0,0,0,0
5503,L52814,L,299.2,309.2,1532,43.7,30,0,0,0,0,0,0
5504,M11612,M,299.2,309.2,1808,28.2,33,0,0,0,0,0,0
5505,H71079,H,299.2,309.2,1872,23.2,38,0,0,0,0,0,0
5506,L52815,L,299.2,309.2,1503,46.1,40,0,0,0,0,0,0
5507,L52816,L,299.2,309.3,1534,53.4,42,0,0,0,0,0,0
5508,L52817,L,299.2,309.2,1976,42.2,44,0,0,0,0,0,0
5509,M11613,M,299.2,309.2,1651,48.1,47,0,0,0,0,0,0
5510,M11614,M,299.2,309.2,1772,35.4,50,0,0,0,0,0,0
5511,L52818,L,299.2,309.2,1600,43.3,52,0,0,0,0,0,0
5512,M11615,M,299.2,309.1,1553,52.3,55,0,0,0,0,0,0
5513,L52819,L,299.1,309.1,1490,36.9,57,0,0,0,0,0,0
5514,L52820,L,299.1,309.1,1502,51.9,59,0,0,0,0,0,0
5515,L52821,L,299.1,309.1,1871,23.7,61,0,0,0,0,0,0
5516,H71080,H,299.1,309.0,1726,33.9,66,0,0,0,0,0,0
5517,L52822,L,299.1,309.0,1705,45.5,68,0,0,0,0,0,0
5518,L52823,L,299.1,309.1,1518,59.0,70,1,0,0,1,0,0
5519,L52824,L,299.1,309.0,1625,40.1,72,0,0,0,0,0,0
5520,M11616,M,299.0,309.0,1705,29.7,75,0,0,0,0,0,0
5521,L52825,L,299.1,309.0,1581,58.8,77,1,0,0,1,0,0
5522,L52826,L,299.1,309.0,1780,38.7,79,0,0,0,0,0,0
5523,L52827,L,299.1,306.8,1555,46.6,81,0,0,0,0,0,0
5524,M11617,M,299.1,309.0,1655,36.7,84,0,0,0,0,0,0
5525,L52828,L,299.1,309.0,1571,41.4,86,0,0,0,0,0,0
5526,H71081,H,299.0,309.0,1502,34.4,91,0,0,0,0,0,0
5527,L52829,L,299.1,309.0,1615,62.6,93,1,0,0,1,0,0
5528,L52830,L,299.0,309.0,1745,51.9,95,1,0,0,1,0,0
5529,H71082,H,299.0,308.9,1627,57.7,100,1,0,0,1,0,0
5530,H71083,H,298.9,308.9,1712,32.1,105,0,0,0,0,0,0
5531,L52831,L,299.0,308.9,1912,21.7,107,0,0,0,0,0,0
5532,H71084,H,299.0,308.9,1707,37.1,112,0,0,0,0,0,0
5533,M11618,M,299.0,309.0,1591,65.2,115,1,0,0,1,0,0
5534,L52832,L,299.0,309.0,1679,36.8,117,0,0,0,0,0,0
5535,H71085,H,299.0,309.0,1622,50.5,122,0,0,0,0,0,0
5536,M11619,M,299.0,309.0,1691,29.8,125,0,0,0,0,0,0
5537,L52833,L,299.0,309.0,1768,31.7,127,0,0,0,0,0,0
5538,M11620,M,299.0,308.9,1556,39.2,130,0,0,0,0,0,0
5539,L52834,L,299.0,308.9,1578,61.1,132,1,0,0,1,0,0
5540,L52835,L,299.0,308.9,1516,51.0,134,0,0,0,0,0,0
5541,H71086,H,298.9,308.9,1803,19.5,139,0,0,0,0,0,0
5542,M11621,M,299.0,308.9,1831,46.7,142,0,0,0,0,0,0
5543,M11622,M,299.0,308.9,1773,28.5,145,0,0,0,0,0,0
5544,M11623,M,299.0,308.9,1791,33.2,148,0,0,0,0,0,0
5545,M11624,M,299.0,308.9,1705,45.1,151,0,0,0,0,0,0
5546,L52836,L,299.0,308.9,1368,54.0,153,0,0,0,0,0,0
5547,H71087,H,299.0,308.9,1568,53.5,158,0,0,0,0,0,0
5548,M11625,M,299.0,308.9,1673,43.3,161,0,0,0,0,0,0
5549,M11626,M,299.0,308.9,1444,43.5,164,0,0,0,0,0,0
5550,L52837,L,298.9,308.8,1554,53.5,166,0,0,0,0,0,0
5551,L52838,L,298.9,308.7,1725,24.2,168,0,0,0,0,0,0
5552,L52839,L,298.9,308.7,1444,58.3,170,0,0,0,0,0,0
5553,L52840,L,298.9,308.8,1601,32.6,172,0,0,0,0,0,0
5554,L52841,L,298.9,308.7,1757,42.6,174,0,0,0,0,0,0
5555,M11627,M,298.9,308.8,1354,35.0,177,0,0,0,0,0,0
5556,H71088,H,298.9,308.8,1735,28.4,182,0,0,0,0,0,0
5557,L52842,L,298.9,308.8,1731,44.6,184,0,0,0,0,0,0
5558,L52843,L,299.0,308.9,1635,42.4,186,0,0,0,0,0,0
5559,M11628,M,299.0,308.9,1782,38.9,189,0,0,0,0,0,0
5560,L52844,L,299.0,308.9,1619,38.5,191,0,0,0,0,0,0
5561,H71089,H,299.0,308.9,1489,55.3,196,0,0,0,0,0,0
5562,L52845,L,299.0,308.9,1535,61.9,198,1,0,0,1,1,0
5563,L52846,L,299.0,308.9,1551,52.5,200,0,0,0,0,0,0
5564,L52847,L,299.1,308.9,1584,42.8,202,0,0,0,0,0,0
5565,H71090,H,299.0,308.9,1719,23.6,207,1,1,0,0,0,0
5566,L52848,L,299.1,309.0,1546,46.3,209,0,0,0,0,0,0
5567,M11629,M,299.0,308.9,1540,46.7,212,0,0,0,0,0,0
5568,L52849,L,299.0,308.9,1509,47.7,214,1,1,0,0,0,0
5569,L52850,L,299.0,308.9,1747,28.6,216,1,1,0,0,0,0
5570,H71091,H,298.9,308.8,1936,48.5,221,1,0,0,1,0,0
5571,L52851,L,298.8,308.8,1457,55.6,223,1,0,0,0,1,0
5572,L52852,L,298.9,308.9,1604,30.2,225,0,0,0,0,0,0
5573,M11630,M,298.9,307.2,1633,46.8,228,0,0,0,0,0,0
5574,H71092,H,298.9,308.8,1752,31.9,233,0,0,0,0,0,0
5575,L52853,L,298.9,308.8,1723,39.0,235,0,0,0,0,0,0
5576,L52854,L,298.8,308.8,1719,30.5,237,1,1,0,0,0,0
5577,H71093,H,298.9,308.8,1716,36.5,242,0,0,0,0,0,0
5578,M11631,M,298.8,308.8,1663,36.6,245,0,0,0,0,0,0
5579,H71094,H,298.8,308.8,1670,44.1,250,0,0,0,0,0,0
5580,M11632,M,298.8,308.8,1643,48.9,253,1,0,0,0,1,0
5581,M11633,M,298.9,308.9,1521,52.2,19,0,0,0,0,0,0
5582,L52855,L,298.9,308.9,1587,33.5,21,0,0,0,0,0,0
5583,L52856,L,298.9,308.9,1753,43.6,23,0,0,0,0,0,0
5584,M11634,M,298.9,308.9,1718,29.0,26,0,0,0,0,0,0
5585,M11635,M,298.9,308.9,1750,38.9,29,0,0,0,0,0,0
5586,H71095,H,298.9,308.8,1549,40.4,34,0,0,0,0,0,0
5587,M11636,M,298.8,308.8,1661,30.8,37,0,0,0,0,0,0
5588,L52857,L,298.9,308.9,1497,45.6,39,0,0,0,0,0,0
5589,L52858,L,298.9,308.9,1716,38.4,41,0,0,0,0,0,0
5590,M11637,M,298.8,308.8,1587,41.5,44,0,0,0,0,0,0
5591,L52859,L,298.8,308.8,1536,52.2,46,0,0,0,0,0,0
5592,M11638,M,298.8,308.9,1848,35.7,49,0,0,0,0,0,0
5593,M11639,M,298.8,308.8,1666,48.5,52,0,0,0,0,0,0
5594,L52860,L,298.8,308.8,1634,54.4,54,1,0,0,1,0,0
5595,M11640,M,298.8,308.9,1470,53.8,57,0,0,0,0,0,0
5596,M11641,M,298.8,308.9,1493,38.1,60,0,0,0,0,0,0
5597,H71096,H,298.8,308.9,1788,30.3,65,0,0,0,0,0,0
5598,L52861,L,298.8,308.9,1485,32.9,67,0,0,0,0,0,0
5599,M11642,M,298.8,308.9,1687,24.1,70,0,0,0,0,0,0
5600,L52862,L,298.8,308.9,1541,46.9,72,0,0,0,0,0,0
5601,M11643,M,298.8,308.9,1528,47.5,75,0,0,0,0,0,0
5602,L52863,L,298.8,308.9,1254,41.2,77,0,0,0,0,0,0
5603,H71097,H,298.8,309.0,1627,26.2,82,0,0,0,0,0,0
5604,H71098,H,298.8,309.0,1560,36.3,87,0,0,0,0,0,0
5605,M11644,M,298.8,309.0,1601,53.8,90,1,0,0,1,0,0
5606,M11645,M,298.9,309.0,1714,46.1,93,0,0,0,0,0,0
5607,L52864,L,298.9,309.0,1453,47.8,95,0,0,0,0,0,0
5608,M11646,M,298.9,309.0,1496,73.1,98,1,0,0,1,0,0
5609,L52865,L,298.9,309.0,1682,43.3,100,0,0,0,0,0,0
5610,M11647,M,298.9,309.0,1802,18.4,103,1,0,0,1,0,0
5611,L52866,L,298.9,309.0,1687,29.0,105,0,0,0,0,0,0
5612,M11648,M,298.9,309.0,1580,43.1,108,0,0,0,0,0,0
5613,L52867,L,298.9,309.0,1717,40.2,110,0,0,0,0,0,0
5614,M11649,M,298.9,309.0,1689,38.3,113,0,0,0,0,0,0
5615,M11650,M,298.9,309.0,1488,38.5,116,0,0,0,0,0,0
5616,L52868,L,298.9,309.1,1671,32.2,118,0,0,0,0,0,0
5617,L52869,L,299.0,309.1,1636,43.7,120,0,0,0,0,0,0
5618,H71099,H,299.0,309.2,1479,53.9,125,0,0,0,0,0,0
5619,M11651,M,299.0,309.2,1538,57.3,128,1,0,0,1,0,0
5620,L52870,L,299.0,309.2,1606,57.0,130,1,0,0,1,0,0
5621,L52871,L,299.1,309.2,1625,30.4,132,0,0,0,0,0,0
5622,L52872,L,299.1,309.2,1672,39.8,134,0,0,0,0,0,0
5623,M11652,M,299.1,309.3,1577,36.9,137,0,0,0,0,0,0
5624,M11653,M,299.2,309.3,1508,45.9,140,0,0,0,0,0,0
5625,L52873,L,299.2,307.3,1710,39.2,142,0,0,0,0,0,0
5626,M11654,M,299.3,309.3,1767,37.7,145,0,0,0,0,0,0
5627,M11655,M,299.2,309.3,1468,54.5,148,0,0,0,0,0,0
5628,M11656,M,299.2,309.3,1731,41.0,151,0,0,0,0,0,0
5629,L52874,L,299.2,309.3,1642,41.2,153,0,0,0,0,0,0
5630,L52875,L,299.2,309.3,1429,44.1,155,0,0,0,0,0,0
5631,L52876,L,299.1,309.2,1486,46.8,157,0,0,0,0,0,0
5632,L52877,L,299.2,309.3,1669,46.8,159,0,0,0,0,0,0
5633,L52878,L,299.2,309.2,1423,55.5,161,0,0,0,0,0,0
5634,L52879,L,299.2,309.2,1661,27.1,163,0,0,0,0,0,0
5635,L52880,L,299.1,309.2,1626,43.2,165,0,0,0,0,0,0
5636,M11657,M,299.1,309.2,1696,39.0,168,0,0,0,0,0,0
5637,L52881,L,299.1,309.2,1682,37.0,170,0,0,0,0,0,0
5638,M11658,M,299.1,309.2,1752,47.6,173,0,0,0,0,0,0
5639,L52882,L,299.1,309.2,1509,53.0,175,0,0,0,0,0,0
5640,M11659,M,299.1,309.2,1690,34.1,178,0,0,0,0,0,0
5641,L52883,L,299.0,306.9,1603,56.9,180,1,0,0,1,0,0
5642,M11660,M,299.0,309.1,1789,25.7,183,0,0,0,0,0,0
5643,M11661,M,299.1,309.2,1714,45.9,186,0,0,0,0,0,0
5644,L52884,L,299.0,309.1,1657,31.1,188,0,0,0,0,0,0
5645,M11662,M,299.0,309.1,1742,33.6,191,0,0,0,0,0,0
5646,L52885,L,299.0,309.1,1564,40.6,193,0,0,0,0,0,0
5647,M11663,M,299.0,309.1,1664,36.0,196,0,0,0,0,0,0
5648,L52886,L,299.1,309.2,1844,11.4,198,1,0,0,1,0,0
5649,L52887,L,299.0,309.1,1706,46.1,200,0,0,0,0,0,0
5650,L52888,L,299.0,309.1,1661,47.8,202,0,0,0,0,0,0
5651,H71100,H,299.1,309.1,1667,38.4,207,1,1,0,0,0,0
5652,L52889,L,299.1,309.2,1655,37.6,209,1,1,0,0,0,0
5653,M11664,M,299.1,309.2,1719,36.3,212,1,1,0,0,0,0
5654,L52890,L,299.1,309.1,1936,22.9,214,1,1,0,0,0,0
5655,L52891,L,299.1,309.2,1821,21.8,216,1,1,0,0,0,0
5656,L52892,L,299.1,309.1,1643,48.0,218,0,0,0,0,0,0
5657,H71101,H,299.0,309.1,1471,50.6,223,1,1,0,0,0,0
5658,M11665,M,299.1,309.1,1543,46.0,226,0,0,0,0,0,0
5659,L52893,L,299.1,309.2,1601,43.8,228,0,0,0,0,0,0
5660,M11666,M,299.1,309.1,1691,47.8,231,0,0,0,0,0,0
5661,L52894,L,299.1,309.2,1528,47.2,233,0,0,0,0,0,0
5662,L52895,L,299.1,309.1,1749,32.1,235,0,0,0,0,0,0
5663,M11667,M,299.1,309.2,1649,42.2,238,1,1,0,0,0,0
5664,L52896,L,299.2,309.2,1697,37.0,240,1,1,0,0,0,0
5665,L52897,L,299.2,309.2,1645,37.2,242,0,0,0,0,0,0
5666,M11668,M,299.2,309.2,1537,51.4,245,1,0,0,0,1,0
5667,L52898,L,299.2,309.3,1480,55.7,247,1,0,0,0,1,0
5668,H71102,H,299.2,309.3,1827,16.5,252,1,0,0,1,0,0
5669,M11669,M,299.2,307.3,1656,37.4,17,0,0,0,0,0,0
5670,H71103,H,299.2,309.3,1569,36.9,22,0,0,0,0,0,0
5671,M11670,M,299.2,309.3,1610,51.6,25,0,0,0,0,0,0
5672,H71104,H,299.2,309.3,2034,25.5,30,0,0,0,0,0,0
5673,L52899,L,299.1,309.2,1787,10.1,32,1,0,0,1,0,0
5674,M11671,M,299.1,309.2,1756,48.2,35,0,0,0,0,0,0
5675,M11672,M,299.1,309.2,1367,49.6,38,0,0,0,0,0,0
5676,H71105,H,299.0,309.1,1718,22.2,43,0,0,0,0,0,0
5677,L52900,L,299.0,309.1,1742,38.8,45,0,0,0,0,0,0
5678,M11673,M,299.0,309.0,1572,55.3,48,1,0,0,1,0,0
5679,M11674,M,299.0,309.1,1648,29.2,51,0,0,0,0,0,0
5680,L52901,L,299.0,309.1,1642,41.0,53,0,0,0,0,0,0
5681,H71106,H,298.9,309.0,1712,45.1,58,0,0,0,0,0,0
5682,L52902,L,299.0,309.0,1917,25.7,60,0,0,0,0,0,0
5683,L52903,L,299.0,309.1,1775,34.4,62,0,0,0,0,0,0
5684,M11675,M,299.0,309.1,1692,23.1,65,0,0,0,0,0,0
5685,L52904,L,299.0,309.1,1638,38.4,67,0,0,0,0,0,0
5686,L52905,L,299.1,309.2,1671,32.1,69,0,0,0,0,0,0
5687,L52906,L,299.1,309.2,1561,42.1,71,0,0,0,0,0,0
5688,L52907,L,299.1,309.2,1603,46.3,73,0,0,0,0,0,0
5689,M11676,M,299.1,309.2,1553,53.9,76,0,0,0,0,0,0
5690,H71107,H,299.1,309.2,1421,63.3,81,1,0,0,1,0,0
5691,M11677,M,299.0,309.2,1715,42.1,84,0,0,0,0,0,0
5692,L52908,L,299.0,309.2,1704,36.8,86,0,0,0,0,0,0
5693,M11678,M,299.1,309.2,1612,36.3,89,0,0,0,0,0,0
5694,H71108,H,299.1,309.3,1713,30.4,94,0,0,0,0,0,0
5695,M11679,M,299.1,309.3,1540,44.5,97,0,0,0,0,0,0
5696,L52909,L,299.1,309.2,1626,35.1,99,0,0,0,0,0,0
5697,L52910,L,299.0,309.1,1685,45.2,101,0,0,0,0,0,0
5698,H71109,H,299.0,309.1,1741,30.7,106,0,0,0,0,0,0
5699,H71110,H,299.0,309.1,1628,35.3,111,0,0,0,0,0,0
5700,L52911,L,299.0,309.0,1656,44.3,113,0,0,0,0,0,0
5701,H71111,H,298.9,309.0,1650,38.8,118,0,0,0,0,0,0
5702,L52912,L,299.0,309.1,1660,20.8,120,0,0,0,0,0,0
5703,L52913,L,299.0,309.1,1636,39.8,122,0,0,0,0,0,0
5704,M11680,M,299.0,309.1,1731,32.0,125,0,0,0,0,0,0
5705,M11681,M,299.0,307.1,1616,51.8,128,0,0,0,0,0,0
5706,L52914,L,298.9,309.0,1447,49.7,130,0,0,0,0,0,0
5707,H71112,H,298.9,309.0,1784,17.2,135,1,0,0,1,0,0
5708,H71113,H,298.8,308.9,1611,48.0,140,0,0,0,0,0,0
5709,L52915,L,298.8,308.9,1459,43.9,142,0,0,0,0,0,0
5710,M11682,M,298.9,308.9,1654,25.2,145,0,0,0,0,0,0
5711,M11683,M,298.8,308.8,1649,48.8,148,0,0,0,0,0,0
5712,M11684,M,298.8,308.9,1841,27.2,151,0,0,0,0,0,0
5713,H71114,H,298.9,308.9,1443,51.5,156,0,0,0,0,0,0
5714,M11685,M,298.9,309.0,1772,33.5,159,0,0,0,0,0,0
5715,L52916,L,299.0,309.0,1560,24.8,161,0,0,0,0,0,0
5716,L52917,L,299.0,309.0,1665,61.2,163,1,0,0,1,0,0
5717,H71115,H,299.0,309.0,1709,24.5,168,0,0,0,0,0,0
5718,H71116,H,299.0,309.1,1628,31.9,173,0,0,0,0,0,0
5719,L52918,L,299.0,309.1,1714,33.9,175,0,0,0,0,0,0
5720,L52919,L,299.0,309.1,1587,35.4,177,0,0,0,0,0,0
5721,M11686,M,299.0,309.1,1660,47.0,180,0,0,0,0,0,0
5722,L52920,L,299.0,309.1,1636,40.6,182,0,0,0,0,0,0
5723,L52921,L,299.0,309.1,1675,50.0,184,0,0,0,0,0,0
5724,H71117,H,299.0,309.1,1558,43.7,189,0,0,0,0,0,0
5725,H71118,H,298.9,309.0,1754,23.3,194,0,0,0,0,0,0
5726,H71119,H,298.9,309.1,1717,45.5,199,0,0,0,0,0,0
5727,M11687,M,298.9,309.1,1668,42.3,202,1,1,0,0,0,0
5728,L52922,L,299.0,309.1,1777,33.8,204,1,1,0,0,0,0
5729,H71120,H,299.0,309.1,1462,60.7,209,1,0,0,1,0,0
5730,L52923,L,299.0,309.0,1684,46.1,211,1,1,0,0,0,0
5731,L52924,L,299.0,309.1,1668,49.4,213,0,0,0,0,0,0
5732,H71121,H,299.0,309.1,1452,49.8,218,1,1,0,0,0,0
5733,M11688,M,299.0,309.2,1771,35.8,221,0,0,0,0,0,0
5734,H71122,H,299.1,309.2,1297,46.3,226,0,0,0,0,0,0
5735,L52925,L,299.1,309.2,1608,43.2,228,1,1,0,0,0,0
5736,H71123,H,299.1,309.3,1652,34.4,233,1,1,0,0,0,0
5737,M11689,M,299.2,309.4,1620,27.8,236,0,0,0,0,0,0
5738,M11690,M,299.3,309.4,1706,40.2,17,0,0,0,0,0,0
5739,H71124,H,299.3,309.4,1647,45.9,22,0,0,0,0,0,0
5740,L52926,L,299.2,309.4,1702,40.2,24,0,0,0,0,0,0
5741,M11691,M,299.2,309.4,1667,38.2,27,0,0,0,0,0,0
5742,M11692,M,299.2,309.4,1667,40.3,30,0,0,0,0,0,0
5743,M11693,M,299.2,309.4,1638,37.1,33,0,0,0,0,0,0
5744,H71125,H,299.2,309.4,1666,55.5,38,1,0,0,1,0,0
5745,M11694,M,299.2,309.4,1691,42.7,41,0,0,0,0,0,0
5746,L52927,L,299.2,309.4,1691,35.1,43,0,0,0,0,0,0
5747,L52928,L,299.1,309.4,1732,21.9,45,0,0,0,0,0,0
5748,H71126,H,299.1,309.3,1501,38.0,50,0,0,0,0,0,0
5749,H71127,H,299.1,309.3,1501,34.2,55,0,0,0,0,0,0
5750,H71128,H,299.1,309.3,1649,33.9,60,0,0,0,0,0,0
5751,L52929,L,299.0,309.3,1715,49.4,62,0,0,0,0,0,0
5752,L52930,L,299.0,309.3,1582,40.8,64,0,0,0,0,0,0
5753,M11695,M,299.0,309.3,1678,23.2,67,0,0,0,0,0,0
5754,M11696,M,299.0,309.2,1530,46.2,70,0,0,0,0,0,0
5755,L52931,L,299.0,309.2,1616,24.2,72,0,0,0,0,0,0
5756,M11697,M,299.0,309.2,1532,46.9,75,0,0,0,0,0,0
5757,L52932,L,299.0,309.3,1700,35.2,77,0,0,0,0,0,0
5758,L52933,L,299.1,309.4,1601,40.9,79,0,0,0,0,0,0
5759,L52934,L,299.1,309.4,1603,39.8,81,0,0,0,0,0,0
5760,L52935,L,299.1,309.4,1601,38.5,83,0,0,0,0,0,0
5761,L52936,L,299.1,309.4,1660,42.1,85,0,0,0,0,0,0
5762,H71129,H,299.1,309.4,1681,40.8,90,0,0,0,0,0,0
5763,M11698,M,299.1,309.4,1385,58.7,12,0,0,0,0,0,0
5764,H71130,H,299.1,309.5,1570,42.2,17,0,0,0,0,0,0
5765,L52937,L,299.1,309.4,1629,42.5,19,0,0,0,0,0,0
5766,L52938,L,299.1,307.2,1726,32.9,21,0,0,0,0,0,0
5767,L52939,L,299.1,309.4,1642,43.8,23,0,0,0,0,0,0
5768,M11699,M,299.1,309.4,1777,29.8,26,0,0,0,0,0,0
5769,L52940,L,299.0,309.4,1463,51.5,28,0,0,0,0,0,0
5770,M11700,M,299.0,309.3,1765,25.2,31,0,0,0,0,0,0
5771,H71131,H,299.0,309.3,1878,31.6,36,0,0,0,0,0,0
5772,H71132,H,299.0,309.3,1739,23.7,41,0,0,0,0,0,0
5773,L52941,L,298.9,309.3,1636,44.2,43,0,0,0,0,0,0
5774,M11701,M,299.0,309.3,1719,35.8,46,0,0,0,0,0,0
5775,L52942,L,299.0,309.3,1985,46.9,48,1,0,0,1,0,0
5776,L52943,L,299.0,309.3,1616,30.2,50,0,0,0,0,0,0
5777,M11702,M,299.0,309.3,1628,45.3,53,0,0,0,0,0,0
5778,M11703,M,299.0,309.3,1471,45.8,56,0,0,0,0,0,0
5779,M11704,M,299.0,309.3,1675,42.1,59,0,0,0,0,0,0
5780,L52944,L,298.9,309.3,1699,40.3,61,0,0,0,0,0,0
5781,H71133,H,298.9,309.2,1499,41.4,66,0,0,0,0,0,0
5782,H71134,H,298.9,309.2,1712,30.9,71,0,0,0,0,0,0
5783,L52945,L,298.9,309.2,1686,29.2,73,0,0,0,0,0,0
5784,H71135,H,298.8,309.2,1755,45.4,78,0,0,0,0,0,0
5785,L52946,L,298.9,309.2,1787,36.3,5,0,0,0,0,0,0
5786,M11705,M,298.9,309.3,1702,44.5,8,0,0,0,0,0,0
5787,H71136,H,298.9,309.3,1678,55.5,13,1,0,0,1,0,0
5788,H71137,H,298.9,309.3,2061,35.4,18,0,0,0,0,0,0
5789,H71138,H,298.9,309.3,1355,34.0,23,0,0,0,0,0,0
5790,L52947,L,298.9,309.3,1644,36.8,25,0,0,0,0,0,0
5791,H71139,H,298.9,309.3,1558,40.4,30,0,0,0,0,0,0
5792,M11706,M,298.9,309.2,1626,46.1,33,0,0,0,0,0,0
5793,L52948,L,298.8,309.2,1644,39.7,35,0,0,0,0,0,0
5794,L52949,L,298.8,309.2,1524,60.8,37,1,0,0,1,0,0
5795,M11707,M,298.8,309.2,1623,44.2,40,0,0,0,0,0,0
5796,M11708,M,298.8,309.2,1615,47.8,43,0,0,0,0,0,0
5797,M11709,M,298.8,309.2,1732,39.6,46,0,0,0,0,0,0
5798,H71140,H,298.7,309.1,1545,50.1,51,0,0,0,0,0,0
5799,M11710,M,298.7,309.1,1546,37.9,54,0,0,0,0,0,0
5800,L52950,L,298.7,309.1,1745,33.6,56,0,0,0,0,0,0
5801,L52951,L,298.7,309.0,1680,49.1,58,0,0,0,0,0,0
5802,M11711,M,298.7,309.1,1685,39.4,61,0,0,0,0,0,0
5803,M11712,M,298.7,309.1,1535,42.5,64,0,0,0,0,0,0
5804,M11713,M,298.7,309.1,1587,49.8,67,0,0,0,0,0,0
5805,M11714,M,298.7,309.1,1668,41.4,70,0,0,0,0,0,0
5806,M11715,M,298.7,309.1,1562,38.5,73,0,0,0,0,0,0
5807,M11716,M,298.7,309.1,1609,34.6,76,0,0,0,0,0,0
5808,H71141,H,298.7,309.0,1582,50.6,81,0,0,0,0,0,0
5809,L52952,L,298.7,309.1,1774,36.6,83,0,0,0,0,0,0
5810,M11717,M,298.8,309.2,1673,39.5,86,0,0,0,0,0,0
5811,M11718,M,298.8,309.2,1584,42.9,89,0,0,0,0,0,0
5812,L52953,L,298.8,309.2,1617,42.8,91,0,0,0,0,0,0
5813,M11719,M,298.8,309.2,1537,50.1,94,0,0,0,0,0,0
5814,M11720,M,298.8,309.2,2037,39.3,97,0,0,0,0,0,0
5815,M11721,M,298.8,309.2,1643,53.8,100,1,0,0,1,0,0
5816,M11722,M,298.8,309.2,1490,37.5,103,0,0,0,0,0,0
5817,L52954,L,298.8,309.1,1749,43.7,105,0,0,0,0,0,0
5818,L52955,L,298.7,309.1,1857,38.2,107,0,0,0,0,0,0
5819,L52956,L,298.8,309.2,1556,60.9,109,1,0,0,1,0,0
5820,L52957,L,298.7,309.1,1593,36.5,111,0,0,0,0,0,0
5821,M11723,M,298.7,309.1,1768,37.4,114,0,0,0,0,0,0
5822,H71142,H,298.7,309.1,1669,41.1,119,0,0,0,0,0,0
5823,M11724,M,298.7,309.1,1617,37.3,122,0,0,0,0,0,0
5824,L52958,L,298.7,309.1,1546,43.1,124,0,0,0,0,0,0
5825,L52959,L,298.6,309.1,1550,52.3,126,0,0,0,0,0,0
5826,L52960,L,298.6,309.0,1660,41.5,128,0,0,0,0,0,0
5827,M11725,M,298.7,309.1,1721,41.8,131,0,0,0,0,0,0
5828,L52961,L,298.7,309.1,1687,37.7,133,0,0,0,0,0,0
5829,M11726,M,298.7,309.1,1717,34.9,136,0,0,0,0,0,0
5830,M11727,M,298.7,309.1,1615,41.0,139,0,0,0,0,0,0
5831,M11728,M,298.7,309.1,1727,40.1,142,0,0,0,0,0,0
5832,L52962,L,298.7,309.1,1570,51.7,144,0,0,0,0,0,0
5833,L52963,L,298.7,309.1,1865,30.4,146,0,0,0,0,0,0
5834,M11729,M,298.7,309.1,1516,54.5,149,0,0,0,0,0,0
5835,M11730,M,298.7,309.2,1693,38.5,152,0,0,0,0,0,0
5836,L52964,L,298.7,309.1,1839,41.5,154,0,0,0,0,0,0
5837,H71143,H,298.7,309.1,1799,29.4,159,0,0,0,0,0,0
5838,M11731,M,298.7,309.1,1688,45.6,162,0,0,0,0,0,0
5839,L52965,L,298.6,309.1,1727,30.4,164,0,0,0,0,0,0
5840,L52966,L,298.6,309.1,1635,43.7,166,0,0,0,0,0,0
5841,L52967,L,298.7,309.1,1620,42.8,168,0,0,0,0,0,0
5842,L52968,L,298.6,309.1,1616,36.7,170,0,0,0,0,0,0
5843,L52969,L,298.7,309.1,1619,19.3,172,1,0,0,1,0,0
5844,M11732,M,298.6,309.1,1595,61.6,175,1,0,0,1,0,0
5845,L52970,L,298.7,309.2,1566,29.5,177,0,0,0,0,0,0
5846,H71144,H,298.7,309.2,1694,42.7,182,0,0,0,0,0,0
5847,H71145,H,298.7,309.1,1660,32.7,187,0,0,0,0,0,0
5848,L52971,L,298.7,309.1,1510,50.5,189,0,0,0,0,0,0
5849,L52972,L,298.6,309.1,1796,36.2,191,0,0,0,0,0,0
5850,M11733,M,298.7,309.1,1559,32.5,194,0,0,0,0,0,0
5851,H71146,H,298.7,309.2,1559,46.0,199,0,0,0,0,0,0
5852,H71147,H,298.7,309.2,1665,27.3,204,0,0,0,0,0,0
5853,L52973,L,298.7,309.1,1685,35.9,206,0,0,0,0,0,0
5854,L52974,L,298.7,309.2,1559,46.9,208,1,1,0,0,0,0
5855,L52975,L,298.7,309.1,1703,55.1,210,1,1,0,1,1,0
5856,H71148,H,298.6,309.1,1577,30.4,215,0,0,0,0,0,0
5857,M11734,M,298.6,309.1,2049,33.9,218,1,1,0,0,0,0
5858,M11735,M,298.7,309.1,1186,43.5,221,1,1,0,0,0,0
5859,M11736,M,298.7,309.1,2020,20.0,224,1,1,0,0,0,0
5860,L52976,L,298.7,309.1,1678,53.6,226,1,0,0,1,1,0
5861,M11737,M,298.7,309.1,1692,30.0,3,0,0,0,0,0,0
5862,L52977,L,298.8,309.2,1693,35.6,5,0,0,0,0,0,0
5863,M11738,M,298.7,309.1,1602,42.6,8,0,0,0,0,0,0
5864,M11739,M,298.8,309.2,1679,40.5,11,0,0,0,0,0,0
5865,M11740,M,298.8,309.3,1634,30.4,4,0,0,0,0,0,0
5866,L52978,L,298.8,309.2,1624,57.2,6,1,0,0,1,0,0
5867,H71149,H,298.8,309.2,1800,14.2,11,1,0,0,1,0,0
5868,M11741,M,298.7,309.1,2039,28.8,14,0,0,0,0,0,0
5869,L52979,L,298.7,309.1,1722,33.6,16,0,0,0,0,0,0
5870,L52980,L,298.8,309.2,1732,30.5,18,0,0,0,0,0,0
5871,M11742,M,298.8,309.2,1522,52.2,21,0,0,0,0,0,0
5872,L52981,L,298.7,309.2,1698,23.4,23,0,0,0,0,0,0
5873,L52982,L,298.7,309.2,2035,55.6,25,1,0,0,1,0,0
5874,L52983,L,298.7,309.1,1763,37.2,27,0,0,0,0,0,0
5875,L52984,L,298.7,309.2,1708,26.4,29,0,0,0,0,0,0
5876,L52985,L,298.7,309.2,1843,19.0,31,0,0,0,0,0,0
5877,M11743,M,298.8,309.2,1766,37.8,34,0,0,0,0,0,0
5878,L52986,L,298.8,309.3,1804,33.0,36,0,0,0,0,0,0
5879,M11744,M,298.8,309.3,1675,42.4,39,0,0,0,0,0,0
5880,L52987,L,298.8,309.3,1592,35.5,41,0,0,0,0,0,0
5881,L52988,L,298.8,309.2,1681,49.6,43,0,0,0,0,0,0
5882,L52989,L,298.8,309.2,1640,38.6,45,0,0,0,0,0,0
5883,M11745,M,298.7,309.2,1718,35.8,48,0,0,0,0,0,0
5884,H71150,H,298.7,309.2,1543,49.7,53,0,0,0,0,0,0
5885,L52990,L,298.7,309.2,1584,42.3,55,0,0,0,0,0,0
5886,L52991,L,298.8,309.2,1547,47.7,57,0,0,0,0,0,0
5887,L52992,L,298.8,309.2,1471,51.5,59,0,0,0,0,0,0
5888,L52993,L,298.7,309.2,1612,37.1,61,0,0,0,0,0,0
5889,H71151,H,298.7,309.1,1555,40.4,66,0,0,0,0,0,0
5890,L52994,L,298.7,309.1,1657,48.4,68,0,0,0,0,0,0
5891,H71152,H,298.7,309.1,1682,15.5,73,1,0,0,1,0,0
5892,M11746,M,298.7,309.1,1595,39.0,76,0,0,0,0,0,0
5893,M11747,M,298.7,309.1,1662,37.8,79,0,0,0,0,0,0
5894,H71153,H,298.7,309.1,1794,43.7,84,0,0,0,0,0,0
5895,L52995,L,298.8,309.2,1629,32.0,86,0,0,0,0,0,0
5896,M11748,M,298.8,309.2,1469,51.0,89,0,0,0,0,0,0
5897,L52996,L,298.8,309.3,1570,32.6,91,0,0,0,0,0,0
5898,H71154,H,298.8,309.3,1596,35.4,96,0,0,0,0,0,0
5899,M11749,M,298.9,309.4,1625,33.4,99,0,0,0,0,0,0
5900,L52997,L,298.9,309.4,2213,52.3,101,1,0,0,1,0,0
5901,H71155,H,298.9,309.4,1845,19.1,106,0,0,0,0,0,0
5902,L52998,L,298.9,309.4,1529,57.9,108,1,0,0,1,0,0
5903,L52999,L,298.9,309.3,1740,54.7,110,1,0,0,1,0,0
5904,M11750,M,298.9,309.3,1624,34.4,113,0,0,0,0,0,0
5905,L53000,L,298.9,309.3,1560,50.3,115,0,0,0,0,0,0
5906,H71156,H,298.9,309.3,1601,41.3,120,0,0,0,0,0,0
5907,M11751,M,298.9,309.3,1656,56.5,123,1,0,0,1,0,0
5908,M11752,M,298.9,309.3,1594,49.5,126,0,0,0,0,0,0
5909,L53001,L,299.0,309.3,1672,61.9,128,1,0,0,1,0,0
5910,L53002,L,298.9,309.3,1770,24.4,130,0,0,0,0,0,0
5911,H71157,H,298.9,309.3,1722,41.9,135,0,0,0,0,0,0
5912,L53003,L,298.9,309.4,1576,22.8,137,0,0,0,0,0,0
5913,M11753,M,298.9,309.4,1524,34.8,140,0,0,0,0,0,0
5914,L53004,L,298.9,309.3,1383,62.5,142,1,0,0,1,0,0
5915,L53005,L,298.9,309.4,1587,44.7,144,0,0,0,0,0,0
5916,M11754,M,298.9,309.4,1460,49.8,147,0,0,0,0,0,0
5917,M11755,M,298.9,309.3,1735,45.1,150,0,0,0,0,0,0
5918,M11756,M,298.9,309.3,1609,44.5,153,0,0,0,0,0,0
5919,H71158,H,298.9,309.4,1733,34.8,158,0,0,0,0,0,0
5920,L53006,L,298.8,309.3,1643,32.9,160,0,0,0,0,0,0
5921,L53007,L,298.9,309.3,1753,34.5,162,0,0,0,0,0,0
5922,L53008,L,298.9,309.3,1615,12.7,164,1,0,0,1,0,0
5923,M11757,M,298.9,309.3,1650,39.2,167,0,0,0,0,0,0
5924,L53009,L,298.8,309.2,1683,42.4,169,0,0,0,0,0,0
5925,M11758,M,298.9,309.3,1735,33.8,172,0,0,0,0,0,0
5926,L53010,L,298.9,309.3,1628,38.7,174,0,0,0,0,0,0
5927,H71159,H,298.9,309.3,1469,45.3,179,0,0,0,0,0,0
5928,H71160,H,298.9,309.3,1695,48.8,184,0,0,0,0,0,0
5929,H71161,H,298.9,309.3,1677,28.0,189,0,0,0,0,0,0
5930,L53011,L,298.9,309.3,1664,32.1,191,0,0,0,0,0,0
5931,H71162,H,298.9,309.3,1811,47.5,196,1,0,0,1,0,0
5932,L53012,L,298.9,309.3,1628,45.9,198,0,0,0,0,0,0
5933,L53013,L,298.9,309.3,1533,53.4,200,0,0,0,0,0,0
5934,L53014,L,298.8,309.3,1530,53.0,202,1,1,0,0,0,0
5935,L53015,L,298.9,309.3,1582,64.1,204,1,1,0,1,1,0
5936,M11759,M,298.8,309.3,1591,37.1,207,1,1,0,0,0,0
5937,L53016,L,298.9,309.3,1614,55.8,209,1,0,0,1,1,0
5938,L53017,L,298.9,309.3,1797,30.8,211,0,0,0,0,0,0
5939,M11760,M,298.9,309.3,1518,63.9,214,1,0,0,1,1,0
5940,H71163,H,298.9,309.3,1715,44.5,219,1,1,0,0,0,0
5941,M11761,M,298.8,309.3,1616,45.4,222,1,1,0,0,0,0
5942,M11762,M,298.8,309.3,1537,49.9,225,1,1,0,0,0,0
5943,L53018,L,298.9,309.3,1571,26.4,227,0,0,0,0,0,0
5944,H71164,H,298.9,309.4,1731,29.3,232,0,0,0,0,0,0
5945,L53019,L,299.0,309.5,1671,41.2,234,1,1,0,0,0,0
5946,L53020,L,299.0,309.5,1720,43.5,236,0,0,0,0,0,0
5947,L53021,L,299.0,309.5,1621,60.8,238,1,0,0,1,1,0
5948,M11763,M,299.0,309.5,1885,30.5,241,0,0,0,0,0,0
5949,L53022,L,299.1,309.6,1518,55.4,243,1,0,0,0,1,0
5950,M11764,M,299.1,309.6,1696,37.3,246,0,0,0,0,0,0
5951,L53023,L,299.1,309.6,1603,37.2,248,0,0,0,0,0,0
5952,L53024,L,299.1,309.6,1742,38.4,250,0,0,0,0,0,0
5953,L53025,L,299.2,309.6,1582,36.9,252,0,0,0,0,0,0
5954,L53026,L,299.1,309.6,1707,44.9,15,0,0,0,0,0,0
5955,L53027,L,299.1,309.6,1604,36.1,17,0,0,0,0,0,0
5956,M11765,M,299.1,307.1,1792,25.9,20,0,0,0,0,0,0
5957,M11766,M,299.1,309.6,1773,37.3,23,0,0,0,0,0,0
5958,L53028,L,299.0,309.5,1486,44.6,5,0,0,0,0,0,0
5959,M11767,M,299.0,309.5,1602,26.0,8,0,0,0,0,0,0
5960,L53029,L,299.0,309.5,1641,45.8,10,0,0,0,0,0,0
5961,L53030,L,299.0,309.5,2020,51.8,12,1,0,0,1,0,0
5962,L53031,L,299.0,309.6,1547,54.8,14,0,0,0,0,0,0
5963,L53032,L,299.0,309.6,1590,43.4,16,0,0,0,0,0,0
5964,L53033,L,299.0,309.6,1667,22.0,18,0,0,0,0,0,0
5965,M11768,M,299.0,309.6,1646,46.5,21,0,0,0,0,0,0
5966,L53034,L,299.0,309.6,1513,49.7,23,0,0,0,0,0,0
5967,M11769,M,299.0,309.6,1719,33.0,26,0,0,0,0,0,0
5968,L53035,L,299.0,309.6,1602,39.3,28,0,0,0,0,0,0
5969,M11770,M,299.0,307.8,1587,44.8,31,0,0,0,0,0,0
5970,M11771,M,298.9,309.5,1666,57.9,34,1,0,0,1,0,0
5971,L53036,L,298.9,309.5,1749,37.4,36,0,0,0,0,0,0
5972,L53037,L,298.9,309.5,1514,48.9,38,0,0,0,0,0,0
5973,M11772,M,298.9,309.5,1555,43.2,41,0,0,0,0,0,0
5974,H71165,H,298.9,309.5,1710,42.0,46,0,0,0,0,0,0
5975,H71166,H,298.9,309.5,1452,53.3,51,0,0,0,0,0,0
5976,L53038,L,299.0,309.6,1824,31.7,53,0,0,0,0,0,0
5977,M11773,M,299.0,309.6,1650,42.3,56,0,0,0,0,0,0
5978,L53039,L,299.1,309.7,1597,40.3,58,0,0,0,0,0,0
5979,L53040,L,299.1,309.7,1729,24.9,60,0,0,0,0,0,0
5980,M11774,M,299.1,309.7,1708,52.3,63,1,0,0,1,0,0
5981,M11775,M,299.1,309.7,1415,48.3,66,0,0,0,0,0,0
5982,M11776,M,299.1,309.7,1741,40.3,69,0,0,0,0,0,0
5983,H71167,H,299.1,309.7,1771,37.4,74,0,0,0,0,0,0
5984,L53041,L,299.1,309.6,1621,40.0,76,0,0,0,0,0,0
5985,M11777,M,299.1,309.7,1607,47.1,79,0,0,0,0,0,0
5986,L53042,L,299.1,309.7,1660,40.5,81,0,0,0,0,0,0
5987,L53043,L,299.1,309.7,1751,33.3,83,0,0,0,0,0,0
5988,L53044,L,299.1,309.6,1611,34.8,85,0,0,0,0,0,0
5989,H71168,H,299.1,309.7,1649,39.9,90,0,0,0,0,0,0
5990,L53045,L,299.1,309.7,1690,30.7,92,0,0,0,0,0,0
5991,L53046,L,299.2,309.7,1694,43.3,94,0,0,0,0,0,0
5992,M11778,M,299.2,309.8,1932,32.1,97,0,0,0,0,0,0
5993,H71169,H,299.2,309.8,1634,30.5,2,0,0,0,0,0,0
5994,H71170,H,299.3,309.8,1491,71.9,7,1,0,0,1,0,0
5995,M11779,M,299.3,309.9,1481,59.4,10,1,0,0,1,0,0
5996,L53047,L,299.3,309.8,1599,41.4,12,0,0,0,0,0,0
5997,M11780,M,299.3,309.8,1509,48.5,15,0,0,0,0,0,0
5998,H71171,H,299.3,309.8,1459,50.2,20,0,0,0,0,0,0
5999,H71172,H,299.3,309.8,1760,39.2,25,0,0,0,0,0,0
6000,H71173,H,299.2,309.8,1667,42.8,30,0,0,0,0,0,0
6001,L53048,L,299.2,309.7,1672,37.4,32,0,0,0,0,0,0
6002,L53049,L,299.2,309.7,1506,52.6,34,0,0,0,0,0,0
6003,M11781,M,299.1,309.6,1577,52.7,12,0,0,0,0,0,0
6004,L53050,L,299.1,309.6,1465,55.6,14,0,0,0,0,0,0
6005,L53051,L,299.1,309.6,1634,42.7,16,0,0,0,0,0,0
6006,L53052,L,299.0,309.6,1567,61.7,18,1,0,0,1,0,0
6007,M11782,M,298.9,309.5,1605,39.2,21,0,0,0,0,0,0
6008,H71174,H,298.9,309.4,1475,60.5,26,1,0,0,1,0,0
6009,M11783,M,298.9,309.4,1630,35.4,29,0,0,0,0,0,0
6010,H71175,H,298.9,309.4,1791,27.0,34,0,0,0,0,0,0
6011,M11784,M,298.9,309.4,1563,60.3,37,1,0,0,1,0,0
6012,M11785,M,298.9,309.5,1471,46.6,40,0,0,0,0,0,0
6013,L53053,L,298.9,309.5,1688,45.2,42,0,0,0,0,0,0
6014,M11786,M,299.0,309.5,1718,36.4,45,0,0,0,0,0,0
6015,L53054,L,299.0,309.6,1711,31.5,47,0,0,0,0,0,0
6016,L53055,L,299.0,309.5,1837,32.5,49,0,0,0,0,0,0
6017,L53056,L,299.0,309.5,1295,41.4,51,0,0,0,0,0,0
6018,H71176,H,299.0,309.6,1697,38.5,56,0,0,0,0,0,0
6019,M11787,M,299.0,309.5,1793,20.6,59,0,0,0,0,0,0
6020,H71177,H,299.0,309.5,1641,56.9,64,1,0,0,1,0,0
6021,H71178,H,299.0,309.5,1652,35.8,69,0,0,0,0,0,0
6022,H71179,H,299.0,309.5,1528,52.4,74,0,0,0,0,0,0
6023,L53057,L,298.9,309.5,1774,32.9,76,0,0,0,0,0,0
6024,H71180,H,298.9,309.5,1725,41.5,81,0,0,0,0,0,0
6025,H71181,H,298.9,309.5,1714,49.7,86,0,0,0,0,0,0
6026,H71182,H,298.9,309.5,1644,48.3,91,0,0,0,0,0,0
6027,L53058,L,299.0,309.5,1516,37.3,93,0,0,0,0,0,0
6028,L53059,L,298.9,309.5,1638,45.1,95,0,0,0,0,0,0
6029,H71183,H,298.9,307.0,1618,46.8,100,0,0,0,0,0,0
6030,L53060,L,298.9,309.5,1768,38.5,102,0,0,0,0,0,0
6031,L53061,L,298.9,309.5,1803,28.9,104,0,0,0,0,0,0
6032,L53062,L,298.9,309.5,1738,33.8,106,0,0,0,0,0,0
6033,L53063,L,298.8,309.4,1483,36.2,108,0,0,0,0,0,0
6034,L53064,L,298.8,309.4,1574,40.3,110,0,0,0,0,0,0
6035,H71184,H,298.9,309.5,1534,55.9,115,0,0,0,0,0,0
6036,H71185,H,298.8,309.4,1572,49.1,120,0,0,0,0,0,0
6037,H71186,H,298.9,309.5,1707,31.8,125,0,0,0,0,0,0
6038,L53065,L,298.9,309.5,1688,58.4,127,1,0,0,1,0,0
6039,L53066,L,298.8,309.4,1724,39.2,129,0,0,0,0,0,0
6040,L53067,L,298.8,309.4,1532,46.7,131,0,0,0,0,0,0
6041,L53068,L,298.7,309.3,1624,30.6,133,0,0,0,0,0,0
6042,L53069,L,298.7,309.3,1591,35.5,135,0,0,0,0,0,0
6043,M11788,M,298.7,309.3,1586,50.4,138,0,0,0,0,0,0
6044,H71187,H,298.8,309.4,2188,31.2,143,0,0,0,0,0,0
6045,M11789,M,298.8,309.4,1734,40.6,146,0,0,0,0,0,0
6046,L53070,L,298.7,309.3,1592,44.7,148,0,0,0,0,0,0
6047,L53071,L,298.7,309.3,1700,29.8,150,0,0,0,0,0,0
6048,L53072,L,298.7,309.3,1893,22.2,152,0,0,0,0,0,0
6049,L53073,L,298.7,309.3,1469,49.1,154,0,0,0,0,0,0
6050,M11790,M,298.7,306.9,1559,68.6,157,1,0,0,1,0,0
6051,L53074,L,298.6,307.1,1674,44.6,159,0,0,0,0,0,0
6052,M11791,M,298.6,309.2,1589,46.5,162,0,0,0,0,0,0
6053,H71188,H,298.6,309.2,1694,31.2,167,0,0,0,0,0,0
6054,L53075,L,298.6,309.2,1611,54.7,169,1,0,0,1,0,0
6055,L53076,L,298.6,309.2,1643,36.2,171,0,0,0,0,0,0
6056,L53077,L,298.6,309.2,1532,51.6,173,0,0,0,0,0,0
6057,L53078,L,298.6,309.2,1554,46.1,175,0,0,0,0,0,0
6058,M11792,M,298.6,309.2,1785,46.3,178,0,0,0,0,0,0
6059,H71189,H,298.6,309.2,1580,45.9,183,0,0,0,0,0,0
6060,H71190,H,298.6,309.2,1639,45.6,188,0,0,0,0,0,0
6061,M11793,M,298.7,309.2,1706,42.8,191,0,0,0,0,0,0
6062,L53079,L,298.6,309.2,1581,49.7,193,0,0,0,0,0,0
6063,L53080,L,298.7,309.2,1691,32.7,195,0,0,0,0,0,0
6064,L53081,L,298.6,309.2,1708,37.6,197,0,0,0,0,0,0
6065,L53082,L,298.6,309.1,1497,54.7,199,0,0,0,0,0,0
6066,H71191,H,298.6,309.2,1503,41.7,204,1,1,0,0,0,0
6067,L53083,L,298.6,309.2,1601,36.7,206,0,0,0,0,0,0
6068,L53084,L,298.6,309.2,1752,50.3,208,1,0,0,1,0,0
6069,L53085,L,298.7,309.3,1555,48.4,210,0,0,0,0,0,0
6070,L53086,L,298.7,309.3,1729,27.0,212,1,1,0,0,0,0
6071,H71192,H,298.7,309.3,1493,47.3,217,0,0,0,0,0,0
6072,L53087,L,298.7,309.2,1764,41.4,219,0,0,0,0,0,0
6073,L53088,L,298.7,309.3,1586,47.1,221,1,1,0,0,0,0
6074,L53089,L,298.7,309.3,1608,40.1,223,0,0,0,0,0,0
6075,H71193,H,298.8,309.4,1614,44.6,228,1,1,0,0,0,0
6076,M11794,M,298.9,309.4,1971,21.7,231,0,0,0,0,0,0
6077,M11795,M,298.8,309.4,1736,31.1,234,0,0,0,0,0,0
6078,L53090,L,298.8,309.4,1597,47.4,236,1,0,0,0,1,0
6079,L53091,L,298.7,309.3,1254,66.2,238,1,0,0,0,1,0
6080,H71194,H,298.7,309.3,1753,43.7,243,0,0,0,0,0,0
6081,L53092,L,298.7,309.3,1623,33.1,245,0,0,0,0,0,0
6082,L53093,L,298.7,309.3,1566,41.4,247,0,0,0,0,0,0
6083,M11796,M,298.7,309.3,1628,31.1,250,0,0,0,0,0,0
6084,L53094,L,298.7,309.3,1717,52.5,252,1,0,0,1,1,0
6085,L53095,L,298.7,309.3,1644,40.5,3,0,0,0,0,0,0
6086,H71195,H,298.7,309.4,1458,50.5,8,0,0,0,0,0,0
6087,L53096,L,298.7,309.4,1640,38.5,10,0,0,0,0,0,0
6088,L53097,L,298.8,309.4,1516,51.4,12,0,0,0,0,0,0
6089,L53098,L,298.8,309.4,1767,23.8,14,0,0,0,0,0,0
6090,M11797,M,298.8,309.4,1614,40.2,17,0,0,0,0,0,0
6091,L53099,L,298.8,309.4,1481,45.4,19,0,0,0,0,0,0
6092,L53100,L,298.8,309.4,1657,37.3,21,0,0,0,0,0,0
6093,M11798,M,298.8,309.4,1626,43.6,24,0,0,0,0,0,0
6094,M11799,M,298.9,307.0,1519,43.4,27,0,0,0,0,0,0
6095,H71196,H,298.9,309.5,1419,50.5,32,0,0,0,0,0,0
6096,L53101,L,298.9,309.5,1643,46.2,34,0,0,0,0,0,0
6097,L53102,L,298.9,309.5,1604,43.9,36,0,0,0,0,0,0
6098,M11800,M,298.9,309.5,1585,48.8,39,0,0,0,0,0,0
6099,M11801,M,298.9,306.5,1787,26.5,42,0,0,0,0,0,0
6100,L53103,L,298.9,309.5,1515,32.5,44,0,0,0,0,0,0
6101,M11802,M,299.0,309.5,1727,26.1,47,0,0,0,0,0,0
6102,L53104,L,299.0,309.5,1681,45.5,49,0,0,0,0,0,0
6103,H71197,H,298.9,309.5,1612,44.1,54,0,0,0,0,0,0
6104,H71198,H,298.9,309.5,1451,53.9,59,0,0,0,0,0,0
6105,L53105,L,298.9,309.5,1572,43.5,61,0,0,0,0,0,0
6106,H71199,H,298.9,309.5,1642,33.7,66,0,0,0,0,0,0
6107,H71200,H,298.9,309.5,1501,41.3,71,0,0,0,0,0,0
6108,L53106,L,298.9,309.5,1781,21.2,73,0,0,0,0,0,0
6109,L53107,L,298.9,309.5,1672,35.9,75,0,0,0,0,0,0
6110,M11803,M,299.0,309.6,1714,16.5,78,1,0,0,1,0,0
6111,L53108,L,298.9,309.5,1722,43.3,80,0,0,0,0,0,0
6112,L53109,L,299.0,309.6,1618,37.2,82,0,0,0,0,0,0
6113,L53110,L,299.0,309.6,1790,38.7,84,0,0,0,0,0,0
6114,H71201,H,299.0,309.6,1674,30.7,89,0,0,0,0,0,0
6115,L53111,L,299.0,309.6,1599,33.3,0,0,0,0,0,0,0
6116,M11804,M,299.0,309.6,1531,46.9,3,0,0,0,0,0,0
6117,L53112,L,299.0,309.6,1733,25.6,5,0,0,0,0,0,0
6118,L53113,L,299.0,309.6,1527,45.1,7,0,0,0,0,0,0
6119,H71202,H,298.9,309.6,1705,31.9,12,0,0,0,0,0,0
6120,L53114,L,299.0,309.6,1701,23.2,14,0,0,0,0,0,0
6121,L53115,L,298.9,309.6,1548,52.3,16,0,0,0,0,0,0
6122,L53116,L,298.9,309.6,1577,53.3,18,0,0,0,0,0,0
6123,M11805,M,298.9,309.6,1768,34.6,21,0,0,0,0,0,0
6124,L53117,L,298.9,309.5,1630,34.5,23,0,0,0,0,0,0
6125,L53118,L,299.0,309.6,1680,37.5,25,0,0,0,0,0,0
6126,L53119,L,298.9,309.6,1732,31.9,27,0,0,0,0,0,0
6127,L53120,L,298.9,307.1,1574,33.7,29,0,0,0,0,0,0
6128,L53121,L,298.9,309.5,1674,44.5,31,0,0,0,0,0,0
6129,M11806,M,298.9,309.5,1616,60.7,34,1,0,0,1,0,0
6130,L53122,L,298.9,309.5,1755,36.5,36,0,0,0,0,0,0
6131,L53123,L,298.9,309.5,1497,50.2,38,0,0,0,0,0,0
6132,M11807,M,298.9,309.5,1538,43.5,41,0,0,0,0,0,0
6133,M11808,M,298.9,309.5,1732,23.3,44,0,0,0,0,0,0
6134,L53124,L,298.8,309.5,1641,39.8,5,0,0,0,0,0,0
6135,L53125,L,298.9,309.5,1660,38.5,7,0,0,0,0,0,0
6136,L53126,L,298.9,309.5,1542,54.6,9,0,0,0,0,0,0
6137,H71203,H,298.9,309.5,1588,55.1,14,1,0,0,1,0,0
6138,L53127,L,298.9,309.5,1401,43.8,16,0,0,0,0,0,0
6139,L53128,L,298.9,309.5,1646,52.1,18,0,0,0,0,0,0
6140,L53129,L,298.9,309.6,1790,38.5,20,0,0,0,0,0,0
6141,L53130,L,299.0,309.6,1542,51.2,22,0,0,0,0,0,0
6142,L53131,L,299.0,309.6,1663,41.0,24,0,0,0,0,0,0
6143,L53132,L,299.0,309.6,1744,51.0,26,1,0,0,1,0,0
6144,M11809,M,299.0,309.6,1591,52.0,29,0,0,0,0,0,0
6145,M11810,M,299.0,309.7,1640,47.2,32,0,0,0,0,0,0
6146,M11811,M,299.0,309.6,1854,32.6,35,0,0,0,0,0,0
6147,M11812,M,299.0,309.6,1855,35.8,38,0,0,0,0,0,0
6148,L53133,L,299.0,309.6,1515,47.5,40,0,0,0,0,0,0
6149,H71204,H,299.0,309.6,1567,48.9,45,0,0,0,0,0,0
6150,M11813,M,299.0,309.6,1722,41.6,48,0,0,0,0,0,0
6151,H71205,H,299.0,309.6,1711,36.9,53,0,0,0,0,0,0
6152,M11814,M,299.0,309.6,1704,41.9,56,0,0,0,0,0,0
6153,L53134,L,299.0,309.5,1429,37.2,58,0,0,0,0,0,0
6154,L53135,L,298.9,309.5,1488,37.3,60,0,0,0,0,0,0
6155,L53136,L,298.9,309.4,1709,59.6,62,1,0,0,1,0,0
6156,L53137,L,298.9,309.4,1744,35.2,64,0,0,0,0,0,0
6157,L53138,L,298.8,309.3,1655,45.1,66,0,0,0,0,0,0
6158,L53139,L,298.8,309.3,1530,41.5,68,0,0,0,0,0,0
6159,L53140,L,298.8,309.3,1676,27.7,70,0,0,0,0,0,0
6160,H71206,H,298.8,309.3,1767,27.4,75,0,0,0,0,0,0
6161,M11815,M,298.8,306.7,1950,39.2,78,0,0,0,0,0,0
6162,M11816,M,298.8,309.3,1688,20.5,81,0,0,0,0,0,0
6163,L53141,L,298.8,309.3,1589,58.3,83,1,0,0,1,0,0
6164,M11817,M,298.8,309.3,1722,36.4,86,0,0,0,0,0,0
6165,H71207,H,298.8,309.2,1626,35.6,91,0,0,0,0,0,0
6166,M11818,M,298.8,309.2,1675,52.2,94,1,0,0,1,0,0
6167,M11819,M,298.8,309.2,1743,38.6,97,0,0,0,0,0,0
6168,L53142,L,298.8,309.3,1455,46.5,99,0,0,0,0,0,0
6169,L53143,L,298.8,309.2,1827,34.3,101,0,0,0,0,0,0
6170,M11820,M,298.9,309.3,1753,40.5,104,0,0,0,0,0,0
6171,H71208,H,298.9,309.3,1618,49.7,109,0,0,0,0,0,0
6172,L53144,L,298.9,309.3,1682,31.4,111,0,0,0,0,0,0
6173,L53145,L,298.9,309.4,1694,45.3,113,0,0,0,0,0,0
6174,L53146,L,298.9,309.4,1824,15.8,115,1,0,0,1,0,0
6175,L53147,L,299.0,309.4,1560,52.7,117,0,0,0,0,0,0
6176,H71209,H,299.0,309.4,1823,34.4,122,0,0,0,0,0,0
6177,M11821,M,299.0,309.4,1115,39.1,125,0,0,0,0,0,0
6178,L53148,L,298.9,309.3,1595,39.0,127,0,0,0,0,0,0
6179,L53149,L,298.9,309.3,1741,30.3,129,0,0,0,0,0,0
6180,L53150,L,298.9,309.3,1700,29.5,131,0,0,0,0,0,0
6181,L53151,L,299.0,309.3,1686,45.2,133,0,0,0,0,0,0
6182,M11822,M,299.0,309.3,1145,45.7,136,0,0,0,0,0,0
6183,H71210,H,299.0,309.4,1673,31.1,141,0,0,0,0,0,0
6184,M11823,M,299.0,309.4,1375,45.4,144,0,0,0,0,0,0
6185,L53152,L,299.0,309.4,1487,45.6,146,0,0,0,0,0,0
6186,M11824,M,299.0,309.4,1648,36.2,149,0,0,0,0,0,0
6187,M11825,M,298.9,309.3,1669,27.1,152,0,0,0,0,0,0
6188,L53153,L,298.9,309.4,1685,39.6,154,0,0,0,0,0,0
6189,M11826,M,299.0,309.4,1666,43.7,157,0,0,0,0,0,0
6190,M11827,M,299.0,309.4,1662,39.4,160,0,0,0,0,0,0
6191,H71211,H,299.0,309.4,1655,34.1,165,0,0,0,0,0,0
6192,L53154,L,299.0,309.4,1631,44.7,167,0,0,0,0,0,0
6193,L53155,L,298.9,309.3,1569,52.7,169,0,0,0,0,0,0
6194,L53156,L,298.9,309.3,1687,32.3,171,0,0,0,0,0,0
6195,L53157,L,298.9,309.4,1797,37.0,173,0,0,0,0,0,0
6196,L53158,L,298.9,309.3,1399,67.4,175,1,0,0,1,1,0
6197,M11828,M,298.9,309.4,1666,42.9,178,0,0,0,0,0,0
6198,L53159,L,298.9,309.3,1631,27.3,180,0,0,0,0,0,0
6199,L53160,L,298.9,309.4,1851,35.2,182,0,0,0,0,0,0
6200,H71212,H,298.9,309.4,1697,32.4,187,0,0,0,0,0,0
6201,M11829,M,298.9,309.4,1516,43.8,190,0,0,0,0,0,0
6202,L53161,L,298.8,309.3,1613,43.1,192,0,0,0,0,0,0
6203,M11830,M,298.8,309.3,1552,33.6,195,0,0,0,0,0,0
6204,L53162,L,298.8,309.3,1496,58.6,197,1,0,0,1,1,0
6205,L53163,L,298.8,309.3,1701,40.9,199,0,0,0,0,0,0
6206,M11831,M,298.8,309.3,1796,35.4,202,0,0,0,0,0,0
6207,L53164,L,298.8,309.3,1811,27.8,204,1,1,0,0,0,0
6208,L53165,L,298.8,309.3,1687,31.1,206,1,1,0,0,0,0
6209,L53166,L,298.9,309.3,1766,27.5,208,1,1,0,0,0,0
6210,H71213,H,298.8,309.3,1733,38.1,213,1,1,0,0,0,0
6211,L53167,L,298.8,309.3,1898,31.2,215,0,0,0,0,0,0
6212,M11832,M,298.9,309.3,1555,47.8,218,0,0,0,0,0,0
6213,L53168,L,298.9,309.3,1816,34.2,220,0,0,0,0,0,0
6214,M11833,M,298.9,309.4,1508,48.4,223,0,0,0,0,0,0
6215,L53169,L,298.9,309.4,1731,44.9,225,0,0,0,0,0,0
6216,L53170,L,298.9,309.4,1561,46.5,227,0,0,0,0,0,0
6217,M11834,M,298.9,309.4,1542,49.0,230,0,0,0,0,0,0
6218,M11835,M,298.9,309.4,1521,59.9,233,1,0,0,1,1,0
6219,L53171,L,298.8,309.3,1624,31.5,235,0,0,0,0,0,0
6220,L53172,L,298.8,309.2,1644,48.5,237,1,1,0,0,1,0
6221,L53173,L,298.8,309.3,1740,44.0,239,0,0,0,0,0,0
6222,L53174,L,298.7,309.2,1405,50.6,241,1,0,0,0,1,0
6223,M11836,M,298.8,309.3,1629,41.1,244,0,0,0,0,0,0
6224,L53175,L,298.8,309.2,1491,51.8,246,1,0,0,0,1,0
6225,M11837,M,298.8,309.3,1799,27.1,249,0,0,0,0,0,0
6226,L53176,L,298.7,309.2,1830,30.0,251,0,0,0,0,0,0
6227,L53177,L,298.7,309.2,1314,34.3,253,0,0,0,0,0,0
6228,L53178,L,298.8,309.3,1591,39.3,18,0,0,0,0,0,0
6229,L53179,L,298.8,309.3,1502,40.5,20,0,0,0,0,0,0
6230,L53180,L,298.8,309.3,1864,32.6,22,0,0,0,0,0,0
6231,H71214,H,298.7,309.2,1820,30.1,27,0,0,0,0,0,0
6232,L53181,L,298.7,309.2,1506,33.4,29,0,0,0,0,0,0
6233,H71215,H,298.7,309.2,1798,22.9,34,0,0,0,0,0,0
6234,L53182,L,298.7,309.2,1565,37.1,36,0,0,0,0,0,0
6235,L53183,L,298.7,309.2,1607,39.4,38,0,0,0,0,0,0
6236,L53184,L,298.7,306.4,1515,44.4,40,0,0,0,0,0,0
6237,L53185,L,298.7,309.2,1461,41.7,42,0,0,0,0,0,0
6238,M11838,M,298.7,309.2,1553,57.9,45,1,0,0,1,0,0
6239,H71216,H,298.7,309.2,1778,48.1,50,0,0,0,0,0,0
6240,M11839,M,298.7,309.2,1528,47.4,53,0,0,0,0,0,0
6241,M11840,M,298.7,309.2,1711,43.6,56,0,0,0,0,0,0
6242,L53186,L,298.6,309.1,1716,45.4,58,0,0,0,0,0,0
6243,L53187,L,298.6,309.1,1726,37.8,60,0,0,0,0,0,0
6244,M11841,M,298.6,309.1,1825,41.0,63,0,0,0,0,0,0
6245,L53188,L,298.6,309.2,1636,59.2,65,1,0,0,1,0,0
6246,L53189,L,298.6,309.2,1816,39.3,67,0,0,0,0,0,0
6247,H71217,H,298.7,309.2,1616,26.7,72,0,0,0,0,0,0
6248,H71218,H,298.6,309.2,1681,47.0,77,0,0,0,0,0,0
6249,M11842,M,298.6,309.2,1740,48.8,80,0,0,0,0,0,0
6250,L53190,L,298.6,309.2,1572,41.5,82,0,0,0,0,0,0
6251,H71219,H,298.7,309.2,1434,21.2,87,1,0,0,1,0,0
6252,L53191,L,298.7,309.2,1469,52.9,89,0,0,0,0,0,0
6253,L53192,L,298.7,309.2,1573,42.3,91,0,0,0,0,0,0
6254,L53193,L,298.6,309.1,1717,36.9,93,0,0,0,0,0,0
6255,H71220,H,298.6,309.1,1537,51.9,98,0,0,0,0,0,0
6256,H71221,H,298.6,309.1,2176,19.8,103,0,0,0,0,0,0
6257,M11843,M,298.6,307.0,1590,41.1,106,0,0,0,0,0,0
6258,L53194,L,298.7,309.2,1667,34.6,108,0,0,0,0,0,0
6259,L53195,L,298.7,309.2,1566,54.9,110,1,0,0,1,0,0
6260,L53196,L,298.8,309.3,1580,42.4,112,0,0,0,0,0,0
6261,H71222,H,298.8,309.3,1769,31.4,117,0,0,0,0,0,0
6262,L53197,L,298.8,309.3,1715,51.4,119,1,0,0,1,0,0
6263,L53198,L,298.8,309.3,1674,15.4,121,1,0,0,1,0,0
6264,M11844,M,298.8,309.3,1643,45.1,124,0,0,0,0,0,0
6265,L53199,L,298.9,309.4,1587,27.4,126,0,0,0,0,0,0
6266,H71223,H,298.9,309.3,1516,35.4,131,0,0,0,0,0,0
6267,L53200,L,298.9,309.3,1756,37.6,133,0,0,0,0,0,0
6268,H71224,H,298.8,309.3,1783,49.1,138,1,0,0,1,0,0
6269,L53201,L,298.9,309.3,1506,62.0,140,1,0,0,1,0,0
6270,L53202,L,298.9,307.1,1558,22.2,142,0,0,0,0,0,0
6271,L53203,L,298.9,309.3,1568,44.5,144,0,0,0,0,0,0
6272,L53204,L,298.8,307.3,1514,62.0,146,1,0,0,1,0,0
6273,M11845,M,298.8,309.3,1830,34.3,149,0,0,0,0,0,0
6274,L53205,L,298.8,309.3,1601,33.7,151,0,0,0,0,0,0
6275,L53206,L,298.9,309.3,1720,42.4,153,0,0,0,0,0,0
6276,M11846,M,298.9,309.3,1576,48.3,156,0,0,0,0,0,0
6277,L53207,L,298.8,309.3,1551,46.6,158,0,0,0,0,0,0
6278,M11847,M,298.8,309.2,1623,36.4,161,0,0,0,0,0,0
6279,M11848,M,298.8,309.2,1917,32.0,164,0,0,0,0,0,0
6280,L53208,L,298.8,309.3,1695,53.2,166,1,0,0,1,0,0
6281,M11849,M,298.8,309.2,1711,32.3,169,0,0,0,0,0,0
6282,L53209,L,298.8,309.2,1736,20.8,171,0,0,0,0,0,0
6283,L53210,L,298.8,309.2,1663,25.5,173,0,0,0,0,0,0
6284,L53211,L,298.8,309.3,1708,34.2,4,0,0,0,0,0,0
6285,H71225,H,298.8,309.3,1652,54.9,9,1,0,0,1,0,0
6286,M11850,M,298.8,309.3,1687,28.1,12,0,0,0,0,0,0
6287,M11851,M,298.8,309.3,1658,55.2,15,1,0,0,1,0,0
6288,H71226,H,298.8,309.2,1607,53.1,20,0,0,0,0,0,0
6289,L53212,L,298.7,309.2,1630,42.3,22,0,0,0,0,0,0
6290,H71227,H,298.7,309.1,1865,14.5,27,1,0,0,1,0,0
6291,M11852,M,298.7,309.1,1666,28.2,30,0,0,0,0,0,0
6292,H71228,H,298.6,309.1,1570,33.7,35,0,0,0,0,0,0
6293,H71229,H,298.7,309.1,1555,57.3,40,1,0,0,1,0,0
6294,H71230,H,298.7,309.1,1683,34.3,45,0,0,0,0,0,0
6295,L53213,L,298.7,309.1,1670,32.3,17,0,0,0,0,0,0
6296,M11853,M,298.7,309.1,1747,41.9,20,0,0,0,0,0,0
6297,H71231,H,298.7,309.1,1768,25.9,25,0,0,0,0,0,0
6298,M11854,M,298.7,309.1,1641,39.8,28,0,0,0,0,0,0
6299,L53214,L,298.7,309.1,1691,32.0,12,0,0,0,0,0,0
6300,H71232,H,298.7,309.1,1517,66.9,17,1,0,0,1,0,0
6301,L53215,L,298.7,309.1,1745,30.8,19,0,0,0,0,0,0
6302,L53216,L,298.7,309.1,1554,59.3,21,1,0,0,1,0,0
6303,M11855,M,298.7,309.2,1695,28.6,24,0,0,0,0,0,0
6304,L53217,L,298.7,309.2,1516,42.6,26,0,0,0,0,0,0
6305,M11856,M,298.8,309.2,1560,45.0,29,0,0,0,0,0,0
6306,L53218,L,298.8,309.2,1668,41.4,31,0,0,0,0,0,0
6307,M11857,M,298.8,309.2,1663,40.8,34,0,0,0,0,0,0
6308,H71233,H,298.8,309.2,1472,48.6,39,0,0,0,0,0,0
6309,L53219,L,298.7,309.2,1578,44.2,41,0,0,0,0,0,0
6310,M11858,M,298.7,309.1,1575,38.3,44,0,0,0,0,0,0
6311,L53220,L,298.7,309.1,1808,33.3,46,0,0,0,0,0,0
6312,H71234,H,298.7,309.1,1681,38.3,51,0,0,0,0,0,0
6313,H71235,H,298.7,309.2,1698,38.2,56,0,0,0,0,0,0
6314,L53221,L,298.8,309.2,1654,38.0,58,0,0,0,0,0,0
6315,M11859,M,298.7,309.2,1590,40.8,61,0,0,0,0,0,0
6316,M11860,M,298.8,309.2,1683,25.9,64,0,0,0,0,0,0
6317,M11861,M,298.7,309.2,1748,29.7,67,0,0,0,0,0,0
6318,M11862,M,298.8,309.2,1583,48.3,70,0,0,0,0,0,0
6319,L53222,L,298.8,309.2,1812,17.5,72,1,0,0,1,0,0
6320,M11863,M,298.8,309.3,1601,52.0,75,0,0,0,0,0,0
6321,L53223,L,298.8,309.3,1706,34.4,77,0,0,0,0,0,0
6322,L53224,L,298.9,309.3,1594,56.7,79,1,0,0,1,0,0
6323,H71236,H,298.8,309.2,1539,52.3,84,0,0,0,0,0,0
6324,L53225,L,298.8,309.3,1639,36.7,86,0,0,0,0,0,0
6325,M11864,M,298.8,309.3,1743,37.8,89,0,0,0,0,0,0
6326,L53226,L,298.8,309.3,1732,55.9,91,1,0,0,1,0,0
6327,H71237,H,298.8,309.2,1666,52.7,96,1,0,0,1,0,0
6328,M11865,M,298.8,309.2,1348,49.7,99,0,0,0,0,0,0
6329,L53227,L,298.8,309.3,1522,51.4,101,0,0,0,0,0,0
6330,L53228,L,298.8,309.3,1717,29.1,103,0,0,0,0,0,0
6331,L53229,L,298.8,309.3,1540,42.1,105,0,0,0,0,0,0
6332,H71238,H,298.8,309.3,1587,32.3,110,0,0,0,0,0,0
6333,M11866,M,298.8,309.3,1670,28.9,113,0,0,0,0,0,0
6334,L53230,L,298.9,309.3,1673,41.6,115,0,0,0,0,0,0
6335,M11867,M,298.8,309.3,1727,35.9,118,0,0,0,0,0,0
6336,L53231,L,298.8,309.3,1626,38.3,120,0,0,0,0,0,0
6337,L53232,L,298.9,309.4,1636,35.0,122,0,0,0,0,0,0
6338,L53233,L,298.9,309.4,1639,27.5,124,0,0,0,0,0,0
6339,L53234,L,298.9,309.4,1607,57.0,126,1,0,0,1,0,0
6340,M11868,M,299.0,309.5,2101,41.6,129,1,0,0,1,0,0
6341,H71239,H,299.0,309.5,1807,25.6,134,0,0,0,0,0,0
6342,H71240,H,299.0,309.5,1652,41.8,139,0,0,0,0,0,0
6343,H71241,H,299.0,309.5,1453,55.2,144,0,0,0,0,0,0
6344,L53235,L,299.1,309.6,1569,49.6,146,0,0,0,0,0,0
6345,L53236,L,299.1,309.6,1754,34.8,148,0,0,0,0,0,0
6346,M11869,M,299.0,309.5,1520,35.1,151,0,0,0,0,0,0
6347,H71242,H,299.0,309.6,1692,30.4,156,0,0,0,0,0,0
6348,M11870,M,299.0,309.5,1714,32.6,159,0,0,0,0,0,0
6349,L53237,L,299.0,309.5,1865,33.4,161,0,0,0,0,0,0
6350,M11871,M,299.0,309.5,1672,25.3,164,0,0,0,0,0,0
6351,M11872,M,299.0,309.4,1662,35.6,167,0,0,0,0,0,0
6352,H71243,H,298.9,309.4,1784,43.4,172,0,0,0,0,0,0
6353,M11873,M,298.9,309.4,1619,35.9,175,0,0,0,0,0,0
6354,L53238,L,298.9,309.5,1735,42.2,177,0,0,0,0,0,0
6355,L53239,L,298.9,309.4,1601,56.2,179,1,0,0,1,0,0
6356,L53240,L,298.8,309.4,1535,58.4,181,1,0,0,1,0,0
6357,L53241,L,298.9,309.4,1694,39.3,183,0,0,0,0,0,0
6358,H71244,H,298.9,309.4,1591,48.8,188,0,0,0,0,0,0
6359,M11874,M,298.9,309.4,1862,38.3,191,0,0,0,0,0,0
6360,L53242,L,298.9,309.5,1489,35.1,193,0,0,0,0,0,0
6361,L53243,L,298.9,309.4,1683,28.8,195,0,0,0,0,0,0
6362,M11875,M,298.9,309.4,1623,40.9,198,0,0,0,0,0,0
6363,M11876,M,298.9,309.4,1582,50.8,201,1,1,0,0,0,0
6364,L53244,L,298.8,309.4,1814,27.3,1,0,0,0,0,0,0
6365,H71245,H,298.8,309.3,1625,37.1,6,0,0,0,0,0,0
6366,L53245,L,298.8,309.3,1712,36.6,8,0,0,0,0,0,0
6367,L53246,L,298.7,309.3,1658,42.5,10,0,0,0,0,0,0
6368,L53247,L,298.7,309.3,1712,42.6,12,0,0,0,0,0,0
6369,M11877,M,298.8,309.3,1610,45.4,15,0,0,0,0,0,0
6370,M11878,M,298.8,309.3,1580,59.0,18,1,0,0,1,0,0
6371,H71246,H,298.8,309.4,1684,31.3,23,0,0,0,0,0,0
6372,L53248,L,298.8,309.4,1609,30.7,25,0,0,0,0,0,0
6373,H71247,H,298.8,309.4,1781,42.5,30,0,0,0,0,0,0
6374,M11879,M,298.8,309.4,1506,54.5,33,0,0,0,0,0,0
6375,L53249,L,298.8,309.4,1683,25.4,35,0,0,0,0,0,0
6376,L53250,L,298.9,309.4,1556,43.3,37,0,0,0,0,0,0
6377,L53251,L,298.8,309.3,1697,38.0,39,0,0,0,0,0,0
6378,H71248,H,298.7,309.3,1563,48.5,44,0,0,0,0,0,0
6379,L53252,L,298.8,307.1,1754,46.3,46,0,0,0,0,0,0
6380,L53253,L,298.7,309.3,1696,40.5,48,0,0,0,0,0,0
6381,M11880,M,298.7,309.2,1600,44.9,51,0,0,0,0,0,0
6382,H71249,H,298.7,309.2,1602,33.4,56,0,0,0,0,0,0
6383,M11881,M,298.6,309.2,1598,48.0,59,0,0,0,0,0,0
6384,M11882,M,298.7,309.2,1625,53.9,62,1,0,0,1,0,0
6385,L53254,L,298.7,309.2,1641,41.0,64,0,0,0,0,0,0
6386,H71250,H,298.8,309.3,1659,35.9,69,0,0,0,0,0,0
6387,L53255,L,298.7,309.2,1566,38.5,71,0,0,0,0,0,0
6388,L53256,L,298.7,309.2,1811,47.9,73,1,0,0,1,0,0
6389,H71251,H,298.6,309.1,1634,39.6,78,0,0,0,0,0,0
6390,L53257,L,298.6,309.2,1589,28.0,80,0,0,0,0,0,0
6391,L53258,L,298.7,309.2,1504,49.5,82,0,0,0,0,0,0
6392,M11883,M,298.7,309.2,1670,30.2,85,0,0,0,0,0,0
6393,L53259,L,298.7,309.2,1803,44.2,87,0,0,0,0,0,0
6394,L53260,L,298.7,306.8,1732,21.3,89,0,0,0,0,0,0
6395,M11884,M,298.6,309.2,1611,41.1,92,0,0,0,0,0,0
6396,M11885,M,298.7,309.2,1380,39.3,0,0,0,0,0,0,0
6397,M11886,M,298.6,309.2,1485,20.3,3,1,0,0,1,0,0
6398,L53261,L,298.6,309.2,1692,43.3,5,0,0,0,0,0,0
6399,M11887,M,298.6,306.5,1725,29.0,8,0,0,0,0,0,0
6400,H71252,H,298.6,309.2,1546,40.8,13,0,0,0,0,0,0
6401,L53262,L,298.6,306.8,1604,35.9,15,0,0,0,0,0,0
6402,L53263,L,298.6,309.2,1584,25.2,17,0,0,0,0,0,0
6403,L53264,L,298.6,309.2,1684,29.5,19,0,0,0,0,0,0
6404,M11888,M,298.7,309.2,2082,30.3,22,0,0,0,0,0,0
6405,L53265,L,298.6,309.1,1201,49.8,24,0,0,0,0,0,0
6406,M11889,M,298.6,309.2,1632,48.4,27,0,0,0,0,0,0
6407,H71253,H,298.6,309.2,1477,61.9,32,1,0,0,1,0,0
6408,L53266,L,298.7,309.2,1646,34.9,34,0,0,0,0,0,0
6409,M11890,M,298.7,309.2,1635,34.6,37,0,0,0,0,0,0
6410,L53267,L,298.7,309.2,1640,41.3,39,0,0,0,0,0,0
6411,L53268,L,298.7,309.3,1701,36.4,41,0,0,0,0,0,0
6412,M11891,M,298.6,309.2,1559,34.2,44,0,0,0,0,0,0
6413,L53269,L,298.6,309.2,1688,40.5,46,0,0,0,0,0,0
6414,H71254,H,298.6,309.2,1637,47.0,51,0,0,0,0,0,0
6415,M11892,M,298.7,309.2,1798,18.9,54,0,0,0,0,0,0
6416,L53270,L,298.7,309.2,1692,34.3,56,0,0,0,0,0,0
6417,L53271,L,298.7,309.3,1755,26.0,58,0,0,0,0,0,0
6418,L53272,L,298.6,309.2,1621,38.5,60,0,0,0,0,0,0
6419,H71255,H,298.6,309.2,1667,44.3,65,0,0,0,0,0,0
6420,M11893,M,298.6,309.2,1695,51.2,68,1,0,0,1,0,0
6421,L53273,L,298.7,309.3,1628,35.7,70,0,0,0,0,0,0
6422,M11894,M,298.7,309.2,1603,41.1,73,0,0,0,0,0,0
6423,M11895,M,298.7,309.3,1794,23.2,76,0,0,0,0,0,0
6424,M11896,M,298.7,309.3,1645,31.4,79,0,0,0,0,0,0
6425,L53274,L,298.6,309.2,1574,42.1,81,0,0,0,0,0,0
6426,L53275,L,298.6,309.2,1759,26.4,83,0,0,0,0,0,0
6427,L53276,L,298.6,309.2,1547,52.4,85,0,0,0,0,0,0
6428,L53277,L,298.6,309.2,1733,45.2,87,0,0,0,0,0,0
6429,L53278,L,298.5,309.1,1655,31.0,89,0,0,0,0,0,0
6430,L53279,L,298.5,309.1,1653,25.2,91,0,0,0,0,0,0
6431,L53280,L,298.5,309.1,1687,32.8,93,0,0,0,0,0,0
6432,L53281,L,298.6,309.1,1736,31.0,95,0,0,0,0,0,0
6433,L53282,L,298.6,309.2,1742,27.8,97,0,0,0,0,0,0
6434,H71256,H,298.6,309.1,1772,25.9,102,0,0,0,0,0,0
6435,M11897,M,298.6,309.1,1612,37.7,105,0,0,0,0,0,0
6436,L53283,L,298.6,309.2,1714,47.3,107,0,0,0,0,0,0
6437,M11898,M,298.7,309.2,1188,32.9,110,0,0,0,0,0,0
6438,L53284,L,298.7,309.2,1557,44.4,112,0,0,0,0,0,0
6439,H71257,H,298.6,309.1,1670,36.7,117,0,0,0,0,0,0
6440,M11899,M,298.6,309.1,1555,46.1,120,0,0,0,0,0,0
6441,L53285,L,298.6,309.1,1663,32.1,122,0,0,0,0,0,0
6442,H71258,H,298.6,309.1,1547,42.8,127,0,0,0,0,0,0
6443,H71259,H,298.5,309.1,1625,41.2,132,0,0,0,0,0,0
6444,H71260,H,298.6,309.1,1621,53.6,137,1,0,0,1,0,0
6445,L53286,L,298.6,309.1,1573,45.6,139,0,0,0,0,0,0
6446,L53287,L,298.6,309.2,1558,42.6,141,0,0,0,0,0,0
6447,M11900,M,298.6,309.2,1685,25.3,144,0,0,0,0,0,0
6448,L53288,L,298.6,309.1,1777,34.7,146,0,0,0,0,0,0
6449,M11901,M,298.6,309.2,1790,32.0,149,0,0,0,0,0,0
6450,M11902,M,298.6,309.2,1650,31.8,152,0,0,0,0,0,0
6451,L53289,L,298.6,309.2,1695,40.2,154,0,0,0,0,0,0
6452,L53290,L,298.6,309.1,1636,42.4,156,0,0,0,0,0,0
6453,L53291,L,298.6,309.1,1751,42.8,158,0,0,0,0,0,0
6454,L53292,L,298.6,309.1,1602,52.6,160,0,0,0,0,0,0
6455,M11903,M,298.5,309.1,1607,44.8,163,0,0,0,0,0,0
6456,M11904,M,298.5,309.1,1858,27.7,166,0,0,0,0,0,0
6457,L53293,L,298.5,309.1,1556,42.0,168,0,0,0,0,0,0
6458,M11905,M,298.5,309.1,1648,45.8,171,0,0,0,0,0,0
6459,M11906,M,298.6,309.2,1707,52.6,174,1,0,0,1,0,0
6460,M11907,M,298.6,309.2,1718,38.5,177,0,0,0,0,0,0
6461,L53294,L,298.5,306.9,1589,38.6,179,0,0,0,0,0,0
6462,M11908,M,298.6,309.2,1520,50.8,182,0,0,0,0,0,0
6463,M11909,M,298.6,309.2,1514,41.8,185,0,0,0,0,0,0
6464,L53295,L,298.6,309.2,1867,24.0,187,0,0,0,0,0,0
6465,M11910,M,298.6,309.2,1642,21.9,190,0,0,0,0,0,0
6466,H71261,H,298.6,309.2,1618,58.4,195,1,0,0,1,0,0
6467,L53296,L,298.6,309.2,1611,22.9,197,0,0,0,0,0,0
6468,M11911,M,298.6,309.2,1539,38.3,200,1,1,0,0,0,0
6469,H71262,H,298.6,309.2,1482,48.8,205,1,1,0,0,0,0
6470,H71263,H,298.7,306.7,1746,22.4,210,0,0,0,0,0,0
6471,L53297,L,298.7,309.3,1815,29.2,212,0,0,0,0,0,0
6472,M11912,M,298.7,309.3,1652,27.5,215,0,0,0,0,0,0
6473,H71264,H,298.7,309.3,1607,58.0,220,1,0,0,1,0,0
6474,M11913,M,298.8,309.3,1520,60.2,223,1,0,0,1,1,0
6475,L53298,L,298.7,309.3,1723,32.7,225,0,0,0,0,0,0
6476,L53299,L,298.8,309.4,1717,45.8,227,0,0,0,0,0,0
6477,M11914,M,298.8,309.4,1595,43.1,230,0,0,0,0,0,0
6478,L53300,L,298.8,309.4,1799,37.2,232,0,0,0,0,0,0
6479,L53301,L,298.7,309.4,1766,23.7,234,0,0,0,0,0,0
6480,L53302,L,298.7,309.3,1705,63.1,236,1,0,0,1,1,0
6481,M11915,M,298.7,306.9,1670,21.8,9,0,0,0,0,0,0
6482,L53303,L,298.8,309.4,1581,42.1,11,0,0,0,0,0,0
6483,H71265,H,298.8,309.4,2083,33.5,16,0,0,0,0,0,0
6484,M11916,M,298.8,309.4,1488,50.1,19,0,0,0,0,0,0
6485,H71266,H,298.8,309.5,1689,48.5,24,0,0,0,0,0,0
6486,H71267,H,298.8,306.6,1694,30.2,29,0,0,0,0,0,0
6487,L53304,L,298.9,309.6,1588,32.1,31,0,0,0,0,0,0
6488,M11917,M,299.0,309.6,1657,24.5,34,0,0,0,0,0,0
6489,L53305,L,299.0,309.6,1562,41.9,36,0,0,0,0,0,0
6490,H71268,H,299.0,309.6,1696,47.1,41,0,0,0,0,0,0
6491,L53306,L,299.0,309.6,1714,35.6,43,0,0,0,0,0,0
6492,M11918,M,299.0,309.7,1651,37.6,46,0,0,0,0,0,0
6493,H71269,H,299.0,309.6,1518,59.1,51,1,0,0,1,0,0
6494,L53307,L,298.9,309.6,1580,49.4,53,0,0,0,0,0,0
6495,H71270,H,299.0,309.6,1740,53.5,58,1,0,0,1,0,0
6496,L53308,L,299.0,309.6,1746,17.6,60,1,0,0,1,0,0
6497,L53309,L,299.0,309.6,1699,45.5,62,0,0,0,0,0,0
6498,L53310,L,299.0,309.6,2027,42.5,64,1,0,0,1,0,0
6499,L53311,L,299.0,309.7,1867,27.5,66,0,0,0,0,0,0
6500,M11919,M,299.0,309.6,1595,29.6,3,0,0,0,0,0,0
6501,H71271,H,299.0,309.6,1734,37.8,8,0,0,0,0,0,0
6502,L53312,L,299.0,309.7,1651,26.6,10,0,0,0,0,0,0
6503,M11920,M,299.1,309.7,1891,32.0,13,0,0,0,0,0,0
6504,H71272,H,299.0,309.7,1737,35.4,18,0,0,0,0,0,0
6505,M11921,M,299.0,309.7,1467,45.7,21,0,0,0,0,0,0
6506,L53313,L,299.1,309.7,1603,32.9,23,0,0,0,0,0,0
6507,H71273,H,299.0,309.6,1735,35.5,28,0,0,0,0,0,0
6508,L53314,L,299.0,309.6,1656,50.2,30,0,0,0,0,0,0
6509,M11922,M,299.0,309.6,1794,22.4,33,0,0,0,0,0,0
6510,M11923,M,298.9,309.6,1652,42.3,36,0,0,0,0,0,0
6511,M11924,M,298.9,309.6,1601,43.9,39,0,0,0,0,0,0
6512,L53315,L,298.9,309.6,1726,44.2,41,0,0,0,0,0,0
6513,L53316,L,298.9,309.6,1598,35.0,43,0,0,0,0,0,0
6514,M11925,M,298.9,309.6,1710,29.4,46,0,0,0,0,0,0
6515,L53317,L,298.9,309.6,1515,55.2,48,0,0,0,0,0,0
6516,L53318,L,298.8,306.7,1632,31.4,50,0,0,0,0,0,0
6517,M11926,M,298.8,309.5,1667,28.8,53,0,0,0,0,0,0
6518,M11927,M,298.8,309.5,1583,40.2,56,0,0,0,0,0,0
6519,L53319,L,298.8,309.5,1738,32.6,58,0,0,0,0,0,0
6520,L53320,L,298.8,309.5,1463,50.5,60,0,0,0,0,0,0
6521,H71274,H,298.8,309.5,1703,37.3,65,0,0,0,0,0,0
6522,L53321,L,298.8,309.5,1532,51.8,67,0,0,0,0,0,0
6523,L53322,L,298.8,309.5,1629,44.5,69,0,0,0,0,0,0
6524,L53323,L,298.8,309.5,1655,36.1,71,0,0,0,0,0,0
6525,L53324,L,298.8,309.5,1967,51.1,73,1,0,0,1,0,0
6526,H71275,H,298.7,309.4,1793,33.5,78,0,0,0,0,0,0
6527,L53325,L,298.7,309.4,1633,36.8,80,0,0,0,0,0,0
6528,L53326,L,298.7,309.3,1686,45.3,82,0,0,0,0,0,0
6529,M11928,M,298.6,309.3,1703,42.3,85,0,0,0,0,0,0
6530,L53327,L,298.6,309.3,1660,33.3,87,0,0,0,0,0,0
6531,L53328,L,298.7,309.3,1617,24.6,89,0,0,0,0,0,0
6532,H71276,H,298.7,309.3,1572,39.8,94,0,0,0,0,0,0
6533,M11929,M,298.7,309.4,1803,32.7,97,0,0,0,0,0,0
6534,L53329,L,298.6,309.3,1693,40.3,99,0,0,0,0,0,0
6535,L53330,L,298.6,309.3,1684,35.8,101,0,0,0,0,0,0
6536,L53331,L,298.6,309.2,1636,32.8,103,0,0,0,0,0,0
6537,L53332,L,298.5,309.2,1820,37.3,105,0,0,0,0,0,0
6538,M11930,M,298.5,309.1,1576,39.3,108,0,0,0,0,0,0
6539,M11931,M,298.6,309.2,1626,47.0,111,0,0,0,0,0,0
6540,M11932,M,298.6,309.2,1673,44.2,114,0,0,0,0,0,0
6541,H71277,H,298.6,309.3,1424,60.9,119,1,0,0,1,0,0
6542,L53333,L,298.6,309.3,1574,41.4,121,0,0,0,0,0,0
6543,H71278,H,298.6,309.2,1644,33.3,126,0,0,0,0,0,0
6544,M11933,M,298.5,309.2,1736,38.3,129,0,0,0,0,0,0
6545,L53334,L,298.5,309.2,1581,45.7,131,0,0,0,0,0,0
6546,H71279,H,298.6,309.3,1469,50.0,136,0,0,0,0,0,0
6547,L53335,L,298.6,309.3,1442,53.4,138,0,0,0,0,0,0
6548,M11934,M,298.6,309.3,1634,29.8,141,0,0,0,0,0,0
6549,M11935,M,298.6,309.3,1449,52.8,10,0,0,0,0,0,0
6550,L53336,L,298.6,309.3,1722,39.5,12,0,0,0,0,0,0
6551,H71280,H,298.7,309.4,1771,30.7,17,0,0,0,0,0,0
6552,L53337,L,298.7,309.4,1661,38.0,19,0,0,0,0,0,0
6553,H71281,H,298.7,309.4,1563,52.1,24,0,0,0,0,0,0
6554,L53338,L,298.7,309.4,1693,44.6,26,0,0,0,0,0,0
6555,L53339,L,298.7,309.4,1776,27.9,28,0,0,0,0,0,0
6556,L53340,L,298.7,309.5,1624,28.0,30,0,0,0,0,0,0
6557,H71282,H,298.7,309.5,1638,27.7,35,0,0,0,0,0,0
6558,L53341,L,298.7,309.4,1402,32.7,37,0,0,0,0,0,0
6559,H71283,H,298.7,309.5,1670,40.8,42,0,0,0,0,0,0
6560,L53342,L,298.7,309.5,1763,28.7,44,0,0,0,0,0,0
6561,L53343,L,298.8,309.5,1592,35.7,46,0,0,0,0,0,0
6562,L53344,L,298.8,309.6,1509,54.0,48,0,0,0,0,0,0
6563,L53345,L,298.8,309.6,1608,56.2,50,1,0,0,1,0,0
6564,H71284,H,298.8,309.6,1508,55.5,55,0,0,0,0,0,0
6565,L53346,L,298.9,309.7,1607,22.1,57,0,0,0,0,0,0
6566,M11936,M,299.0,309.7,1503,56.7,60,0,0,0,0,0,0
6567,M11937,M,298.9,309.7,1627,40.9,63,0,0,0,0,0,0
6568,M11938,M,298.9,309.7,1799,40.8,6,0,0,0,0,0,0
6569,M11939,M,299.0,309.8,1521,50.3,9,0,0,0,0,0,0
6570,H71285,H,298.9,309.7,1258,47.0,14,0,0,0,0,0,0
6571,M11940,M,298.9,309.7,1931,21.3,17,0,0,0,0,0,0
6572,M11941,M,298.9,309.7,1583,33.9,20,0,0,0,0,0,0
6573,M11942,M,298.9,309.8,1728,36.3,23,0,0,0,0,0,0
6574,M11943,M,298.9,309.8,1655,26.7,26,0,0,0,0,0,0
6575,L53347,L,299.0,309.8,1634,50.0,28,0,0,0,0,0,0
6576,M11944,M,298.9,309.8,1785,54.4,31,1,0,0,1,0,0
6577,L53348,L,298.9,309.7,1722,39.9,33,0,0,0,0,0,0
6578,M11945,M,298.8,309.6,1648,43.0,36,0,0,0,0,0,0
6579,H71286,H,298.9,309.6,1565,39.9,41,0,0,0,0,0,0
6580,H71287,H,298.9,309.7,1279,41.0,46,0,0,0,0,0,0
6581,H71288,H,298.8,309.7,1191,51.2,51,0,0,0,0,0,0
6582,M11946,M,298.8,309.6,1611,22.3,54,0,0,0,0,0,0
6583,M11947,M,298.8,309.6,1433,44.9,57,0,0,0,0,0,0
6584,L53349,L,298.8,309.7,1575,40.1,59,0,0,0,0,0,0
6585,L53350,L,298.8,309.6,1684,32.9,61,0,0,0,0,0,0
6586,L53351,L,298.8,309.6,1777,35.0,63,0,0,0,0,0,0
6587,L53352,L,298.7,309.6,1488,58.3,65,1,0,0,1,0,0
6588,H71289,H,298.7,309.6,1736,26.7,70,0,0,0,0,0,0
6589,H71290,H,298.7,309.6,1506,38.3,75,0,0,0,0,0,0
6590,M11948,M,298.8,309.7,1493,56.3,78,0,0,0,0,0,0
6591,L53353,L,298.8,309.7,1496,27.3,80,0,0,0,0,0,0
6592,M11949,M,298.8,309.6,1875,35.4,83,0,0,0,0,0,0
6593,L53354,L,298.8,309.7,1666,40.4,85,0,0,0,0,0,0
6594,H71291,H,298.9,309.7,1644,44.1,90,0,0,0,0,0,0
6595,H71292,H,298.8,309.7,1702,39.2,95,0,0,0,0,0,0
6596,L53355,L,298.9,307.5,1924,31.0,97,0,0,0,0,0,0
6597,L53356,L,298.9,309.8,1588,44.5,99,0,0,0,0,0,0
6598,L53357,L,298.9,309.8,1567,39.0,101,0,0,0,0,0,0
6599,L53358,L,298.9,309.9,1797,46.3,103,0,0,0,0,0,0
6600,L53359,L,299.0,309.9,1491,49.2,105,0,0,0,0,0,0
6601,L53360,L,299.0,309.9,1844,25.1,107,0,0,0,0,0,0
6602,L53361,L,299.0,309.9,1590,50.3,109,0,0,0,0,0,0
6603,L53362,L,299.0,309.9,1702,37.5,111,0,0,0,0,0,0
6604,L53363,L,299.0,309.9,1478,48.3,113,0,0,0,0,0,0
6605,M11950,M,299.1,310.0,1858,44.9,116,0,0,0,0,0,0
6606,L53364,L,299.0,309.9,1519,58.5,118,1,0,0,1,0,0
6607,H71293,H,299.0,309.9,1587,40.1,123,0,0,0,0,0,0
6608,L53365,L,299.1,309.9,1720,36.0,125,0,0,0,0,0,0
6609,L53366,L,299.1,309.9,1619,34.9,127,0,0,0,0,0,0
6610,L53367,L,299.0,309.9,1742,29.6,129,0,0,0,0,0,0
6611,M11951,M,299.1,309.9,1494,48.1,132,0,0,0,0,0,0
6612,L53368,L,299.1,310.0,1370,29.0,134,0,0,0,0,0,0
6613,M11952,M,299.1,310.0,1554,48.0,137,0,0,0,0,0,0
6614,L53369,L,299.1,310.0,1591,37.8,139,0,0,0,0,0,0
6615,H71294,H,299.1,310.0,1657,22.4,144,0,0,0,0,0,0
6616,L53370,L,299.1,310.0,1652,54.9,146,1,0,0,1,0,0
6617,L53371,L,299.1,310.0,1794,6.2,148,1,0,0,1,0,0
6618,H71295,H,299.1,310.0,1638,39.2,153,0,0,0,0,0,0
6619,L53372,L,299.1,310.0,1676,42.3,155,0,0,0,0,0,0
6620,L53373,L,299.0,309.9,1873,16.9,157,1,0,0,1,0,0
6621,H71296,H,299.0,310.0,1544,44.4,162,0,0,0,0,0,0
6622,L53374,L,299.1,310.0,1705,33.3,164,0,0,0,0,0,0
6623,L53375,L,299.1,310.0,1581,37.5,166,0,0,0,0,0,0
6624,L53376,L,299.1,310.0,1561,53.4,168,0,0,0,0,0,0
6625,L53377,L,299.1,310.0,1738,41.4,170,0,0,0,0,0,0
6626,H71297,H,299.1,310.0,1457,36.5,175,0,0,0,0,0,0
6627,M11953,M,299.0,309.9,1576,38.3,178,0,0,0,0,0,0
6628,M11954,M,299.0,310.0,1537,57.8,181,1,0,0,1,0,0
6629,L53378,L,299.1,310.0,1663,44.0,7,0,0,0,0,0,0
6630,M11955,M,299.1,310.0,1806,31.2,10,0,0,0,0,0,0
6631,M11956,M,299.1,310.0,1523,35.1,13,0,0,0,0,0,0
6632,L53379,L,299.1,310.0,1839,28.1,15,0,0,0,0,0,0
6633,H71298,H,299.1,310.0,1720,35.5,20,0,0,0,0,0,0
6634,M11957,M,299.0,309.9,1545,56.1,23,1,0,0,1,0,0
6635,M11958,M,299.0,309.9,1526,38.3,26,0,0,0,0,0,0
6636,L53380,L,299.1,310.0,1668,26.6,28,0,0,0,0,0,0
6637,L53381,L,299.1,310.0,1720,44.3,30,0,0,0,0,0,0
6638,M11959,M,299.1,310.0,1673,36.1,33,0,0,0,0,0,0
6639,M11960,M,299.1,310.0,1605,45.6,36,0,0,0,0,0,0
6640,L53382,L,299.0,310.0,1575,37.6,38,0,0,0,0,0,0
6641,L53383,L,299.0,309.9,1641,54.5,40,1,0,0,1,0,0
6642,H71299,H,299.1,310.0,1684,30.9,45,0,0,0,0,0,0
6643,L53384,L,299.1,310.0,1689,28.3,47,0,0,0,0,0,0
6644,L53385,L,299.2,310.1,1593,49.4,49,0,0,0,0,0,0
6645,M11961,M,299.1,310.1,1696,20.0,52,0,0,0,0,0,0
6646,L53386,L,299.1,310.1,1586,38.3,54,0,0,0,0,0,0
6647,L53387,L,299.2,310.1,1472,48.0,56,0,0,0,0,0,0
6648,L53388,L,299.2,310.1,1708,18.1,58,1,0,0,1,0,0
6649,H71300,H,299.1,310.1,1485,40.6,63,0,0,0,0,0,0
6650,L53389,L,299.1,310.1,1772,25.0,65,0,0,0,0,0,0
6651,M11962,M,299.1,310.1,1686,21.6,68,0,0,0,0,0,0
6652,H71301,H,299.1,310.1,1670,29.3,73,0,0,0,0,0,0
6653,M11963,M,299.1,310.0,1656,38.2,76,0,0,0,0,0,0
6654,M11964,M,299.1,310.1,2035,32.9,79,0,0,0,0,0,0
6655,M11965,M,299.1,310.1,1487,51.1,82,0,0,0,0,0,0
6656,L53390,L,299.1,310.1,1666,40.8,84,0,0,0,0,0,0
6657,M11966,M,299.1,310.1,1845,35.1,87,0,0,0,0,0,0
6658,H71302,H,299.1,310.1,1800,26.9,92,0,0,0,0,0,0
6659,M11967,M,299.1,310.0,1754,42.2,95,0,0,0,0,0,0
6660,L53391,L,299.1,310.0,1426,60.6,97,1,0,0,1,0,0
6661,L53392,L,299.1,310.1,1669,33.0,99,0,0,0,0,0,0
6662,H71303,H,299.1,310.0,1663,34.1,104,0,0,0,0,0,0
6663,L53393,L,299.1,310.1,1834,29.4,106,0,0,0,0,0,0
6664,H71304,H,299.1,310.1,2091,51.8,111,1,0,0,1,0,0
6665,L53394,L,299.1,310.2,1587,49.3,113,0,0,0,0,0,0
6666,M11968,M,299.1,310.1,1467,35.5,116,0,0,0,0,0,0
6667,H71305,H,299.1,310.2,1577,34.0,121,0,0,0,0,0,0
6668,L53395,L,299.1,310.1,1756,30.6,123,0,0,0,0,0,0
6669,L53396,L,299.1,310.2,1636,37.1,125,0,0,0,0,0,0
6670,H71306,H,299.1,310.1,1587,50.2,130,0,0,0,0,0,0
6671,L53397,L,299.1,310.1,2123,40.4,132,0,0,0,0,0,0
6672,L53398,L,299.1,310.1,1685,52.9,134,1,0,0,1,0,0
6673,M11969,M,299.1,310.1,1617,32.8,137,0,0,0,0,0,0
6674,L53399,L,299.1,310.1,1824,16.9,139,1,0,0,1,0,0
6675,M11970,M,299.1,310.1,1660,66.1,142,1,0,0,1,0,0
6676,L53400,L,299.1,310.0,1767,42.1,144,0,0,0,0,0,0
6677,L53401,L,299.1,310.0,1562,47.8,146,0,0,0,0,0,0
6678,H71307,H,299.1,310.0,1717,32.1,151,0,0,0,0,0,0
6679,L53402,L,299.1,310.1,1788,26.4,153,0,0,0,0,0,0
6680,L53403,L,299.1,310.1,1644,41.5,155,0,0,0,0,0,0
6681,M11971,M,299.1,310.1,1731,20.1,158,0,0,0,0,0,0
6682,H71308,H,299.1,310.1,1508,37.3,163,0,0,0,0,0,0
6683,M11972,M,299.1,310.1,1519,50.2,166,0,0,0,0,0,0
6684,H71309,H,299.1,310.0,1564,44.5,171,0,0,0,0,0,0
6685,L53404,L,299.1,310.0,1523,42.5,173,0,0,0,0,0,0
6686,L53405,L,299.0,310.1,1569,57.4,175,1,0,0,1,0,0
6687,H71310,H,299.0,310.0,1708,43.8,180,0,0,0,0,0,0
6688,H71311,H,299.0,310.0,1711,21.0,185,0,0,0,0,0,0
6689,M11973,M,299.0,310.0,1459,38.5,188,0,0,0,0,0,0
6690,L53406,L,299.0,309.9,1539,59.3,190,1,0,0,1,1,0
6691,L53407,L,298.9,309.9,1691,36.9,192,0,0,0,0,0,0
6692,L53408,L,299.0,309.9,1572,58.6,194,1,0,0,1,1,0
6693,H71312,H,298.9,309.9,1532,50.2,199,0,0,0,0,0,0
6694,H71313,H,298.9,309.9,1563,35.9,204,0,0,0,0,0,0
6695,L53409,L,298.9,309.9,1786,29.2,206,0,0,0,0,0,0
6696,L53410,L,298.9,309.8,1664,43.4,14,0,0,0,0,0,0
6697,L53411,L,298.9,309.8,1523,52.7,16,0,0,0,0,0,0
6698,L53412,L,298.8,309.8,1597,24.2,18,0,0,0,0,0,0
6699,M11974,M,298.8,309.8,1664,41.2,21,0,0,0,0,0,0
6700,M11975,M,298.9,309.8,1675,19.6,24,1,0,0,1,0,0
6701,L53413,L,298.9,309.9,1702,36.6,26,0,0,0,0,0,0
6702,M11976,M,299.0,309.9,1750,23.5,29,0,0,0,0,0,0
6703,H71314,H,298.9,309.9,1808,45.6,34,0,0,0,0,0,0
6704,L53414,L,298.9,309.9,1679,33.1,36,0,0,0,0,0,0
6705,L53415,L,298.9,309.9,1770,51.6,38,1,0,0,1,0,0
6706,L53416,L,298.9,310.0,1685,34.6,40,0,0,0,0,0,0
6707,L53417,L,299.0,310.0,1623,33.7,42,0,0,0,0,0,0
6708,M11977,M,299.0,310.0,1639,23.8,45,0,0,0,0,0,0
6709,M11978,M,299.1,310.1,1551,43.9,48,0,0,0,0,0,0
6710,L53418,L,299.2,310.2,1663,44.9,50,0,0,0,0,0,0
6711,L53419,L,299.2,310.2,1613,49.4,52,0,0,0,0,0,0
6712,H71315,H,299.1,310.2,1450,46.6,57,0,0,0,0,0,0
6713,L53420,L,299.2,310.2,1721,44.0,59,0,0,0,0,0,0
6714,M11979,M,299.1,310.2,1752,46.0,62,0,0,0,0,0,0
6715,M11980,M,299.1,310.2,1447,47.0,65,0,0,0,0,0,0
6716,H71316,H,299.1,310.1,1694,49.1,70,0,0,0,0,0,0
6717,M11981,M,299.1,310.1,1881,24.7,73,0,0,0,0,0,0
6718,H71317,H,299.0,310.1,1512,35.4,78,0,0,0,0,0,0
6719,M11982,M,299.1,310.1,1692,23.8,81,0,0,0,0,0,0
6720,L53421,L,299.1,310.1,1556,43.3,83,0,0,0,0,0,0
6721,L53422,L,299.1,310.1,1653,56.3,85,1,0,0,1,0,0
6722,L53423,L,299.2,310.2,1566,49.0,87,0,0,0,0,0,0
6723,L53424,L,299.2,310.2,1641,33.9,89,0,0,0,0,0,0
6724,L53425,L,299.2,310.1,1662,45.1,91,0,0,0,0,0,0
6725,L53426,L,299.1,310.1,1772,43.5,93,0,0,0,0,0,0
6726,L53427,L,299.1,310.1,1632,42.3,95,0,0,0,0,0,0
6727,L53428,L,299.1,310.1,1675,27.0,97,0,0,0,0,0,0
6728,L53429,L,299.1,307.2,1556,53.2,99,0,0,0,0,0,0
6729,M11983,M,299.1,310.1,1770,28.2,102,0,0,0,0,0,0
6730,M11984,M,299.1,310.1,1549,36.3,105,0,0,0,0,0,0
6731,H71318,H,299.1,310.0,1599,49.6,110,0,0,0,0,0,0
6732,M11985,M,299.1,310.0,1585,36.3,113,0,0,0,0,0,0
6733,H71319,H,299.1,310.1,1538,40.8,118,0,0,0,0,0,0
6734,M11986,M,299.2,310.1,1469,41.2,121,0,0,0,0,0,0
6735,L53430,L,299.2,310.1,1600,40.7,123,0,0,0,0,0,0
6736,H71320,H,299.2,310.1,1741,41.2,128,0,0,0,0,0,0
6737,L53431,L,299.2,310.1,1460,42.1,130,0,0,0,0,0,0
6738,M11987,M,299.1,310.0,1695,40.7,133,0,0,0,0,0,0
6739,M11988,M,299.2,310.1,1638,31.0,136,0,0,0,0,0,0
6740,L53432,L,299.2,310.1,1635,24.5,138,0,0,0,0,0,0
6741,M11989,M,299.2,310.1,1629,50.0,141,0,0,0,0,0,0
6742,L53433,L,299.2,310.1,1714,50.4,143,1,0,0,1,0,0
6743,L53434,L,299.2,310.1,1767,43.4,145,0,0,0,0,0,0
6744,L53435,L,299.2,310.1,1658,43.3,147,0,0,0,0,0,0
6745,L53436,L,299.2,310.1,1691,30.8,149,0,0,0,0,0,0
6746,L53437,L,299.2,310.1,1812,15.6,151,1,0,0,1,0,0
6747,M11990,M,299.2,310.1,1886,37.5,154,0,0,0,0,0,0
6748,M11991,M,299.2,310.1,1722,21.0,157,0,0,0,0,0,0
6749,L53438,L,299.2,310.1,1743,41.8,159,0,0,0,0,0,0
6750,M11992,M,299.1,310.1,1529,53.0,162,0,0,0,0,0,0
6751,L53439,L,299.2,310.1,1607,33.8,164,0,0,0,0,0,0
6752,L53440,L,299.2,310.1,1838,34.4,166,0,0,0,0,0,0
6753,M11993,M,299.3,310.2,1703,29.9,169,0,0,0,0,0,0
6754,H71321,H,299.3,310.2,1668,40.4,174,0,0,0,0,0,0
6755,L53441,L,299.3,310.2,1701,39.7,176,0,0,0,0,0,0
6756,L53442,L,299.3,310.2,1623,29.8,178,0,0,0,0,0,0
6757,M11994,M,299.3,310.2,1563,49.1,181,0,0,0,0,0,0
6758,H71322,H,299.3,310.3,1452,67.0,186,1,0,0,1,0,0
6759,L53443,L,299.4,310.3,1618,51.9,188,0,0,0,0,0,0
6760,L53444,L,299.3,310.3,1689,38.9,190,0,0,0,0,0,0
6761,L53445,L,299.3,310.3,1602,38.8,192,0,0,0,0,0,0
6762,M11995,M,299.3,310.3,1859,34.9,195,0,0,0,0,0,0
6763,H71323,H,299.3,310.3,1675,34.7,200,0,0,0,0,0,0
6764,M11996,M,299.3,310.3,1609,49.6,203,0,0,0,0,0,0
6765,L53446,L,299.3,310.3,1719,50.0,205,1,0,0,1,0,0
6766,M11997,M,299.3,310.3,1632,28.3,208,0,0,0,0,0,0
6767,H71324,H,299.3,310.3,1584,43.7,213,0,0,0,0,0,0
6768,L53447,L,299.3,310.2,1618,51.1,215,1,1,0,0,0,0
6769,H71325,H,299.2,310.2,1185,36.5,220,0,0,0,0,0,0
6770,L53448,L,299.2,310.2,1640,37.9,222,1,1,0,0,0,0
6771,L53449,L,299.1,310.1,1798,47.0,224,1,1,0,0,0,0
6772,M11998,M,299.1,310.1,1777,47.2,227,1,1,0,0,0,0
6773,L53450,L,299.1,310.1,1708,44.3,229,0,0,0,0,0,0
6774,H71326,H,299.1,310.1,1743,42.5,234,0,0,0,0,0,0
6775,M11999,M,299.1,310.1,1674,43.9,237,1,1,0,0,0,0
6776,L53451,L,299.1,310.1,1626,37.2,239,0,0,0,0,0,0
6777,L53452,L,299.1,310.2,1856,28.8,241,0,0,0,0,0,0
6778,M12000,M,299.2,310.3,1646,24.4,244,0,0,0,0,0,0
6779,L53453,L,299.1,310.2,1706,46.0,246,1,0,0,0,1,0
6780,M12001,M,299.2,310.3,1599,41.1,249,0,0,0,0,0,0
6781,L53454,L,299.2,310.3,1586,44.6,251,1,0,0,0,1,0
6782,L53455,L,299.2,310.3,1742,31.7,253,0,0,0,0,0,0
6783,M12002,M,299.2,310.3,1828,41.0,17,0,0,0,0,0,0
6784,L53456,L,299.2,310.2,1774,40.8,19,0,0,0,0,0,0
6785,M12003,M,299.3,310.3,1614,52.8,22,0,0,0,0,0,0
6786,M12004,M,299.3,310.3,1611,48.5,25,0,0,0,0,0,0
6787,L53457,L,299.3,310.3,1759,32.6,27,0,0,0,0,0,0
6788,M12005,M,299.3,310.4,1747,45.0,30,0,0,0,0,0,0
6789,M12006,M,299.4,310.4,1530,32.5,33,0,0,0,0,0,0
6790,H71327,H,299.3,310.4,1774,13.9,38,1,0,0,1,0,0
6791,L53458,L,299.3,310.4,1466,57.3,40,0,0,0,0,0,0
6792,L53459,L,299.4,310.5,1650,36.3,42,0,0,0,0,0,0
6793,M12007,M,299.3,310.4,1483,50.4,45,0,0,0,0,0,0
6794,M12008,M,299.3,310.4,1522,33.4,48,0,0,0,0,0,0
6795,M12009,M,299.4,310.4,1573,31.9,51,0,0,0,0,0,0
6796,M12010,M,299.3,310.4,1629,34.5,54,0,0,0,0,0,0
6797,M12011,M,299.3,310.4,1690,42.5,57,0,0,0,0,0,0
6798,L53460,L,299.3,310.4,1568,41.8,3,0,0,0,0,0,0
6799,M12012,M,299.3,310.3,1546,45.0,6,0,0,0,0,0,0
6800,L53461,L,299.3,310.4,1711,35.0,8,0,0,0,0,0,0
6801,L53462,L,299.3,310.3,1674,40.4,10,0,0,0,0,0,0
6802,M12013,M,299.4,310.4,1847,31.6,13,0,0,0,0,0,0
6803,L53463,L,299.4,310.4,1658,54.7,15,1,0,0,1,0,0
6804,L53464,L,299.4,310.5,1626,26.9,17,0,0,0,0,0,0
6805,H71328,H,299.4,310.4,1632,31.8,22,0,0,0,0,0,0
6806,M12014,M,299.4,310.5,1739,35.8,25,0,0,0,0,0,0
6807,M12015,M,299.4,310.5,1446,63.9,28,1,0,0,1,0,0
6808,H71329,H,299.5,310.5,1581,47.7,33,0,0,0,0,0,0
6809,L53465,L,299.4,310.5,1540,31.5,35,0,0,0,0,0,0
6810,M12016,M,299.4,310.5,1490,48.2,38,0,0,0,0,0,0
6811,L53466,L,299.4,310.5,1737,45.2,40,0,0,0,0,0,0
6812,L53467,L,299.4,310.5,1651,42.7,42,0,0,0,0,0,0
6813,L53468,L,299.4,310.5,1557,47.0,44,0,0,0,0,0,0
6814,L53469,L,299.4,310.5,1603,40.6,46,0,0,0,0,0,0
6815,M12017,M,299.4,310.5,1445,41.7,49,0,0,0,0,0,0
6816,L53470,L,299.4,310.5,1672,24.5,51,0,0,0,0,0,0
6817,M12018,M,299.4,310.4,1618,54.4,54,1,0,0,1,0,0
6818,L53471,L,299.4,310.4,1752,35.5,56,0,0,0,0,0,0
6819,L53472,L,299.4,310.4,1844,27.6,58,0,0,0,0,0,0
6820,H71330,H,299.4,310.4,1600,35.0,63,0,0,0,0,0,0
6821,M12019,M,299.4,310.4,1548,35.4,66,0,0,0,0,0,0
6822,H71331,H,299.3,310.4,1592,32.0,71,0,0,0,0,0,0
6823,L53473,L,299.3,310.4,1675,47.8,73,0,0,0,0,0,0
6824,L53474,L,299.3,310.3,1779,49.7,75,1,0,0,1,0,0
6825,M12020,M,299.3,310.3,1821,20.4,78,0,0,0,0,0,0
6826,M12021,M,299.3,310.4,1617,34.9,81,0,0,0,0,0,0
6827,L53475,L,299.3,310.3,1780,35.6,83,0,0,0,0,0,0
6828,H71332,H,299.3,310.4,1617,38.3,88,0,0,0,0,0,0
6829,M12022,M,299.4,310.4,1486,57.1,91,0,0,0,0,0,0
6830,M12023,M,299.4,310.4,1662,31.9,94,0,0,0,0,0,0
6831,L53476,L,299.4,310.3,1516,55.6,96,0,0,0,0,0,0
6832,M12024,M,299.4,310.4,1594,38.5,99,0,0,0,0,0,0
6833,L53477,L,299.4,310.3,1678,55.7,101,1,0,0,1,0,0
6834,H71333,H,299.3,310.3,1620,36.9,106,0,0,0,0,0,0
6835,L53478,L,299.3,310.3,1529,35.7,108,0,0,0,0,0,0
6836,L53479,L,299.3,310.3,1704,39.8,110,0,0,0,0,0,0
6837,L53480,L,299.3,310.3,1497,52.9,112,0,0,0,0,0,0
6838,M12025,M,299.3,310.3,1559,41.6,115,0,0,0,0,0,0
6839,H71334,H,299.4,310.3,1702,42.1,120,0,0,0,0,0,0
6840,H71335,H,299.4,310.4,1552,46.4,125,0,0,0,0,0,0
6841,M12026,M,299.4,310.4,1655,31.2,128,0,0,0,0,0,0
6842,H71336,H,299.4,310.4,1636,43.4,133,0,0,0,0,0,0
6843,M12027,M,299.3,310.3,1657,33.7,136,0,0,0,0,0,0
6844,L53481,L,299.3,310.3,1535,54.7,138,0,0,0,0,0,0
6845,M12028,M,299.2,310.2,1837,44.2,141,0,0,0,0,0,0
6846,L53482,L,299.2,310.1,1598,46.9,143,0,0,0,0,0,0
6847,L53483,L,299.2,310.1,1901,19.6,145,0,0,0,0,0,0
6848,L53484,L,299.2,310.1,1670,47.1,147,0,0,0,0,0,0
6849,L53485,L,299.2,310.1,1625,38.2,149,0,0,0,0,0,0
6850,H71337,H,299.2,310.1,1767,25.6,154,0,0,0,0,0,0
6851,H71338,H,299.2,310.1,1702,40.9,159,0,0,0,0,0,0
6852,L53486,L,299.2,310.1,1653,24.8,161,0,0,0,0,0,0
6853,M12029,M,299.3,310.2,1731,46.1,164,0,0,0,0,0,0
6854,L53487,L,299.3,307.2,1590,54.3,166,1,0,0,1,0,0
6855,L53488,L,299.3,310.3,1715,22.1,168,0,0,0,0,0,0
6856,L53489,L,299.3,310.2,1795,39.7,170,0,0,0,0,0,0
6857,L53490,L,299.3,310.2,1472,38.4,172,0,0,0,0,0,0
6858,L53491,L,299.3,310.1,1648,20.1,174,1,0,0,1,0,0
6859,L53492,L,299.3,310.2,1660,49.2,176,0,0,0,0,0,0
6860,L53493,L,299.2,310.1,1678,46.3,178,0,0,0,0,0,0
6861,L53494,L,299.2,310.1,2113,60.3,180,1,0,0,1,0,0
6862,H71339,H,299.2,310.1,1421,45.0,185,0,0,0,0,0,0
6863,L53495,L,299.2,310.1,1773,31.2,187,0,0,0,0,0,0
6864,L53496,L,299.1,310.0,1161,45.1,189,0,0,0,0,0,0
6865,M12030,M,299.1,310.0,1621,52.8,192,0,0,0,0,0,0
6866,L53497,L,299.1,310.0,1668,35.4,194,0,0,0,0,0,0
6867,M12031,M,299.1,310.0,1682,48.5,197,0,0,0,0,0,0
6868,L53498,L,299.1,310.0,1751,16.5,199,1,0,0,1,0,0
6869,M12032,M,299.0,306.7,1664,54.8,202,1,0,0,1,0,0
6870,M12033,M,299.0,309.9,1534,48.0,205,0,0,0,0,0,0
6871,M12034,M,299.0,309.9,1775,14.6,208,1,0,0,1,0,0
6872,M12035,M,299.0,309.9,1647,43.8,211,0,0,0,0,0,0
6873,L53499,L,299.0,309.9,1904,20.1,213,1,1,0,0,0,0
6874,L53500,L,299.0,309.9,1757,33.9,215,0,0,0,0,0,0
6875,L53501,L,299.0,310.0,1633,46.8,217,0,0,0,0,0,0
6876,M12036,M,299.0,310.0,1715,38.6,220,0,0,0,0,0,0
6877,L53502,L,299.0,309.9,1682,52.6,222,1,1,0,1,1,0
6878,L53503,L,298.9,309.9,1680,40.6,224,1,1,0,0,0,0
6879,M12037,M,299.0,309.9,1560,39.6,227,0,0,0,0,0,0
6880,L53504,L,299.0,310.0,1649,51.0,229,1,0,0,0,1,0
6881,L53505,L,298.9,309.9,1665,36.6,231,0,0,0,0,0,0
6882,M12038,M,299.0,309.9,1620,39.7,234,0,0,0,0,0,0
6883,L53506,L,299.0,309.9,1574,41.1,236,1,1,0,0,0,0
6884,H71340,H,299.0,310.0,1706,39.3,241,0,0,0,0,0,0
6885,H71341,H,299.1,310.0,1636,51.6,246,0,0,0,0,0,0
6886,H71342,H,299.1,310.1,1599,33.3,251,0,0,0,0,0,0
6887,L53507,L,299.1,310.0,1594,31.7,253,0,0,0,0,0,0
6888,L53508,L,299.1,310.0,1875,29.4,16,0,0,0,0,0,0
6889,M12039,M,299.0,310.0,1839,18.6,19,0,0,0,0,0,0
6890,M12040,M,299.1,310.0,1581,54.8,22,1,0,0,1,0,0
6891,M12041,M,299.1,310.1,1751,31.0,25,0,0,0,0,0,0
6892,L53509,L,299.1,310.1,1620,37.6,27,0,0,0,0,0,0
6893,L53510,L,299.1,310.1,1553,55.6,29,1,0,0,1,0,0
6894,L53511,L,299.0,310.0,1659,38.6,31,0,0,0,0,0,0
6895,L53512,L,299.1,310.1,1710,45.1,33,0,0,0,0,0,0
6896,L53513,L,299.1,310.1,1597,25.8,35,0,0,0,0,0,0
6897,H71343,H,299.1,310.1,1485,54.0,40,0,0,0,0,0,0
6898,L53514,L,299.1,310.1,1546,38.8,42,0,0,0,0,0,0
6899,M12042,M,299.1,310.1,1780,29.8,45,0,0,0,0,0,0
6900,H71344,H,299.1,310.1,1694,29.8,50,0,0,0,0,0,0
6901,L53515,L,299.1,310.1,1480,56.9,52,0,0,0,0,0,0
6902,M12043,M,299.1,310.0,1661,34.1,55,0,0,0,0,0,0
6903,M12044,M,299.1,310.0,1645,30.0,58,0,0,0,0,0,0
6904,L53516,L,299.0,310.0,1543,35.7,60,0,0,0,0,0,0
6905,L53517,L,298.9,309.9,1761,40.5,62,0,0,0,0,0,0
6906,H71345,H,298.9,309.9,1629,41.5,67,0,0,0,0,0,0
6907,M12045,M,298.9,309.8,1742,44.4,70,0,0,0,0,0,0
6908,H71346,H,298.9,309.8,1507,42.3,75,0,0,0,0,0,0
6909,H71347,H,298.9,309.8,1662,46.5,80,0,0,0,0,0,0
6910,L53518,L,298.9,309.9,1534,37.3,82,0,0,0,0,0,0
6911,M12046,M,298.9,309.9,1762,60.7,85,1,0,0,1,0,0
6912,M12047,M,299.0,309.9,1520,35.1,88,0,0,0,0,0,0
6913,M12048,M,299.0,309.9,1741,53.5,91,1,0,0,1,0,0
6914,M12049,M,299.0,310.0,1679,34.0,94,0,0,0,0,0,0
6915,M12050,M,299.0,310.0,1708,25.7,97,0,0,0,0,0,0
6916,H71348,H,299.0,310.0,1440,23.3,102,0,0,0,0,0,0
6917,L53519,L,299.0,307.1,1550,43.0,104,0,0,0,0,0,0
6918,M12051,M,299.0,309.9,1660,51.6,107,0,0,0,0,0,0
6919,L53520,L,299.0,310.0,1787,28.5,109,0,0,0,0,0,0
6920,M12052,M,299.1,310.1,1697,31.2,112,0,0,0,0,0,0
6921,M12053,M,299.1,310.1,1652,43.9,115,0,0,0,0,0,0
6922,M12054,M,299.1,310.0,1824,40.0,118,0,0,0,0,0,0
6923,L53521,L,299.1,310.0,1739,34.1,120,0,0,0,0,0,0
6924,M12055,M,299.1,310.0,1646,27.2,123,0,0,0,0,0,0
6925,L53522,L,299.1,310.1,1701,43.1,125,0,0,0,0,0,0
6926,L53523,L,299.0,310.0,1568,46.5,127,0,0,0,0,0,0
6927,L53524,L,299.1,310.1,1559,44.9,129,0,0,0,0,0,0
6928,H71349,H,299.1,310.0,1695,40.3,134,0,0,0,0,0,0
6929,L53525,L,299.1,310.0,1614,29.4,136,0,0,0,0,0,0
6930,H71350,H,299.0,309.9,1638,43.1,141,0,0,0,0,0,0
6931,L53526,L,299.0,310.0,1698,42.4,143,0,0,0,0,0,0
6932,M12056,M,299.0,309.9,1890,26.9,146,0,0,0,0,0,0
6933,M12057,M,299.0,310.0,1723,37.0,149,0,0,0,0,0,0
6934,M12058,M,299.0,310.0,1499,43.7,152,0,0,0,0,0,0
6935,M12059,M,299.0,310.0,1536,39.2,155,0,0,0,0,0,0
6936,M12060,M,299.0,310.0,1907,20.4,158,0,0,0,0,0,0
6937,H71351,H,299.0,310.0,1626,33.6,163,0,0,0,0,0,0
6938,M12061,M,299.0,310.0,1550,32.9,166,0,0,0,0,0,0
6939,L53527,L,299.0,310.0,1530,45.6,168,0,0,0,0,0,0
6940,L53528,L,299.0,310.0,1586,66.0,170,1,0,0,1,1,0
6941,M12062,M,299.0,310.1,1653,41.3,173,0,0,0,0,0,0
6942,L53529,L,299.1,310.1,1771,28.0,175,0,0,0,0,0,0
6943,M12063,M,299.1,310.1,1655,38.4,178,0,0,0,0,0,0
6944,M12064,M,299.0,310.1,1550,40.1,181,0,0,0,0,0,0
6945,L53530,L,299.1,310.1,1450,47.6,183,0,0,0,0,0,0
6946,M12065,M,299.1,310.1,1510,52.4,186,0,0,0,0,0,0
6947,M12066,M,299.1,310.1,1589,53.9,189,0,0,0,0,0,0
6948,M12067,M,299.1,310.1,1516,45.4,192,0,0,0,0,0,0
6949,M12068,M,299.1,310.1,1739,40.0,195,0,0,0,0,0,0
6950,H71352,H,299.1,310.2,1483,54.8,200,0,0,0,0,0,0
6951,M12069,M,299.2,310.2,1519,36.5,203,0,0,0,0,0,0
6952,H71353,H,299.2,310.2,1647,40.5,208,0,0,0,0,0,0
6953,L53531,L,299.2,310.2,1731,37.6,210,0,0,0,0,0,0
6954,M12070,M,299.2,310.2,1895,18.7,213,1,1,0,0,0,0
6955,M12071,M,299.2,310.2,1439,52.7,216,0,0,0,0,0,0
6956,L53532,L,299.1,310.2,1743,46.8,218,1,1,0,0,0,0
6957,L53533,L,299.2,307.1,1790,16.3,220,1,0,0,1,0,0
6958,M12072,M,299.2,310.2,1542,50.0,223,1,1,0,0,0,0
6959,L53534,L,299.1,310.2,1727,37.0,225,0,0,0,0,0,0
6960,H71354,H,299.1,310.2,1721,49.9,230,0,0,0,0,0,0
6961,L53535,L,299.2,310.2,1495,40.8,232,0,0,0,0,0,0
6962,L53536,L,299.2,310.2,1682,26.4,234,1,1,0,0,0,0
6963,M12073,M,299.2,310.2,1600,40.3,237,0,0,0,0,0,0
6964,L53537,L,299.1,310.1,1753,31.0,239,0,0,0,0,0,0
6965,L53538,L,299.1,310.1,1845,27.8,241,0,0,0,0,0,0
6966,M12074,M,299.1,310.1,1612,48.7,244,0,0,0,0,0,0
6967,M12075,M,299.1,310.1,1603,43.9,247,0,0,0,0,0,0
6968,L53539,L,299.1,310.2,1612,55.0,249,1,0,0,1,1,0
6969,M12076,M,299.2,310.2,1649,36.1,252,0,0,0,0,0,0
6970,M12077,M,299.2,310.3,1505,30.4,17,0,0,0,0,0,0
6971,M12078,M,299.3,310.3,1663,46.4,20,0,0,0,0,0,0
6972,L53540,L,299.3,307.9,1782,31.7,22,0,0,0,0,0,0
6973,L53541,L,299.4,310.4,1763,36.9,24,0,0,0,0,0,0
6974,H71355,H,299.4,310.5,1169,45.3,29,0,0,0,0,0,0
6975,M12079,M,299.4,310.5,1711,38.7,32,0,0,0,0,0,0
6976,L53542,L,299.4,310.4,1813,35.1,34,0,0,0,0,0,0
6977,H71356,H,299.5,310.5,1951,26.0,39,0,0,0,0,0,0
6978,L53543,L,299.5,310.5,1644,49.4,41,0,0,0,0,0,0
6979,M12080,M,299.5,310.6,1408,36.3,44,0,0,0,0,0,0
6980,M12081,M,299.5,310.5,1529,46.2,47,0,0,0,0,0,0
6981,H71357,H,299.5,307.4,1524,44.9,52,0,0,0,0,0,0
6982,H71358,H,299.4,310.5,1682,50.9,57,0,0,0,0,0,0
6983,L53544,L,299.4,310.5,1479,37.6,59,0,0,0,0,0,0
6984,M12082,M,299.4,310.4,1682,36.5,62,0,0,0,0,0,0
6985,L53545,L,299.4,310.4,1836,28.9,64,0,0,0,0,0,0
6986,M12083,M,299.5,310.5,1742,34.6,17,0,0,0,0,0,0
6987,M12084,M,299.4,310.5,1696,43.4,20,0,0,0,0,0,0
6988,L53546,L,299.4,307.5,1688,31.8,22,0,0,0,0,0,0
6989,L53547,L,299.5,310.5,1597,43.2,24,0,0,0,0,0,0
6990,L53548,L,299.6,310.6,1768,54.7,26,1,0,0,1,0,0
6991,L53549,L,299.6,310.6,1784,35.5,28,0,0,0,0,0,0
6992,L53550,L,299.6,310.5,1445,26.9,30,0,0,0,0,0,0
6993,H71359,H,299.5,310.5,1674,35.9,35,0,0,0,0,0,0
6994,M12085,M,299.6,310.6,1671,25.8,38,0,0,0,0,0,0
6995,M12086,M,299.6,310.6,1678,53.3,41,1,0,0,1,0,0
6996,H71360,H,299.6,310.6,1618,40.8,46,0,0,0,0,0,0
6997,M12087,M,299.6,310.6,1695,32.7,49,0,0,0,0,0,0
6998,L53551,L,299.5,310.5,1735,34.4,51,0,0,0,0,0,0
6999,H71361,H,299.6,310.6,1730,28.2,56,0,0,0,0,0,0
7000,M12088,M,299.6,310.5,1737,50.1,59,1,0,0,1,0,0
7001,M12089,M,299.5,310.5,1436,58.4,62,0,0,0,0,0,0
7002,H71362,H,299.5,310.5,1734,25.1,67,0,0,0,0,0,0
7003,M12090,M,299.5,310.5,1788,50.4,70,1,0,0,1,0,0
7004,M12091,M,299.5,310.5,2164,37.5,73,0,0,0,0,0,0
7005,H71363,H,299.5,310.5,1566,52.7,78,0,0,0,0,0,0
7006,L53552,L,299.5,310.5,1817,21.7,80,0,0,0,0,0,0
7007,H71364,H,299.5,310.6,1634,42.3,85,0,0,0,0,0,0
7008,L53553,L,299.6,310.6,1803,35.9,87,0,0,0,0,0,0
7009,L53554,L,299.6,310.6,1690,46.6,89,0,0,0,0,0,0
7010,M12092,M,299.6,310.6,1569,40.6,92,0,0,0,0,0,0
7011,L53555,L,299.6,310.6,1670,40.2,94,0,0,0,0,0,0
7012,H71365,H,299.6,310.6,1693,38.9,99,0,0,0,0,0,0
7013,L53556,L,299.6,310.6,1611,55.6,101,1,0,0,1,0,0
7014,M12093,M,299.7,310.7,1688,38.3,104,0,0,0,0,0,0
7015,L53557,L,299.6,310.6,1656,48.6,106,0,0,0,0,0,0
7016,H71366,H,299.7,310.6,1655,46.3,111,0,0,0,0,0,0
7017,L53558,L,299.6,310.6,1539,48.9,113,0,0,0,0,0,0
7018,L53559,L,299.6,310.6,1662,29.9,115,0,0,0,0,0,0
7019,L53560,L,299.6,310.6,1590,47.1,117,0,0,0,0,0,0
7020,M12094,M,299.6,310.6,1641,43.4,120,0,0,0,0,0,0
7021,H71367,H,299.6,310.6,1689,28.1,125,0,0,0,0,0,0
7022,H71368,H,299.5,310.5,1760,37.9,130,0,0,0,0,0,0
7023,L53561,L,299.5,310.6,1444,62.9,132,1,0,0,1,0,0
7024,L53562,L,299.5,310.6,1164,36.1,134,0,0,0,0,0,0
7025,L53563,L,299.5,310.5,1846,36.3,136,0,0,0,0,0,0
7026,M12095,M,299.5,310.5,1553,44.5,139,0,0,0,0,0,0
7027,M12096,M,299.5,310.5,1777,34.6,142,0,0,0,0,0,0
7028,L53564,L,299.5,310.5,1697,41.4,144,0,0,0,0,0,0
7029,M12097,M,299.5,310.6,1603,35.5,147,0,0,0,0,0,0
7030,H71369,H,299.5,310.5,1617,44.0,152,0,0,0,0,0,0
7031,L53565,L,299.5,310.5,1628,39.4,154,0,0,0,0,0,0
7032,L53566,L,299.5,310.5,1581,59.5,156,1,0,0,1,0,0
7033,L53567,L,299.5,310.5,1579,40.5,158,0,0,0,0,0,0
7034,L53568,L,299.5,310.5,1646,37.8,160,0,0,0,0,0,0
7035,L53569,L,299.5,310.5,1593,50.3,162,0,0,0,0,0,0
7036,M12098,M,299.5,310.5,1822,26.1,165,0,0,0,0,0,0
7037,L53570,L,299.5,310.6,1525,56.9,167,1,0,0,1,0,0
7038,M12099,M,299.6,310.6,1614,30.1,170,0,0,0,0,0,0
7039,H71370,H,299.6,310.6,1539,51.9,175,0,0,0,0,0,0
7040,H71371,H,299.5,310.6,1607,54.6,180,1,0,0,1,0,0
7041,M12100,M,299.6,310.6,1518,34.7,183,0,0,0,0,0,0
7042,L53571,L,299.6,310.6,1780,35.7,185,0,0,0,0,0,0
7043,L53572,L,299.5,310.5,1657,38.9,187,0,0,0,0,0,0
7044,L53573,L,299.5,310.5,2077,46.2,189,1,0,0,1,0,0
7045,H71372,H,299.5,310.5,1722,30.0,194,0,0,0,0,0,0
7046,H71373,H,299.5,310.5,1596,38.9,199,0,0,0,0,0,0
7047,L53574,L,299.5,310.5,1569,36.9,201,0,0,0,0,0,0
7048,L53575,L,299.5,310.4,1647,28.5,203,0,0,0,0,0,0
7049,M12101,M,299.5,310.5,1569,29.5,206,0,0,0,0,0,0
7050,L53576,L,299.5,310.5,1675,41.3,208,0,0,0,0,0,0
7051,H71374,H,299.5,310.4,1630,41.1,213,0,0,0,0,0,0
7052,L53577,L,299.5,310.4,1552,32.4,215,0,0,0,0,0,0
7053,L53578,L,299.5,307.9,1590,40.8,217,1,1,0,0,0,0
7054,L53579,L,299.5,310.4,1742,33.5,219,1,1,0,0,0,0
7055,L53580,L,299.5,310.4,1698,53.1,221,1,1,0,1,1,0
7056,L53581,L,299.5,310.4,1540,39.0,223,0,0,0,0,0,0
7057,H71375,H,299.5,310.4,1787,51.0,228,1,0,0,1,0,0
7058,L53582,L,299.5,310.4,1652,23.1,230,0,0,0,0,0,0
7059,M12102,M,299.5,310.4,1480,43.2,233,0,0,0,0,0,0
7060,L53583,L,299.4,310.3,1777,46.0,235,0,0,0,0,0,0
7061,L53584,L,299.4,310.3,1563,38.6,237,0,0,0,0,0,0
7062,L53585,L,299.4,307.7,1815,34.6,239,0,0,0,0,0,0
7063,L53586,L,299.5,310.4,1598,38.5,241,0,0,0,0,0,0
7064,L53587,L,299.5,310.5,1585,47.4,243,1,0,0,0,1,0
7065,L53588,L,299.5,310.5,1595,27.9,245,0,0,0,0,0,0
7066,H71376,H,299.5,310.5,1729,47.0,250,0,0,0,0,0,0
7067,M12103,M,299.5,310.5,1736,43.2,253,0,0,0,0,0,0
7068,H71377,H,299.6,310.6,1604,37.4,3,0,0,0,0,0,0
7069,L53589,L,299.6,310.5,1655,37.8,5,0,0,0,0,0,0
7070,M12104,M,299.7,310.6,1706,40.6,8,0,0,0,0,0,0
7071,M12105,M,299.6,310.6,1521,56.6,11,1,0,0,1,0,0
7072,L53590,L,299.6,310.5,1755,43.5,13,0,0,0,0,0,0
7073,L53591,L,299.6,310.6,1689,30.6,15,0,0,0,0,0,0
7074,M12106,M,299.6,310.6,1626,35.6,18,0,0,0,0,0,0
7075,M12107,M,299.6,310.6,1567,28.6,21,0,0,0,0,0,0
7076,L53592,L,299.7,310.7,1632,21.1,23,0,0,0,0,0,0
7077,L53593,L,299.7,310.7,1763,28.4,25,0,0,0,0,0,0
7078,H71378,H,299.8,310.7,1665,41.2,30,0,0,0,0,0,0
7079,L53594,L,299.7,310.7,1657,52.7,32,1,0,0,1,0,0
7080,H71379,H,299.7,310.7,1548,50.0,37,0,0,0,0,0,0
7081,H71380,H,299.7,310.7,1562,28.4,42,0,0,0,0,0,0
7082,H71381,H,299.7,310.7,1647,32.0,47,0,0,0,0,0,0
7083,M12108,M,299.7,310.7,1532,30.6,50,0,0,0,0,0,0
7084,L53595,L,299.7,310.8,1697,14.2,52,1,0,0,1,0,0
7085,M12109,M,299.7,310.7,1655,38.3,55,0,0,0,0,0,0
7086,M12110,M,299.8,310.8,1391,48.0,58,0,0,0,0,0,0
7087,M12111,M,299.8,310.8,1616,37.5,61,0,0,0,0,0,0
7088,L53596,L,299.8,307.9,1679,27.3,63,0,0,0,0,0,0
7089,L53597,L,299.8,310.8,1724,31.5,65,0,0,0,0,0,0
7090,L53598,L,299.9,310.9,1638,36.7,67,0,0,0,0,0,0
7091,L53599,L,299.9,310.9,1473,47.7,69,0,0,0,0,0,0
7092,M12112,M,299.8,310.8,1600,38.2,72,0,0,0,0,0,0
7093,H71382,H,299.9,310.9,1599,46.3,77,0,0,0,0,0,0
7094,M12113,M,299.8,310.8,1565,39.2,80,0,0,0,0,0,0
7095,M12114,M,299.8,310.8,1561,42.4,83,0,0,0,0,0,0
7096,L53600,L,299.9,310.8,1789,30.6,85,0,0,0,0,0,0
7097,L53601,L,299.8,310.8,1629,33.1,87,0,0,0,0,0,0
7098,L53602,L,299.9,310.9,1755,27.4,89,0,0,0,0,0,0
7099,L53603,L,299.9,310.9,1603,46.0,91,0,0,0,0,0,0
7100,L53604,L,299.8,310.9,1974,37.1,93,0,0,0,0,0,0
7101,L53605,L,299.9,310.9,1807,4.0,95,1,0,0,1,0,0
7102,L53606,L,299.8,310.9,1651,44.8,97,0,0,0,0,0,0
7103,M12115,M,299.9,310.9,1406,49.7,100,0,0,0,0,0,0
7104,L53607,L,299.8,310.9,1623,31.9,102,0,0,0,0,0,0
7105,L53608,L,299.8,310.9,1617,44.8,104,0,0,0,0,0,0
7106,L53609,L,299.8,310.9,1743,37.9,106,0,0,0,0,0,0
7107,M12116,M,299.8,310.8,1874,18.8,109,0,0,0,0,0,0
7108,M12117,M,299.8,310.9,1490,59.5,112,1,0,0,1,0,0
7109,L53610,L,299.8,310.8,1647,38.0,114,0,0,0,0,0,0
7110,L53611,L,299.8,310.9,1740,42.0,116,0,0,0,0,0,0
7111,H71383,H,299.9,310.9,1729,33.8,121,0,0,0,0,0,0
7112,M12118,M,299.9,311.0,1758,37.0,124,0,0,0,0,0,0
7113,M12119,M,299.9,311.0,1747,41.6,127,0,0,0,0,0,0
7114,M12120,M,299.9,311.0,1754,29.6,130,0,0,0,0,0,0
7115,H71384,H,299.9,310.9,1575,56.9,135,1,0,0,1,0,0
7116,H71385,H,299.9,311.0,1546,48.4,140,0,0,0,0,0,0
7117,L53612,L,299.9,311.0,1601,45.2,142,0,0,0,0,0,0
7118,M12121,M,299.9,311.0,1641,38.6,145,0,0,0,0,0,0
7119,L53613,L,299.9,311.0,1797,32.4,147,0,0,0,0,0,0
7120,M12122,M,299.9,307.9,1612,50.3,150,0,0,0,0,0,0
7121,L53614,L,299.9,311.0,1635,46.1,152,0,0,0,0,0,0
7122,L53615,L,299.9,311.0,1581,36.0,154,0,0,0,0,0,0
7123,H71386,H,299.9,311.1,1815,29.2,159,0,0,0,0,0,0
7124,H71387,H,299.8,311.0,1663,24.2,164,0,0,0,0,0,0
7125,L53616,L,299.9,311.1,1623,40.3,166,0,0,0,0,0,0
7126,H71388,H,299.9,311.1,1781,37.5,171,0,0,0,0,0,0
7127,L53617,L,300.0,311.2,1668,51.9,173,1,0,0,1,0,0
7128,L53618,L,300.0,311.2,1522,49.9,175,0,0,0,0,0,0
7129,H71389,H,300.0,311.2,1551,40.4,180,0,0,0,0,0,0
7130,L53619,L,300.0,311.2,1636,39.2,182,0,0,0,0,0,0
7131,L53620,L,300.0,311.2,1658,28.5,184,0,0,0,0,0,0
7132,M12123,M,300.0,311.3,1463,50.6,187,0,0,0,0,0,0
7133,L53621,L,300.0,311.3,1585,39.4,189,0,0,0,0,0,0
7134,L53622,L,300.1,311.3,1371,46.1,191,0,0,0,0,0,0
7135,L53623,L,300.1,311.3,1670,51.8,193,1,0,0,1,0,0
7136,M12124,M,300.0,311.3,1755,34.3,196,0,0,0,0,0,0
7137,L53624,L,300.0,311.2,1820,31.7,198,0,0,0,0,0,0
7138,L53625,L,299.9,311.2,1553,64.7,200,1,0,0,1,1,0
7139,M12125,M,299.9,311.2,1579,45.9,203,0,0,0,0,0,0
7140,L53626,L,299.9,311.2,1757,37.2,205,0,0,0,0,0,0
7141,L53627,L,299.9,311.2,1522,52.4,207,0,0,0,0,0,0
7142,M12126,M,299.9,311.2,1547,36.9,210,1,1,0,0,0,0
7143,M12127,M,300.0,311.2,1620,43.3,213,0,0,0,0,0,0
7144,L53628,L,300.0,311.2,1717,34.3,215,1,1,0,0,0,0
7145,H71390,H,300.0,311.2,1578,39.8,220,0,0,0,0,0,0
7146,M12128,M,299.9,311.1,1570,37.3,223,0,0,0,0,0,0
7147,L53629,L,300.0,311.2,1652,32.5,225,0,0,0,0,0,0
7148,M12129,M,299.9,311.1,1674,42.4,228,0,0,0,0,0,0
7149,M12130,M,299.9,311.1,1670,33.6,231,1,1,0,0,0,0
7150,M12131,M,299.9,311.1,1857,45.8,234,0,0,0,0,0,0
7151,M12132,M,300.0,311.2,1654,37.0,237,0,0,0,0,0,0
7152,M12133,M,300.0,308.1,2227,22.8,240,0,0,0,0,0,0
7153,H71391,H,300.0,311.2,1487,46.2,245,0,0,0,0,0,0
7154,M12134,M,300.0,311.2,1670,46.4,248,0,0,0,0,0,0
7155,H71392,H,300.0,311.2,1491,62.5,253,1,0,0,1,1,0
7156,M12135,M,300.0,311.2,1648,40.2,17,0,0,0,0,0,0
7157,H71393,H,300.1,311.3,1792,41.8,22,0,0,0,0,0,0
7158,H71394,H,300.1,311.3,1592,44.8,27,0,0,0,0,0,0
7159,L53630,L,300.1,311.3,1479,50.2,29,0,0,0,0,0,0
7160,L53631,L,300.1,308.5,1497,49.6,31,0,0,0,0,0,0
7161,M12136,M,300.1,311.3,1649,43.2,34,0,0,0,0,0,0
7162,L53632,L,300.1,311.3,1662,39.7,36,0,0,0,0,0,0
7163,M12137,M,300.1,311.4,1613,48.4,39,0,0,0,0,0,0
7164,M12138,M,300.1,311.4,1538,39.3,42,0,0,0,0,0,0
7165,H71395,H,300.1,311.4,1899,27.1,47,0,0,0,0,0,0
7166,L53633,L,300.1,311.4,1860,25.0,49,0,0,0,0,0,0
7167,M12139,M,300.1,311.4,1677,37.1,52,0,0,0,0,0,0
7168,L53634,L,300.1,311.4,1507,41.2,54,0,0,0,0,0,0
7169,M12140,M,300.2,311.5,1664,64.7,57,1,0,0,1,0,0
7170,L53635,L,300.2,311.5,1759,38.8,59,0,0,0,0,0,0
7171,M12141,M,300.3,311.5,1657,40.5,62,0,0,0,0,0,0
7172,M12142,M,300.3,311.5,1779,36.0,65,0,0,0,0,0,0
7173,M12143,M,300.3,311.5,1573,46.2,68,0,0,0,0,0,0
7174,M12144,M,300.3,311.5,1549,42.8,71,0,0,0,0,0,0
7175,L53636,L,300.3,311.6,1697,33.6,73,0,0,0,0,0,0
7176,L53637,L,300.3,308.6,1563,29.9,75,0,0,0,0,0,0
7177,L53638,L,300.3,311.6,1571,36.0,77,0,0,0,0,0,0
7178,H71396,H,300.3,311.6,1743,31.6,82,0,0,0,0,0,0
7179,H71397,H,300.3,311.6,1684,37.7,87,0,0,0,0,0,0
7180,L53639,L,300.3,311.6,1518,41.4,89,0,0,0,0,0,0
7181,L53640,L,300.3,311.6,1639,35.0,91,0,0,0,0,0,0
7182,L53641,L,300.3,311.6,1454,54.5,93,0,0,0,0,0,0
7183,M12145,M,300.3,311.6,1546,51.6,96,0,0,0,0,0,0
7184,L53642,L,300.3,311.7,1608,37.7,98,0,0,0,0,0,0
7185,L53643,L,300.3,311.6,1789,30.4,100,0,0,0,0,0,0
7186,L53644,L,300.3,308.4,1637,39.7,102,0,0,0,0,0,0
7187,L53645,L,300.3,311.6,1635,38.7,104,0,0,0,0,0,0
7188,L53646,L,300.3,311.7,1618,39.4,106,0,0,0,0,0,0
7189,L53647,L,300.4,311.7,1516,36.0,108,0,0,0,0,0,0
7190,M12146,M,300.4,311.7,1696,29.5,111,0,0,0,0,0,0
7191,M12147,M,300.4,311.7,1692,40.3,114,0,0,0,0,0,0
7192,L53648,L,300.4,311.7,1689,36.5,116,0,0,0,0,0,0
7193,M12148,M,300.4,311.7,1726,37.4,119,0,0,0,0,0,0
7194,L53649,L,300.5,311.8,1712,40.9,121,0,0,0,0,0,0
7195,M12149,M,300.4,311.8,1851,39.3,124,0,0,0,0,0,0
7196,H71398,H,300.4,311.7,1545,40.7,129,0,0,0,0,0,0
7197,L53650,L,300.4,311.7,1692,36.0,131,0,0,0,0,0,0
7198,H71399,H,300.4,311.7,1662,43.6,136,0,0,0,0,0,0
7199,M12150,M,300.4,311.7,1659,32.8,139,0,0,0,0,0,0
7200,M12151,M,300.4,309.1,1650,29.1,142,0,0,0,0,0,0
7201,L53651,L,300.3,311.6,1741,31.1,144,0,0,0,0,0,0
7202,L53652,L,300.4,311.6,1721,33.2,146,0,0,0,0,0,0
7203,L53653,L,300.4,311.7,1622,27.1,148,0,0,0,0,0,0
7204,H71400,H,300.5,311.8,1576,23.1,153,0,0,0,0,0,0
7205,M12152,M,300.5,311.8,1580,45.0,156,0,0,0,0,0,0
7206,L53654,L,300.5,311.8,1173,52.7,158,0,0,0,0,0,0
7207,M12153,M,300.5,311.7,1675,45.6,161,0,0,0,0,0,0
7208,L53655,L,300.5,311.7,1592,35.2,163,0,0,0,0,0,0
7209,L53656,L,300.5,311.7,1723,22.8,165,0,0,0,0,0,0
7210,M12154,M,300.5,311.8,1486,41.9,168,0,0,0,0,0,0
7211,M12155,M,300.5,311.8,1594,23.9,171,0,0,0,0,0,0
7212,M12156,M,300.5,311.9,1585,39.1,174,0,0,0,0,0,0
7213,M12157,M,300.6,311.9,1669,32.0,177,0,0,0,0,0,0
7214,M12158,M,300.6,311.9,1695,17.2,180,1,0,0,1,0,0
7215,H71401,H,300.6,312.0,1586,54.8,15,1,0,0,1,0,0
7216,L53657,L,300.6,311.9,1562,27.4,17,0,0,0,0,0,0
7217,M12159,M,300.6,311.9,1649,36.4,20,0,0,0,0,0,0
7218,M12160,M,300.6,311.9,1638,38.7,23,0,0,0,0,0,0
7219,L53658,L,300.6,312.0,1544,35.3,25,0,0,0,0,0,0
7220,L53659,L,300.6,311.9,1646,44.6,27,0,0,0,0,0,0
7221,L53660,L,300.5,311.9,1493,32.6,29,0,0,0,0,0,0
7222,L53661,L,300.5,311.9,1568,43.8,31,0,0,0,0,0,0
7223,M12161,M,300.6,311.9,1704,43.2,34,0,0,0,0,0,0
7224,L53662,L,300.6,311.9,1521,26.2,36,0,0,0,0,0,0
7225,M12162,M,300.6,312.0,1698,42.4,39,0,0,0,0,0,0
7226,L53663,L,300.6,312.0,1600,29.5,41,0,0,0,0,0,0
7227,L53664,L,300.6,312.0,1657,28.3,43,0,0,0,0,0,0
7228,L53665,L,300.6,312.0,1761,42.9,45,0,0,0,0,0,0
7229,L53666,L,300.7,312.1,1615,35.9,47,0,0,0,0,0,0
7230,H71402,H,300.7,312.0,1776,43.7,52,0,0,0,0,0,0
7231,L53667,L,300.7,312.0,1603,43.8,54,0,0,0,0,0,0
7232,L53668,L,300.7,312.0,1717,25.7,56,0,0,0,0,0,0
7233,L53669,L,300.7,312.1,1687,47.4,58,0,0,0,0,0,0
7234,L53670,L,300.7,312.1,1684,42.9,60,0,0,0,0,0,0
7235,M12163,M,300.7,312.1,1694,34.1,63,0,0,0,0,0,0
7236,M12164,M,300.7,312.1,1615,38.6,66,0,0,0,0,0,0
7237,L53671,L,300.7,312.1,1470,47.7,68,0,0,0,0,0,0
7238,M12165,M,300.7,312.1,1531,36.8,71,0,0,0,0,0,0
7239,L53672,L,300.8,312.1,1658,61.2,73,1,0,0,1,0,0
7240,H71403,H,300.8,312.2,1725,54.9,78,1,0,0,1,0,0
7241,M12166,M,300.8,312.2,1656,41.2,81,0,0,0,0,0,0
7242,L53673,L,300.8,312.2,1502,37.7,83,0,0,0,0,0,0
7243,M12167,M,300.8,312.2,1590,38.2,86,0,0,0,0,0,0
7244,H71404,H,300.9,312.3,1607,34.0,91,0,0,0,0,0,0
7245,L53674,L,300.9,312.3,1593,41.3,93,0,0,0,0,0,0
7246,H71405,H,300.9,312.3,1535,46.9,98,0,0,0,0,0,0
7247,H71406,H,300.9,312.2,1767,26.5,103,0,0,0,0,0,0
7248,L53675,L,300.8,312.2,1639,46.4,105,0,0,0,0,0,0
7249,M12168,M,300.8,312.2,1744,49.3,108,1,0,0,1,0,0
7250,M12169,M,300.8,312.3,1585,45.7,111,0,0,0,0,0,0
7251,M12170,M,300.8,312.3,1675,38.7,114,0,0,0,0,0,0
7252,M12171,M,300.9,312.3,1689,45.3,117,0,0,0,0,0,0
7253,H71407,H,300.9,312.4,1674,53.0,122,1,0,0,1,0,0
7254,M12172,M,301.0,312.4,1542,39.4,125,0,0,0,0,0,0
7255,M12173,M,301.0,312.4,1685,40.2,128,0,0,0,0,0,0
7256,L53676,L,301.0,312.4,1552,61.3,130,1,0,0,1,0,0
7257,L53677,L,300.9,312.4,1661,43.1,132,0,0,0,0,0,0
7258,H71408,H,300.9,312.3,1708,29.9,137,0,0,0,0,0,0
7259,M12174,M,300.9,312.3,1759,48.7,140,0,0,0,0,0,0
7260,L53678,L,300.9,312.3,1549,44.0,142,0,0,0,0,0,0
7261,H71409,H,301.0,312.4,1599,33.4,147,0,0,0,0,0,0
7262,H71410,H,301.0,312.4,1634,29.0,152,0,0,0,0,0,0
7263,M12175,M,301.0,312.4,1611,42.4,155,0,0,0,0,0,0
7264,L53679,L,301.0,312.4,1680,39.4,157,0,0,0,0,0,0
7265,M12176,M,300.9,312.3,1674,27.6,160,0,0,0,0,0,0
7266,L53680,L,300.9,312.3,1745,39.1,162,0,0,0,0,0,0
7267,L53681,L,300.9,312.2,1658,38.5,164,0,0,0,0,0,0
7268,M12177,M,301.0,312.3,1645,39.4,167,0,0,0,0,0,0
7269,H71411,H,300.9,312.2,1505,44.9,172,0,0,0,0,0,0
7270,L53682,L,300.9,312.2,1906,22.4,174,0,0,0,0,0,0
7271,H71412,H,300.8,309.2,1704,28.9,179,0,0,0,0,0,0
7272,H71413,H,300.9,312.2,1823,35.1,184,0,0,0,0,0,0
7273,L53683,L,300.9,312.2,1525,53.3,186,0,0,0,0,0,0
7274,L53684,L,300.8,312.2,1602,63.7,188,1,0,0,1,1,0
7275,M12178,M,300.8,312.1,1599,40.0,191,0,0,0,0,0,0
7276,M12179,M,300.8,312.1,1811,40.5,194,0,0,0,0,0,0
7277,L53685,L,300.8,312.1,1878,15.6,196,1,0,0,1,0,0
7278,M12180,M,300.8,312.1,1679,49.0,199,0,0,0,0,0,0
7279,M12181,M,300.9,312.2,1561,44.5,202,0,0,0,0,0,0
7280,M12182,M,300.9,312.2,1807,42.8,205,0,0,0,0,0,0
7281,M12183,M,300.9,312.2,1898,27.5,208,0,0,0,0,0,0
7282,L53686,L,300.9,312.2,1513,59.8,210,1,0,0,1,1,0
7283,L53687,L,300.8,312.2,1585,55.2,212,1,1,0,1,1,0
7284,L53688,L,300.8,312.2,1718,42.9,214,0,0,0,0,0,0
7285,H71414,H,300.9,312.3,1421,49.9,219,0,0,0,0,0,0
7286,H71415,H,300.9,312.3,1750,40.5,224,0,0,0,0,0,0
7287,M12184,M,300.9,312.3,1699,48.2,227,1,1,0,0,0,0
7288,L53689,L,300.9,312.2,1667,26.9,229,0,0,0,0,0,0
7289,M12185,M,300.8,312.2,1571,17.3,232,1,0,0,1,0,0
7290,L53690,L,300.8,312.2,1746,27.3,234,0,0,0,0,0,0
7291,L53691,L,300.9,312.2,1590,31.9,236,1,1,0,0,0,0
7292,L53692,L,300.9,312.2,1541,33.6,238,1,1,0,0,0,0
7293,H71416,H,300.9,312.3,1660,44.5,243,0,0,0,0,0,0
7294,L53693,L,300.9,312.3,1432,37.4,245,0,0,0,0,0,0
7295,M12186,M,300.8,312.2,1632,39.7,248,0,0,0,0,0,0
7296,H71417,H,300.8,312.2,1818,28.2,253,0,0,0,0,0,0
7297,M12187,M,300.8,312.2,1776,27.3,13,0,0,0,0,0,0
7298,L53694,L,300.8,312.2,1524,40.4,15,0,0,0,0,0,0
7299,H71418,H,300.8,312.2,1628,34.6,20,0,0,0,0,0,0
7300,M12188,M,300.8,312.2,1747,40.0,23,0,0,0,0,0,0
7301,L53695,L,300.8,312.2,1571,45.4,25,0,0,0,0,0,0
7302,M12189,M,300.8,312.2,1638,56.4,28,1,0,0,1,0,0
7303,H71419,H,300.8,312.2,1614,39.8,33,0,0,0,0,0,0
7304,L53696,L,300.8,312.2,1621,58.1,35,1,0,0,1,0,0
7305,M12190,M,300.8,312.2,1667,44.1,38,0,0,0,0,0,0
7306,L53697,L,300.8,312.2,1592,46.9,40,0,0,0,0,0,0
7307,L53698,L,300.8,312.2,1658,50.5,42,0,0,0,0,0,0
7308,M12191,M,300.8,312.2,1418,47.2,45,0,0,0,0,0,0
7309,L53699,L,300.9,312.3,1594,32.0,47,0,0,0,0,0,0
7310,L53700,L,300.9,312.3,1552,50.8,49,0,0,0,0,0,0
7311,L53701,L,300.9,312.3,1775,36.3,51,0,0,0,0,0,0
7312,L53702,L,300.8,312.2,1504,43.0,53,0,0,0,0,0,0
7313,L53703,L,300.9,312.3,1640,41.3,55,0,0,0,0,0,0
7314,M12192,M,300.9,312.3,1619,51.4,58,0,0,0,0,0,0
7315,L53704,L,300.9,312.3,1652,43.9,60,0,0,0,0,0,0
7316,L53705,L,300.9,312.3,1713,26.1,62,0,0,0,0,0,0
7317,H71420,H,300.9,312.2,1485,60.9,67,1,0,0,1,0,0
7318,H71421,H,300.9,312.3,1584,48.3,72,0,0,0,0,0,0
7319,L53706,L,300.9,312.3,1766,34.5,74,0,0,0,0,0,0
7320,L53707,L,300.9,312.3,1647,28.6,76,0,0,0,0,0,0
7321,L53708,L,300.9,312.3,1406,49.5,78,0,0,0,0,0,0
7322,L53709,L,300.9,312.3,1745,29.8,80,0,0,0,0,0,0
7323,L53710,L,300.9,312.3,1743,48.0,82,0,0,0,0,0,0
7324,H71422,H,301.0,312.3,1500,50.7,87,0,0,0,0,0,0
7325,M12193,M,300.9,312.3,1806,33.5,90,0,0,0,0,0,0
7326,L53711,L,300.9,312.3,1735,32.6,92,0,0,0,0,0,0
7327,H71423,H,300.9,312.3,1570,35.3,97,0,0,0,0,0,0
7328,L53712,L,300.9,312.3,1638,30.1,99,0,0,0,0,0,0
7329,L53713,L,301.0,312.4,1571,42.3,101,0,0,0,0,0,0
7330,L53714,L,301.0,312.4,1646,43.7,103,0,0,0,0,0,0
7331,L53715,L,301.0,312.5,1596,47.3,105,0,0,0,0,0,0
7332,H71424,H,301.0,312.5,1793,31.7,110,0,0,0,0,0,0
7333,L53716,L,301.0,312.5,1683,48.4,112,0,0,0,0,0,0
7334,M12194,M,301.0,312.5,1562,30.1,115,0,0,0,0,0,0
7335,L53717,L,301.0,312.5,1479,48.4,117,0,0,0,0,0,0
7336,H71425,H,301.1,312.5,1783,25.1,122,0,0,0,0,0,0
7337,M12195,M,301.1,312.5,1522,55.7,125,0,0,0,0,0,0
7338,L53718,L,301.1,312.5,1661,34.8,127,0,0,0,0,0,0
7339,L53719,L,301.1,312.5,1668,46.0,129,0,0,0,0,0,0
7340,H71426,H,301.1,309.5,1692,46.8,134,1,0,0,0,0,1
7341,M12196,M,301.1,312.5,1605,27.3,137,0,0,0,0,0,0
7342,L53720,L,301.1,312.5,1407,48.4,139,0,0,0,0,0,0
7343,H71427,H,301.2,312.6,1668,34.5,144,0,0,0,0,0,0
7344,L53721,L,301.1,312.6,1589,36.9,146,0,0,0,0,0,0
7345,L53722,L,301.1,312.6,1691,33.3,148,0,0,0,0,0,0
7346,M12197,M,301.1,312.6,1558,56.1,151,1,0,0,1,0,0
7347,L53723,L,301.1,312.5,1623,28.3,153,0,0,0,0,0,0
7348,L53724,L,301.1,312.5,1815,44.3,155,0,0,0,0,0,0
7349,L53725,L,301.1,312.5,1684,33.8,157,0,0,0,0,0,0
7350,L53726,L,301.0,312.5,1542,50.9,159,0,0,0,0,0,0
7351,L53727,L,301.0,309.3,1538,63.2,161,1,0,0,1,0,0
7352,L53728,L,301.0,312.4,1730,33.7,163,0,0,0,0,0,0
7353,H71428,H,301.0,312.4,1586,41.4,168,0,0,0,0,0,0
7354,M12198,M,301.0,312.4,1879,36.1,171,0,0,0,0,0,0
7355,L53729,L,301.0,312.4,1459,50.4,173,0,0,0,0,0,0
7356,L53730,L,301.0,312.4,1532,37.5,175,0,0,0,0,0,0
7357,M12199,M,301.1,312.5,1459,49.1,8,0,0,0,0,0,0
7358,L53731,L,301.0,312.5,1671,36.0,10,0,0,0,0,0,0
7359,L53732,L,301.1,312.5,1576,62.4,12,1,0,0,1,0,0
7360,M12200,M,301.1,312.6,1734,18.1,15,1,0,0,1,0,0
7361,L53733,L,301.1,312.6,1673,43.8,17,0,0,0,0,0,0
7362,M12201,M,301.1,312.6,1692,39.9,20,0,0,0,0,0,0
7363,H71429,H,301.1,312.6,1620,39.5,25,0,0,0,0,0,0
7364,H71430,H,301.1,312.6,1674,42.9,30,0,0,0,0,0,0
7365,L53734,L,301.1,312.6,1629,40.6,32,0,0,0,0,0,0
7366,L53735,L,301.1,312.6,1602,42.2,34,0,0,0,0,0,0
7367,L53736,L,301.1,312.6,1584,44.1,36,0,0,0,0,0,0
7368,M12202,M,301.0,312.5,1580,57.5,39,1,0,0,1,0,0
7369,H71431,H,301.1,312.5,1903,12.3,44,1,0,0,1,0,0
7370,H71432,H,301.1,312.6,1445,58.5,49,0,0,0,0,0,0
7371,L53737,L,301.1,312.6,1474,65.6,51,1,0,0,1,0,0
7372,H71433,H,301.2,312.6,1756,22.5,56,0,0,0,0,0,0
7373,M12203,M,301.2,312.7,1806,40.5,59,0,0,0,0,0,0
7374,H71434,H,301.1,312.6,1618,53.7,64,1,0,0,1,0,0
7375,M12204,M,301.2,312.7,1529,49.2,67,0,0,0,0,0,0
7376,L53738,L,301.2,312.6,1480,56.8,69,0,0,0,0,0,0
7377,L53739,L,301.2,312.7,1719,43.7,71,0,0,0,0,0,0
7378,H71435,H,301.2,312.7,1727,19.7,76,0,0,0,0,0,0
7379,L53740,L,301.3,312.7,1471,53.0,78,0,0,0,0,0,0
7380,L53741,L,301.3,312.7,1708,46.4,80,0,0,0,0,0,0
7381,L53742,L,301.3,312.8,1601,54.7,82,1,0,0,1,0,0
7382,L53743,L,301.3,312.8,1622,24.7,84,0,0,0,0,0,0
7383,H71436,H,301.4,312.8,1593,27.8,89,0,0,0,0,0,0
7384,L53744,L,301.4,312.9,1454,40.2,91,0,0,0,0,0,0
7385,L53745,L,301.4,312.9,1525,53.3,93,0,0,0,0,0,0
7386,M12205,M,301.4,312.9,1594,56.1,96,1,0,0,1,0,0
7387,M12206,M,301.4,312.9,1774,32.7,99,0,0,0,0,0,0
7388,L53746,L,301.3,312.8,1709,35.9,101,0,0,0,0,0,0
7389,L53747,L,301.3,312.8,1383,68.7,103,1,0,0,1,0,0
7390,L53748,L,301.3,312.8,1653,34.5,105,0,0,0,0,0,0
7391,L53749,L,301.3,312.8,1744,46.8,1,0,0,0,0,0,0
7392,L53750,L,301.4,312.8,1627,35.5,3,0,0,0,0,0,0
7393,L53751,L,301.4,312.9,1695,44.7,5,0,0,0,0,0,0
7394,M12207,M,301.4,312.9,1753,31.3,8,0,0,0,0,0,0
7395,H71437,H,301.3,312.8,1762,31.6,13,0,0,0,0,0,0
7396,H71438,H,301.4,312.9,1708,36.3,18,0,0,0,0,0,0
7397,L53752,L,301.4,312.9,1746,34.5,20,0,0,0,0,0,0
7398,L53753,L,301.4,312.9,1532,37.0,22,0,0,0,0,0,0
7399,H71439,H,301.4,312.9,1759,45.3,27,0,0,0,0,0,0
7400,M12208,M,301.4,309.7,1389,58.9,30,0,0,0,0,0,0
7401,M12209,M,301.4,313.0,1709,34.1,33,0,0,0,0,0,0
7402,L53754,L,301.4,312.9,1697,30.1,35,0,0,0,0,0,0
7403,L53755,L,301.4,312.9,1593,40.1,37,0,0,0,0,0,0
7404,M12210,M,301.3,312.8,1607,31.5,40,0,0,0,0,0,0
7405,M12211,M,301.3,312.8,1785,23.6,43,0,0,0,0,0,0
7406,L53756,L,301.2,312.8,1667,50.6,45,0,0,0,0,0,0
7407,H71440,H,301.2,312.7,1637,40.8,50,0,0,0,0,0,0
7408,M12212,M,301.2,312.7,1615,41.8,53,0,0,0,0,0,0
7409,M12213,M,301.2,312.7,1866,20.7,56,0,0,0,0,0,0
7410,L53757,L,301.2,312.7,1642,34.2,58,0,0,0,0,0,0
7411,M12214,M,301.2,312.7,1720,25.8,61,0,0,0,0,0,0
7412,M12215,M,301.2,312.7,1633,39.8,64,0,0,0,0,0,0
7413,L53758,L,301.2,312.7,1865,41.3,66,0,0,0,0,0,0
7414,M12216,M,301.1,312.6,1567,41.3,69,0,0,0,0,0,0
7415,M12217,M,301.1,312.6,1760,33.3,72,0,0,0,0,0,0
7416,H71441,H,301.1,312.6,1541,31.5,77,0,0,0,0,0,0
7417,L53759,L,301.1,312.6,1574,38.1,79,0,0,0,0,0,0
7418,H71442,H,301.1,312.6,1604,43.6,84,0,0,0,0,0,0
7419,L53760,L,301.1,312.6,1668,34.2,86,0,0,0,0,0,0
7420,L53761,L,301.1,312.6,1674,30.6,88,0,0,0,0,0,0
7421,L53762,L,301.1,312.6,1688,31.1,90,0,0,0,0,0,0
7422,L53763,L,301.2,312.7,1622,33.4,3,0,0,0,0,0,0
7423,L53764,L,301.1,312.6,1789,35.5,5,0,0,0,0,0,0
7424,L53765,L,301.1,312.6,1617,29.0,7,0,0,0,0,0,0
7425,M12218,M,301.1,312.6,1740,35.5,10,0,0,0,0,0,0
7426,L53766,L,301.1,312.7,1647,52.4,12,1,0,0,1,0,0
7427,H71443,H,301.2,312.7,1580,37.1,17,0,0,0,0,0,0
7428,L53767,L,301.3,312.8,1681,27.6,19,0,0,0,0,0,0
7429,M12219,M,301.3,312.8,1767,17.4,22,1,0,0,1,0,0
7430,H71444,H,301.3,312.8,1705,58.4,27,1,0,0,1,0,0
7431,H71445,H,301.2,312.7,1558,51.4,32,0,0,0,0,0,0
7432,M12220,M,301.2,312.7,1961,42.8,35,0,0,0,0,0,0
7433,M12221,M,301.2,312.7,1309,51.6,38,0,0,0,0,0,0
7434,L53768,L,301.2,309.2,1653,45.3,40,0,0,0,0,0,0
7435,L53769,L,301.1,312.7,1734,39.2,42,0,0,0,0,0,0
7436,L53770,L,301.2,312.7,1560,27.6,44,0,0,0,0,0,0
7437,L53771,L,301.2,312.7,1656,59.1,46,1,0,0,1,0,0
7438,L53772,L,301.2,309.4,1554,35.6,48,0,0,0,0,0,0
7439,L53773,L,301.2,312.7,1748,36.2,50,0,0,0,0,0,0
7440,H71446,H,301.3,312.8,1595,40.4,55,0,0,0,0,0,0
7441,H71447,H,301.3,312.7,1575,40.5,60,0,0,0,0,0,0
7442,H71448,H,301.3,312.8,1780,45.7,65,0,0,0,0,0,0
7443,M12222,M,301.3,312.8,2037,44.6,68,1,0,0,1,0,0
7444,L53774,L,301.3,312.8,1542,34.2,70,0,0,0,0,0,0
7445,L53775,L,301.3,312.8,1736,40.3,72,0,0,0,0,0,0
7446,M12223,M,301.3,312.8,1512,45.4,75,0,0,0,0,0,0
7447,M12224,M,301.3,312.7,1807,33.4,78,0,0,0,0,0,0
7448,L53776,L,301.2,312.7,1573,54.5,80,0,0,0,0,0,0
7449,L53777,L,301.3,312.7,1536,39.8,82,0,0,0,0,0,0
7450,L53778,L,301.3,312.7,1641,56.0,84,1,0,0,1,0,0
7451,L53779,L,301.3,312.7,1769,26.1,86,0,0,0,0,0,0
7452,L53780,L,301.2,312.7,1425,46.5,88,0,0,0,0,0,0
7453,L53781,L,301.3,312.7,1691,31.1,90,0,0,0,0,0,0
7454,M12225,M,301.3,312.7,1710,33.7,93,0,0,0,0,0,0
7455,H71449,H,301.2,312.7,1625,49.0,98,0,0,0,0,0,0
7456,M12226,M,301.3,312.7,1645,37.7,4,0,0,0,0,0,0
7457,M12227,M,301.3,312.7,1582,66.0,7,1,0,0,1,0,0
7458,H71450,H,301.3,312.7,1674,45.2,12,0,0,0,0,0,0
7459,L53782,L,301.3,312.8,1689,33.0,14,0,0,0,0,0,0
7460,M12228,M,301.4,312.8,1602,45.2,17,0,0,0,0,0,0
7461,L53783,L,301.4,312.9,1676,37.6,19,0,0,0,0,0,0
7462,M12229,M,301.4,312.9,1972,48.3,22,1,0,0,1,0,0
7463,L53784,L,301.4,312.8,1573,37.0,24,0,0,0,0,0,0
7464,H71451,H,301.3,312.7,1528,44.1,29,0,0,0,0,0,0
7465,H71452,H,301.3,312.8,1631,42.0,34,0,0,0,0,0,0
7466,L53785,L,301.4,312.8,1569,40.8,36,0,0,0,0,0,0
7467,L53786,L,301.3,312.8,1582,50.4,38,0,0,0,0,0,0
7468,L53787,L,301.3,309.8,1863,22.0,40,0,0,0,0,0,0
7469,M12230,M,301.3,312.8,1626,41.0,43,0,0,0,0,0,0
7470,M12231,M,301.3,312.7,1699,33.0,46,0,0,0,0,0,0
7471,L53788,L,301.3,312.8,1700,26.5,48,0,0,0,0,0,0
7472,H71453,H,301.3,312.8,1811,31.6,53,0,0,0,0,0,0
7473,L53789,L,301.3,312.8,1831,33.8,55,0,0,0,0,0,0
7474,L53790,L,301.4,312.8,1620,37.6,57,0,0,0,0,0,0
7475,L53791,L,301.4,312.8,1698,43.4,59,0,0,0,0,0,0
7476,M12232,M,301.4,312.8,1810,45.4,62,0,0,0,0,0,0
7477,L53792,L,301.4,312.8,1567,35.9,64,0,0,0,0,0,0
7478,L53793,L,301.3,312.8,1656,55.8,66,1,0,0,1,0,0
7479,L53794,L,301.4,312.8,1513,36.3,68,0,0,0,0,0,0
7480,H71454,H,301.4,312.8,1754,20.5,73,0,0,0,0,0,0
7481,M12233,M,301.4,312.8,1655,36.6,76,0,0,0,0,0,0
7482,H71455,H,301.4,312.8,1494,40.5,81,0,0,0,0,0,0
7483,M12234,M,301.4,312.8,1918,7.3,84,1,0,0,1,0,0
7484,M12235,M,301.3,312.8,1601,52.1,87,0,0,0,0,0,0
7485,L53795,L,301.3,312.8,1572,39.0,89,0,0,0,0,0,0
7486,M12236,M,301.3,312.8,1739,28.5,92,0,0,0,0,0,0
7487,L53796,L,301.4,312.8,1781,30.4,94,0,0,0,0,0,0
7488,L53797,L,301.4,312.9,1451,47.6,96,0,0,0,0,0,0
7489,L53798,L,301.4,312.9,1321,48.8,98,0,0,0,0,0,0
7490,L53799,L,301.4,312.9,1680,33.5,100,0,0,0,0,0,0
7491,H71456,H,301.4,312.9,1651,26.4,105,0,0,0,0,0,0
7492,H71457,H,301.5,313.0,1764,41.3,110,0,0,0,0,0,0
7493,M12237,M,301.5,313.0,1600,43.1,113,0,0,0,0,0,0
7494,L53800,L,301.5,313.0,1648,45.7,115,0,0,0,0,0,0
7495,H71458,H,301.5,313.0,1662,34.4,120,0,0,0,0,0,0
7496,M12238,M,301.5,313.0,1517,38.8,123,0,0,0,0,0,0
7497,L53801,L,301.5,313.0,1652,40.2,125,0,0,0,0,0,0
7498,M12239,M,301.6,313.0,1480,49.7,128,0,0,0,0,0,0
7499,M12240,M,301.6,313.0,1457,53.3,131,0,0,0,0,0,0
7500,L53802,L,301.5,313.0,1468,56.0,133,0,0,0,0,0,0
7501,M12241,M,301.5,313.0,1476,53.0,136,0,0,0,0,0,0
7502,M12242,M,301.5,313.0,1537,58.1,139,1,0,0,1,0,0
7503,L53803,L,301.6,313.0,1562,50.1,141,0,0,0,0,0,0
7504,L53804,L,301.6,313.0,1706,34.1,143,0,0,0,0,0,0
7505,M12243,M,301.6,313.0,1429,55.3,146,0,0,0,0,0,0
7506,M12244,M,301.5,313.0,1699,26.2,149,0,0,0,0,0,0
7507,H71459,H,301.5,313.0,1484,63.6,154,1,0,0,1,0,0
7508,H71460,H,301.5,313.0,1719,30.2,159,0,0,0,0,0,0
7509,M12245,M,301.5,313.0,1626,48.9,162,0,0,0,0,0,0
7510,M12246,M,301.5,313.0,1589,54.4,165,1,0,0,1,0,0
7511,M12247,M,301.5,313.0,1537,44.6,168,0,0,0,0,0,0
7512,M12248,M,301.6,313.0,1759,19.5,171,0,0,0,0,0,0
7513,L53805,L,301.5,313.0,1653,30.5,173,0,0,0,0,0,0
7514,M12249,M,301.5,312.9,1750,43.6,176,0,0,0,0,0,0
7515,M12250,M,301.5,313.0,1627,46.4,179,0,0,0,0,0,0
7516,M12251,M,301.6,313.1,1666,38.2,182,0,0,0,0,0,0
7517,H71461,H,301.6,313.1,1531,40.7,187,0,0,0,0,0,0
7518,M12252,M,301.6,313.1,1673,25.3,190,0,0,0,0,0,0
7519,L53806,L,301.6,313.1,1581,57.7,192,1,0,0,1,1,0
7520,L53807,L,301.6,313.1,1663,36.2,194,0,0,0,0,0,0
7521,L53808,L,301.6,313.1,1601,47.9,196,0,0,0,0,0,0
7522,L53809,L,301.5,313.0,1419,54.0,198,0,0,0,0,0,0
7523,L53810,L,301.4,313.0,1637,28.4,200,0,0,0,0,0,0
7524,L53811,L,301.5,313.0,1619,41.3,202,1,1,0,0,0,0
7525,L53812,L,301.6,313.1,1744,42.8,204,1,1,0,0,0,0
7526,L53813,L,301.6,313.1,1493,37.4,206,0,0,0,0,0,0
7527,M12253,M,301.5,313.1,1508,49.3,209,0,0,0,0,0,0
7528,M12254,M,301.5,313.1,1514,33.3,212,1,1,0,0,0,0
7529,L53814,L,301.6,313.1,1676,40.5,214,0,0,0,0,0,0
7530,L53815,L,301.6,313.1,1776,36.3,216,1,1,0,0,0,0
7531,L53816,L,301.5,313.0,1562,63.3,218,1,1,0,1,1,0
7532,L53817,L,301.6,313.1,1736,33.4,220,0,0,0,0,0,0
7533,L53818,L,301.6,313.1,1518,47.4,222,0,0,0,0,0,0
7534,L53819,L,301.6,313.1,1590,58.0,224,1,0,0,1,1,0
7535,L53820,L,301.6,313.1,1628,30.8,226,1,1,0,0,0,0
7536,H71462,H,301.6,313.1,1650,41.0,231,0,0,0,0,0,0
7537,M12255,M,301.7,313.2,1747,30.1,234,0,0,0,0,0,0
7538,H71463,H,301.7,313.2,1728,19.9,239,1,1,0,0,0,0
7539,L53821,L,301.7,313.2,1765,32.1,241,0,0,0,0,0,0
7540,L53822,L,301.7,313.2,1665,34.3,243,0,0,0,0,0,0
7541,H71464,H,301.7,313.2,1701,34.9,248,0,0,0,0,0,0
7542,L53823,L,301.7,313.3,1836,37.0,250,0,0,0,0,0,0
7543,M12256,M,301.7,313.3,1694,40.1,253,0,0,0,0,0,0
7544,H71465,H,301.7,313.3,1645,28.0,17,0,0,0,0,0,0
7545,M12257,M,301.8,313.4,1588,43.5,20,0,0,0,0,0,0
7546,L53824,L,301.7,313.3,1665,52.1,22,1,0,0,1,0,0
7547,M12258,M,301.7,313.3,1675,53.3,25,1,0,0,1,0,0
7548,L53825,L,301.7,313.3,1660,37.4,27,0,0,0,0,0,0
7549,L53826,L,301.7,313.3,1466,48.9,29,0,0,0,0,0,0
7550,L53827,L,301.7,313.2,1600,33.2,31,0,0,0,0,0,0
7551,H71466,H,301.7,313.3,1684,36.6,36,0,0,0,0,0,0
7552,M12259,M,301.7,313.2,1682,44.0,39,0,0,0,0,0,0
7553,L53828,L,301.6,313.2,1758,36.7,41,0,0,0,0,0,0
7554,L53829,L,301.6,313.2,1533,27.4,43,0,0,0,0,0,0
7555,M12260,M,301.6,313.2,1685,48.3,46,0,0,0,0,0,0
7556,H71467,H,301.6,313.2,1822,31.7,51,0,0,0,0,0,0
7557,L53830,L,301.6,313.2,1462,34.8,53,0,0,0,0,0,0
7558,L53831,L,301.7,313.2,1244,50.6,55,0,0,0,0,0,0
7559,H71468,H,301.7,313.2,1690,45.4,60,0,0,0,0,0,0
7560,H71469,H,301.6,313.2,1514,41.8,65,0,0,0,0,0,0
7561,H71470,H,301.6,313.1,1681,25.3,70,0,0,0,0,0,0
7562,L53832,L,301.6,313.1,1761,28.4,72,0,0,0,0,0,0
7563,L53833,L,301.6,313.1,1582,44.0,74,0,0,0,0,0,0
7564,L53834,L,301.6,313.1,1585,46.3,76,0,0,0,0,0,0
7565,L53835,L,301.6,313.1,1657,42.5,78,0,0,0,0,0,0
7566,H71471,H,301.6,313.2,1569,35.3,83,0,0,0,0,0,0
7567,L53836,L,301.6,313.2,1580,34.9,85,0,0,0,0,0,0
7568,M12261,M,301.7,313.2,1681,42.2,88,0,0,0,0,0,0
7569,H71472,H,301.7,313.3,1800,27.5,93,0,0,0,0,0,0
7570,H71473,H,301.7,313.2,1681,40.9,98,0,0,0,0,0,0
7571,M12262,M,301.7,313.2,1845,26.1,101,0,0,0,0,0,0
7572,H71474,H,301.7,313.2,1743,29.5,106,0,0,0,0,0,0
7573,L53837,L,301.6,313.1,1807,41.8,108,0,0,0,0,0,0
7574,L53838,L,301.6,313.1,1626,45.8,110,0,0,0,0,0,0
7575,L53839,L,301.6,313.1,1655,43.4,112,0,0,0,0,0,0
7576,H71475,H,301.6,313.1,1744,28.9,117,0,0,0,0,0,0
7577,H71476,H,301.6,313.1,1341,21.3,122,1,0,0,1,0,0
7578,L53840,L,301.6,313.1,1581,39.9,124,0,0,0,0,0,0
7579,L53841,L,301.5,313.0,1668,21.0,126,0,0,0,0,0,0
7580,L53842,L,301.6,313.1,1551,49.4,128,0,0,0,0,0,0
7581,L53843,L,301.6,313.1,1893,29.2,130,0,0,0,0,0,0
7582,H71477,H,301.6,313.1,1698,62.3,135,1,0,0,1,0,0
7583,L53844,L,301.5,313.0,1671,30.4,137,0,0,0,0,0,0
7584,M12263,M,301.6,313.1,1588,44.6,140,0,0,0,0,0,0
7585,M12264,M,301.6,313.1,1495,32.6,143,0,0,0,0,0,0
7586,L53845,L,301.6,313.1,1569,38.3,145,0,0,0,0,0,0
7587,L53846,L,301.6,313.2,1568,41.8,147,0,0,0,0,0,0
7588,H71478,H,301.6,313.2,1566,48.6,152,0,0,0,0,0,0
7589,M12265,M,301.6,313.1,1546,50.2,155,0,0,0,0,0,0
7590,L53847,L,301.6,313.1,1632,47.3,157,0,0,0,0,0,0
7591,L53848,L,301.6,313.1,1666,50.4,159,0,0,0,0,0,0
7592,H71479,H,301.5,313.0,1617,33.8,164,0,0,0,0,0,0
7593,H71480,H,301.5,313.1,1746,46.5,169,0,0,0,0,0,0
7594,H71481,H,301.5,313.1,1699,36.6,174,0,0,0,0,0,0
7595,M12266,M,301.5,313.1,1679,49.9,177,0,0,0,0,0,0
7596,H71482,H,301.6,313.1,1604,41.2,182,0,0,0,0,0,0
7597,L53849,L,301.6,313.1,1667,46.2,184,0,0,0,0,0,0
7598,M12267,M,301.5,313.0,1676,42.9,187,0,0,0,0,0,0
7599,L53850,L,301.5,313.0,1393,47.6,189,0,0,0,0,0,0
7600,M12268,M,301.5,313.0,1751,31.9,192,0,0,0,0,0,0
7601,H71483,H,301.5,313.0,1809,24.3,197,0,0,0,0,0,0
7602,H71484,H,301.5,313.0,1551,49.9,202,0,0,0,0,0,0
7603,M12269,M,301.4,312.9,1688,53.4,205,1,1,0,1,0,0
7604,M12270,M,301.4,309.6,1541,38.8,208,0,0,0,0,0,0
7605,H71485,H,301.5,313.0,1556,48.1,213,0,0,0,0,0,0
7606,H71486,H,301.5,313.0,1760,23.7,218,0,0,0,0,0,0
7607,M12271,M,301.4,312.9,1579,33.8,221,0,0,0,0,0,0
7608,L53851,L,301.5,313.0,1563,40.8,223,0,0,0,0,0,0
7609,L53852,L,301.5,313.0,1657,22.6,225,0,0,0,0,0,0
7610,H71487,H,301.6,313.1,1764,24.7,230,0,0,0,0,0,0
7611,M12272,M,301.6,313.1,1627,41.6,233,1,1,0,0,0,0
7612,M12273,M,301.6,313.1,1768,33.9,236,0,0,0,0,0,0
7613,M12274,M,301.6,313.1,1837,36.5,239,0,0,0,0,0,0
7614,L53853,L,301.7,313.2,1695,35.9,241,0,0,0,0,0,0
7615,L53854,L,301.7,313.2,1671,27.2,243,0,0,0,0,0,0
7616,H71488,H,301.7,313.2,1694,37.8,248,0,0,0,0,0,0
7617,L53855,L,301.7,313.2,1570,39.9,250,0,0,0,0,0,0
7618,M12275,M,301.7,313.2,1675,34.2,253,0,0,0,0,0,0
7619,M12276,M,301.6,313.1,1898,35.0,1,0,0,0,0,0,0
7620,H71489,H,301.6,313.1,1642,38.0,6,0,0,0,0,0,0
7621,L53856,L,301.6,313.1,1635,48.2,8,0,0,0,0,0,0
7622,M12277,M,301.5,313.1,1640,39.1,11,0,0,0,0,0,0
7623,L53857,L,301.5,313.1,1713,20.7,13,0,0,0,0,0,0
7624,L53858,L,301.5,313.0,1755,28.1,15,0,0,0,0,0,0
7625,L53859,L,301.5,313.1,1487,49.3,17,0,0,0,0,0,0
7626,L53860,L,301.5,313.1,1671,33.1,19,0,0,0,0,0,0
7627,H71490,H,301.5,313.1,1532,39.1,24,0,0,0,0,0,0
7628,H71491,H,301.5,313.1,1689,59.2,29,1,0,0,1,0,0
7629,L53861,L,301.5,313.1,1706,46.3,31,0,0,0,0,0,0
7630,H71492,H,301.6,313.2,1693,18.5,36,1,0,0,1,0,0
7631,M12278,M,301.5,313.1,1408,54.4,39,0,0,0,0,0,0
7632,M12279,M,301.6,313.2,1686,41.5,42,0,0,0,0,0,0
7633,H71493,H,301.6,313.2,1627,43.7,47,0,0,0,0,0,0
7634,M12280,M,301.6,309.9,1836,43.0,50,0,0,0,0,0,0
7635,L53862,L,301.6,313.2,1729,49.1,52,0,0,0,0,0,0
7636,L53863,L,301.6,313.2,1711,39.2,54,0,0,0,0,0,0
7637,L53864,L,301.6,313.2,1680,25.2,56,0,0,0,0,0,0
7638,H71494,H,301.7,313.2,1610,43.2,61,0,0,0,0,0,0
7639,M12281,M,301.6,313.2,1749,26.2,64,0,0,0,0,0,0
7640,L53865,L,301.6,313.2,1587,58.2,66,1,0,0,1,0,0
7641,L53866,L,301.6,313.2,1605,36.4,68,0,0,0,0,0,0
7642,H71495,H,301.6,313.2,1530,39.5,73,0,0,0,0,0,0
7643,L53867,L,301.6,313.2,1859,33.2,75,0,0,0,0,0,0
7644,M12282,M,301.6,313.2,1635,43.4,78,0,0,0,0,0,0
7645,M12283,M,301.5,313.1,1665,44.5,81,0,0,0,0,0,0
7646,L53868,L,301.5,313.1,1608,33.2,83,0,0,0,0,0,0
7647,L53869,L,301.6,313.2,1749,44.5,85,0,0,0,0,0,0
7648,L53870,L,301.6,313.2,1740,40.7,87,0,0,0,0,0,0
7649,L53871,L,301.5,313.1,1660,39.0,89,0,0,0,0,0,0
7650,M12284,M,301.4,313.1,1708,32.5,92,0,0,0,0,0,0
7651,H71496,H,301.5,313.1,1555,63.1,97,1,0,0,1,0,0
7652,L53872,L,301.4,313.0,1597,51.8,99,0,0,0,0,0,0
7653,M12285,M,301.4,313.0,1662,47.3,102,0,0,0,0,0,0
7654,L53873,L,301.4,313.0,1625,51.3,104,0,0,0,0,0,0
7655,L53874,L,301.4,313.0,1619,43.0,106,0,0,0,0,0,0
7656,M12286,M,301.5,313.1,1563,36.5,109,0,0,0,0,0,0
7657,M12287,M,301.5,313.1,1785,13.6,112,1,0,0,1,0,0
7658,M12288,M,301.5,313.1,1781,27.8,115,0,0,0,0,0,0
7659,L53875,L,301.6,313.2,1598,61.7,117,1,0,0,1,0,0
7660,M12289,M,301.6,313.2,1708,51.6,120,1,0,0,1,0,0
7661,L53876,L,301.5,313.2,1767,42.0,122,0,0,0,0,0,0
7662,H71497,H,301.5,313.1,1795,24.2,127,0,0,0,0,0,0
7663,M12290,M,301.6,313.2,1634,46.3,130,0,0,0,0,0,0
7664,H71498,H,301.5,313.1,1695,37.2,135,0,0,0,0,0,0
7665,L53877,L,301.6,313.2,1562,47.0,137,0,0,0,0,0,0
7666,L53878,L,301.6,313.2,1780,28.9,139,0,0,0,0,0,0
7667,M12291,M,301.6,313.2,1795,35.1,142,0,0,0,0,0,0
7668,L53879,L,301.6,313.2,1698,48.9,144,0,0,0,0,0,0
7669,M12292,M,301.6,313.1,1600,59.3,147,1,0,0,1,0,0
7670,M12293,M,301.6,313.2,1663,33.4,150,0,0,0,0,0,0
7671,H71499,H,301.6,313.2,1670,30.0,155,0,0,0,0,0,0
7672,L53880,L,301.6,313.2,1582,50.2,157,0,0,0,0,0,0
7673,H71500,H,301.6,313.2,1650,27.4,162,0,0,0,0,0,0
7674,L53881,L,301.6,313.2,1736,28.1,164,0,0,0,0,0,0
7675,L53882,L,301.6,313.2,1384,42.7,166,0,0,0,0,0,0
7676,M12294,M,301.5,313.1,1493,60.9,169,1,0,0,1,0,0
7677,L53883,L,301.5,313.1,1700,31.5,18,0,0,0,0,0,0
7678,H71501,H,301.5,313.2,1894,36.3,23,0,0,0,0,0,0
7679,H71502,H,301.6,313.2,1645,41.1,28,0,0,0,0,0,0
7680,H71503,H,301.6,313.2,1678,35.3,33,0,0,0,0,0,0
7681,H71504,H,301.6,313.2,1667,22.3,38,0,0,0,0,0,0
7682,M12295,M,301.6,313.1,1763,48.0,41,0,0,0,0,0,0
7683,L53884,L,301.6,313.1,1567,41.9,43,0,0,0,0,0,0
7684,H71505,H,301.5,313.1,1814,43.7,48,0,0,0,0,0,0
7685,L53885,L,301.5,313.0,1591,38.6,50,0,0,0,0,0,0
7686,H71506,H,301.5,313.0,1656,55.1,55,1,0,0,1,0,0
7687,L53886,L,301.5,309.7,1671,35.0,57,0,0,0,0,0,0
7688,M12296,M,301.5,313.0,1655,29.2,60,0,0,0,0,0,0
7689,L53887,L,301.5,313.0,1654,56.6,62,1,0,0,1,0,0
7690,L53888,L,301.4,313.0,1884,18.0,64,0,0,0,0,0,0
7691,L53889,L,301.5,313.0,1641,38.5,66,0,0,0,0,0,0
7692,L53890,L,301.5,313.0,1652,39.2,68,0,0,0,0,0,0
7693,L53891,L,301.5,313.0,1619,38.9,70,0,0,0,0,0,0
7694,L53892,L,301.5,309.5,1751,24.5,72,0,0,0,0,0,0
7695,L53893,L,301.5,313.0,1613,28.1,74,0,0,0,0,0,0
7696,M12297,M,301.5,313.0,1358,49.6,77,0,0,0,0,0,0
7697,L53894,L,301.5,313.0,1410,53.9,79,0,0,0,0,0,0
7698,H71507,H,301.5,313.0,1652,35.8,84,0,0,0,0,0,0
7699,L53895,L,301.5,313.1,1602,30.7,86,0,0,0,0,0,0
7700,M12298,M,301.6,313.1,1732,22.2,89,0,0,0,0,0,0
7701,L53896,L,301.6,313.1,1555,49.4,91,0,0,0,0,0,0
7702,M12299,M,301.5,313.0,1534,50.0,94,0,0,0,0,0,0
7703,M12300,M,301.5,313.1,1738,11.9,97,1,0,0,1,0,0
7704,M12301,M,301.5,313.1,1863,15.8,100,1,0,0,1,0,0
7705,L53897,L,301.5,313.1,1664,41.4,102,0,0,0,0,0,0
7706,M12302,M,301.5,313.0,1777,42.7,105,0,0,0,0,0,0
7707,L53898,L,301.5,312.9,1684,35.2,107,0,0,0,0,0,0
7708,L53899,L,301.4,312.9,1480,39.7,109,0,0,0,0,0,0
7709,L53900,L,301.4,312.9,1569,37.5,111,0,0,0,0,0,0
7710,M12303,M,301.4,312.9,1659,40.3,114,0,0,0,0,0,0
7711,L53901,L,301.5,313.0,1719,31.0,116,0,0,0,0,0,0
7712,M12304,M,301.4,312.9,1598,39.9,119,0,0,0,0,0,0
7713,L53902,L,301.4,312.9,1613,33.3,121,0,0,0,0,0,0
7714,L53903,L,301.4,312.9,1635,32.4,123,0,0,0,0,0,0
7715,L53904,L,301.4,312.9,1734,21.3,125,0,0,0,0,0,0
7716,L53905,L,301.4,312.9,1655,38.2,127,0,0,0,0,0,0
7717,M12305,M,301.4,312.9,1159,48.0,130,0,0,0,0,0,0
7718,H71508,H,301.4,309.4,1689,36.7,135,0,0,0,0,0,0
7719,M12306,M,301.4,312.9,1690,36.5,138,0,0,0,0,0,0
7720,L53906,L,301.3,312.9,1575,52.6,140,0,0,0,0,0,0
7721,L53907,L,301.4,312.9,1535,50.2,142,0,0,0,0,0,0
7722,H71509,H,301.4,313.0,1620,57.3,147,1,0,0,1,0,0
7723,L53908,L,301.4,312.9,1652,62.6,149,1,0,0,1,0,0
7724,L53909,L,301.4,312.9,1607,40.6,151,0,0,0,0,0,0
7725,H71510,H,301.4,312.9,1654,28.4,156,0,0,0,0,0,0
7726,L53910,L,301.4,312.9,1719,34.8,158,0,0,0,0,0,0
7727,L53911,L,301.4,312.9,1515,45.7,160,0,0,0,0,0,0
7728,L53912,L,301.4,312.9,1460,54.4,162,0,0,0,0,0,0
7729,M12307,M,301.4,312.9,1646,29.5,165,0,0,0,0,0,0
7730,L53913,L,301.4,312.9,1665,42.6,167,0,0,0,0,0,0
7731,M12308,M,301.5,313.0,1612,32.1,170,0,0,0,0,0,0
7732,L53914,L,301.4,313.0,1656,38.5,172,0,0,0,0,0,0
7733,L53915,L,301.5,313.1,1478,38.4,174,0,0,0,0,0,0
7734,L53916,L,301.5,313.1,1686,43.8,176,0,0,0,0,0,0
7735,H71511,H,301.6,313.2,1674,60.3,181,1,0,0,1,0,0
7736,L53917,L,301.5,313.1,1543,44.8,183,0,0,0,0,0,0
7737,M12309,M,301.5,313.1,1712,35.7,186,0,0,0,0,0,0
7738,L53918,L,301.5,313.1,1662,34.1,188,0,0,0,0,0,0
7739,L53919,L,301.5,313.1,2089,38.1,190,0,0,0,0,0,0
7740,L53920,L,301.4,313.0,1673,31.3,192,0,0,0,0,0,0
7741,M12310,M,301.5,313.1,1615,41.4,195,0,0,0,0,0,0
7742,L53921,L,301.5,313.1,1700,15.9,197,1,0,0,1,0,0
7743,H71512,H,301.5,313.1,1563,37.9,202,0,0,0,0,0,0
7744,H71513,H,301.5,313.1,1756,38.7,207,0,0,0,0,0,0
7745,M12311,M,301.5,313.1,1559,28.4,210,0,0,0,0,0,0
7746,M12312,M,301.5,313.1,1668,36.2,213,0,0,0,0,0,0
7747,M12313,M,301.6,313.2,1586,51.2,216,0,0,0,0,0,0
7748,M12314,M,301.6,313.2,1584,51.9,219,0,0,0,0,0,0
7749,L53922,L,301.6,313.2,1738,34.7,221,0,0,0,0,0,0
7750,H71514,H,301.6,313.2,1589,45.2,226,0,0,0,0,0,0
7751,H71515,H,301.6,313.1,1787,25.0,231,1,1,0,0,0,0
7752,L53923,L,301.6,313.1,1844,37.0,233,0,0,0,0,0,0
7753,H71516,H,301.6,313.2,1624,42.3,238,0,0,0,0,0,0
7754,H71517,H,301.6,313.2,1388,55.3,243,1,0,0,0,1,0
7755,L53924,L,301.6,313.2,1575,51.9,245,1,0,0,0,1,0
7756,H71518,H,301.6,313.2,1617,42.1,250,0,0,0,0,0,0
7757,L53925,L,301.6,313.2,1734,30.9,252,0,0,0,0,0,0
7758,L53926,L,301.6,313.2,1400,53.6,16,0,0,0,0,0,0
7759,L53927,L,301.6,313.2,1697,36.6,18,0,0,0,0,0,0
7760,M12315,M,301.6,313.2,1589,44.5,21,0,0,0,0,0,0
7761,L53928,L,301.6,313.2,1729,38.8,23,0,0,0,0,0,0
7762,H71519,H,301.6,313.1,1500,59.9,28,1,0,0,1,0,0
7763,L53929,L,301.6,313.1,1760,33.9,17,0,0,0,0,0,0
7764,L53930,L,301.6,313.2,1466,49.2,19,0,0,0,0,0,0
7765,M12316,M,301.6,313.2,1656,39.1,22,0,0,0,0,0,0
7766,L53931,L,301.7,313.2,1533,45.7,24,0,0,0,0,0,0
7767,M12317,M,301.6,313.2,1522,56.2,27,0,0,0,0,0,0
7768,L53932,L,301.6,313.2,1999,20.0,29,0,0,0,0,0,0
7769,H71520,H,301.6,313.2,1568,39.3,34,0,0,0,0,0,0
7770,M12318,M,301.6,313.1,1663,31.1,37,0,0,0,0,0,0
7771,L53933,L,301.6,313.1,1524,44.5,39,0,0,0,0,0,0
7772,L53934,L,301.6,313.1,1586,46.9,41,0,0,0,0,0,0
7773,L53935,L,301.6,313.1,1661,35.3,43,0,0,0,0,0,0
7774,H71521,H,301.6,313.1,1611,34.8,48,0,0,0,0,0,0
7775,M12319,M,301.5,313.1,1781,42.0,51,0,0,0,0,0,0
7776,L53936,L,301.6,313.1,1820,27.3,53,0,0,0,0,0,0
7777,L53937,L,301.6,313.1,1547,43.3,55,0,0,0,0,0,0
7778,H71522,H,301.6,313.2,1766,31.8,60,0,0,0,0,0,0
7779,L53938,L,301.6,313.2,1569,47.3,62,0,0,0,0,0,0
7780,M12320,M,301.6,313.2,1608,26.8,65,0,0,0,0,0,0
7781,M12321,M,301.6,313.2,1615,34.3,68,0,0,0,0,0,0
7782,L53939,L,301.7,313.3,1576,32.5,3,0,0,0,0,0,0
7783,M12322,M,301.7,313.3,1750,37.0,6,0,0,0,0,0,0
7784,L53940,L,301.7,313.3,1500,53.8,8,0,0,0,0,0,0
7785,L53941,L,301.7,313.3,1722,48.5,10,0,0,0,0,0,0
7786,H71523,H,301.7,313.3,1688,35.2,15,0,0,0,0,0,0
7787,M12323,M,301.7,313.3,1639,35.2,18,0,0,0,0,0,0
7788,H71524,H,301.7,313.3,1559,48.9,23,0,0,0,0,0,0
7789,M12324,M,301.7,313.3,1868,28.4,26,0,0,0,0,0,0
7790,L53942,L,301.8,313.4,1650,40.2,28,0,0,0,0,0,0
7791,M12325,M,301.7,313.3,1636,33.9,31,0,0,0,0,0,0
7792,M12326,M,301.7,313.3,1736,38.3,34,0,0,0,0,0,0
7793,L53943,L,301.8,313.3,1661,48.1,36,0,0,0,0,0,0
7794,L53944,L,301.8,313.3,1596,33.3,38,0,0,0,0,0,0
7795,M12327,M,301.8,313.4,1250,49.7,41,0,0,0,0,0,0
7796,M12328,M,301.9,313.5,1373,62.0,44,0,0,0,0,0,0
7797,L53945,L,301.9,313.5,1616,46.0,46,0,0,0,0,0,0
7798,H71525,H,301.9,313.5,1683,39.2,51,0,0,0,0,0,0
7799,L53946,L,302.0,313.6,1630,51.6,6,0,0,0,0,0,0
7800,L53947,L,302.0,313.6,1618,28.9,8,0,0,0,0,0,0
7801,L53948,L,301.9,313.5,1504,55.2,10,0,0,0,0,0,0
7802,H71526,H,302.0,313.6,1711,32.5,15,0,0,0,0,0,0
7803,L53949,L,302.0,309.8,1650,61.7,17,1,0,0,1,0,0
7804,L53950,L,302.0,313.5,1696,32.8,19,0,0,0,0,0,0
7805,L53951,L,301.9,313.5,1565,46.6,21,0,0,0,0,0,0
7806,M12329,M,302.0,313.6,1818,24.4,24,0,0,0,0,0,0
7807,M12330,M,301.9,313.5,1673,37.9,27,0,0,0,0,0,0
7808,L53952,L,301.9,313.5,1722,29.2,29,0,0,0,0,0,0
7809,H71527,H,301.9,313.5,1797,25.6,34,0,0,0,0,0,0
7810,L53953,L,301.9,313.5,1229,52.1,36,0,0,0,0,0,0
7811,L53954,L,302.0,313.6,1630,27.7,38,0,0,0,0,0,0
7812,M12331,M,302.0,313.6,1324,32.6,41,0,0,0,0,0,0
7813,M12332,M,302.0,313.6,1794,31.5,44,0,0,0,0,0,0
7814,L53955,L,302.1,313.7,1761,51.4,46,1,0,0,1,0,0
7815,M12333,M,302.1,313.7,1137,50.2,49,0,0,0,0,0,0
7816,L53956,L,302.1,313.7,1731,52.7,51,1,0,0,1,0,0
7817,M12334,M,302.1,313.7,1658,32.1,54,0,0,0,0,0,0
7818,M12335,M,302.2,313.8,1582,53.5,57,0,0,0,0,0,0
7819,H71528,H,302.3,313.9,1844,32.1,62,0,0,0,0,0,0
7820,L53957,L,302.3,313.9,1652,32.5,64,0,0,0,0,0,0
7821,M12336,M,302.3,313.9,1662,33.0,67,0,0,0,0,0,0
7822,M12337,M,302.3,313.9,1627,33.4,70,0,0,0,0,0,0
7823,L53958,L,302.3,313.9,1658,39.1,72,0,0,0,0,0,0
7824,L53959,L,302.3,313.9,1722,31.6,74,0,0,0,0,0,0
7825,H71529,H,302.2,313.9,1576,42.3,9,0,0,0,0,0,0
7826,L53960,L,302.2,313.9,1916,13.9,11,1,0,0,1,0,0
7827,M12338,M,302.3,313.9,1571,42.3,14,0,0,0,0,0,0
7828,L53961,L,302.2,313.9,1752,29.1,16,0,0,0,0,0,0
7829,H71530,H,302.3,313.9,1687,33.3,21,0,0,0,0,0,0
7830,L53962,L,302.3,313.9,1795,33.5,4,0,0,0,0,0,0
7831,H71531,H,302.3,313.9,1529,49.4,9,0,0,0,0,0,0
7832,M12339,M,302.3,313.9,1675,45.0,12,0,0,0,0,0,0
7833,L53963,L,302.3,313.9,1877,38.3,14,0,0,0,0,0,0
7834,M12340,M,302.3,313.9,1557,32.8,17,0,0,0,0,0,0
7835,M12341,M,302.4,313.9,1528,47.8,20,0,0,0,0,0,0
7836,L53964,L,302.4,313.9,1744,57.9,22,1,0,0,1,0,0
7837,L53965,L,302.3,313.9,1639,39.7,24,0,0,0,0,0,0
7838,M12342,M,302.3,313.9,1743,24.0,27,0,0,0,0,0,0
7839,M12343,M,302.2,313.8,1657,33.0,30,0,0,0,0,0,0
7840,L53966,L,302.3,313.8,1770,45.6,32,0,0,0,0,0,0
7841,H71532,H,302.3,313.9,1528,35.6,37,0,0,0,0,0,0
7842,L53967,L,302.3,313.9,1806,31.4,39,0,0,0,0,0,0
7843,L53968,L,302.3,313.9,1564,31.0,41,0,0,0,0,0,0
7844,M12344,M,302.4,313.9,1504,40.9,44,0,0,0,0,0,0
7845,L53969,L,302.3,313.9,1632,24.7,46,0,0,0,0,0,0
7846,L53970,L,302.3,313.9,1640,39.7,48,0,0,0,0,0,0
7847,M12345,M,302.3,313.8,1581,40.9,51,0,0,0,0,0,0
7848,L53971,L,302.3,313.8,1604,35.5,53,0,0,0,0,0,0
7849,L53972,L,302.3,313.9,1621,29.6,55,0,0,0,0,0,0
7850,M12346,M,302.3,313.9,1515,50.2,58,0,0,0,0,0,0
7851,M12347,M,302.4,313.9,1635,26.7,61,0,0,0,0,0,0
7852,H71533,H,302.4,313.9,1662,41.7,66,0,0,0,0,0,0
7853,M12348,M,302.3,313.9,1555,47.3,69,0,0,0,0,0,0
7854,L53973,L,302.3,313.8,1402,41.6,71,0,0,0,0,0,0
7855,L53974,L,302.4,313.9,1583,52.3,73,0,0,0,0,0,0
7856,M12349,M,302.4,313.9,1776,28.6,76,0,0,0,0,0,0
7857,L53975,L,302.3,313.8,1666,32.1,78,0,0,0,0,0,0
7858,L53976,L,302.3,313.8,1561,35.4,80,0,0,0,0,0,0
7859,H71534,H,302.3,313.8,1546,72.9,85,1,0,0,1,0,0
7860,M12350,M,302.3,313.8,1500,45.1,88,0,0,0,0,0,0
7861,M12351,M,302.3,313.8,1585,47.0,91,0,0,0,0,0,0
7862,L53977,L,302.2,313.7,1614,46.5,93,0,0,0,0,0,0
7863,L53978,L,302.3,313.7,1743,40.8,95,0,0,0,0,0,0
7864,L53979,L,302.3,313.8,1647,50.5,97,0,0,0,0,0,0
7865,M12352,M,302.3,313.7,1769,21.3,100,0,0,0,0,0,0
7866,L53980,L,302.4,313.8,1719,42.8,102,0,0,0,0,0,0
7867,L53981,L,302.4,313.8,1524,44.3,104,0,0,0,0,0,0
7868,L53982,L,302.4,313.8,1739,50.2,106,1,0,0,1,0,0
7869,M12353,M,302.4,313.9,1434,28.4,109,0,0,0,0,0,0
7870,M12354,M,302.4,313.9,1835,29.2,112,0,0,0,0,0,0
7871,L53983,L,302.4,313.9,1627,29.8,114,0,0,0,0,0,0
7872,L53984,L,302.4,313.9,1657,45.2,116,0,0,0,0,0,0
7873,L53985,L,302.4,313.9,1752,45.4,118,0,0,0,0,0,0
7874,L53986,L,302.4,313.9,1750,30.5,120,0,0,0,0,0,0
7875,M12355,M,302.4,313.9,1584,59.1,123,1,0,0,1,0,0
7876,L53987,L,302.4,313.9,1713,42.9,125,0,0,0,0,0,0
7877,M12356,M,302.3,313.9,1510,41.2,8,0,0,0,0,0,0
7878,M12357,M,302.3,313.9,1541,37.9,11,0,0,0,0,0,0
7879,H71535,H,302.4,313.9,1626,49.3,16,0,0,0,0,0,0
7880,H71536,H,302.4,313.9,1612,43.9,21,0,0,0,0,0,0
7881,L53988,L,302.3,313.9,1524,58.9,23,1,0,0,1,0,0
7882,L53989,L,302.3,313.9,1825,27.9,25,0,0,0,0,0,0
7883,L53990,L,302.3,313.8,1834,24.5,27,0,0,0,0,0,0
7884,M12358,M,302.3,313.8,1606,32.6,30,0,0,0,0,0,0
7885,L53991,L,302.3,313.8,1661,45.5,32,0,0,0,0,0,0
7886,L53992,L,302.3,313.8,1531,35.7,34,0,0,0,0,0,0
7887,L53993,L,302.3,313.8,1441,52.7,36,0,0,0,0,0,0
7888,L53994,L,302.3,313.8,1590,36.1,38,0,0,0,0,0,0
7889,M12359,M,302.3,310.6,1589,50.8,41,0,0,0,0,0,0
7890,M12360,M,302.3,313.9,2054,31.7,44,0,0,0,0,0,0
7891,M12361,M,302.4,313.9,1629,51.8,47,0,0,0,0,0,0
7892,H71537,H,302.4,313.9,1577,53.7,17,0,0,0,0,0,0
7893,L53995,L,302.4,314.0,1780,34.4,19,0,0,0,0,0,0
7894,L53996,L,302.5,311.0,1674,44.9,21,0,0,0,0,0,0
7895,L53997,L,302.5,314.1,1963,42.7,23,0,0,0,0,0,0
7896,M12362,M,302.5,314.0,1704,45.2,26,0,0,0,0,0,0
7897,M12363,M,302.5,314.1,1506,52.8,29,0,0,0,0,0,0
7898,L53998,L,302.6,314.1,1636,49.7,31,0,0,0,0,0,0
7899,H71538,H,302.6,314.1,1579,45.1,36,0,0,0,0,0,0
7900,L53999,L,302.6,314.1,2155,46.6,38,1,0,0,1,0,0
7901,L54000,L,302.6,314.1,1782,27.3,40,0,0,0,0,0,0
7902,M12364,M,302.6,314.1,1590,39.6,43,0,0,0,0,0,0
7903,H71539,H,302.7,314.2,1323,29.0,48,0,0,0,0,0,0
7904,M12365,M,302.6,314.1,1945,39.8,51,0,0,0,0,0,0
7905,H71540,H,302.6,314.1,1478,51.2,56,0,0,0,0,0,0
7906,L54001,L,302.5,314.0,1586,39.9,58,0,0,0,0,0,0
7907,M12366,M,302.5,314.0,1720,14.9,61,1,0,0,1,0,0
7908,H71541,H,302.6,314.1,1250,29.5,66,0,0,0,0,0,0
7909,M12367,M,302.6,314.1,1525,45.8,69,0,0,0,0,0,0
7910,L54002,L,302.6,314.1,1668,34.6,71,0,0,0,0,0,0
7911,H71542,H,302.6,314.1,1652,47.8,76,0,0,0,0,0,0
7912,L54003,L,302.6,314.1,1569,27.9,78,0,0,0,0,0,0
7913,L54004,L,302.7,314.1,1585,43.8,80,0,0,0,0,0,0
7914,H71543,H,302.7,314.2,1555,44.3,85,0,0,0,0,0,0
7915,H71544,H,302.6,314.1,1504,47.9,90,0,0,0,0,0,0
7916,H71545,H,302.6,314.1,1774,33.4,95,0,0,0,0,0,0
7917,H71546,H,302.7,314.2,1541,47.8,100,0,0,0,0,0,0
7918,L54005,L,302.7,314.2,1448,55.1,102,0,0,0,0,0,0
7919,H71547,H,302.7,314.2,1847,17.3,107,1,0,0,1,0,0
7920,L54006,L,302.7,314.2,1760,40.5,109,0,0,0,0,0,0
7921,M12368,M,302.8,314.3,1765,21.9,112,0,0,0,0,0,0
7922,L54007,L,302.8,314.3,1610,31.4,114,0,0,0,0,0,0
7923,H71548,H,302.8,314.3,1665,32.2,119,0,0,0,0,0,0
7924,M12369,M,302.7,310.5,1595,39.3,122,0,0,0,0,0,0
7925,H71549,H,302.7,314.3,1626,43.8,127,0,0,0,0,0,0
7926,L54008,L,302.7,314.2,1667,49.0,129,0,0,0,0,0,0
7927,L54009,L,302.7,314.2,1634,42.6,131,0,0,0,0,0,0
7928,L54010,L,302.7,314.2,1615,46.7,133,0,0,0,0,0,0
7929,L54011,L,302.7,314.2,1660,29.2,16,0,0,0,0,0,0
7930,M12370,M,302.7,314.2,1655,50.6,19,0,0,0,0,0,0
7931,L54012,L,302.7,314.2,1855,7.0,15,1,0,0,1,0,0
7932,M12371,M,302.7,314.2,1405,55.3,18,0,0,0,0,0,0
7933,L54013,L,302.7,314.2,1420,53.5,20,0,0,0,0,0,0
7934,L54014,L,302.7,314.2,1581,47.5,22,0,0,0,0,0,0
7935,M12372,M,302.7,314.1,1621,62.3,25,1,0,0,1,0,0
7936,L54015,L,302.7,314.2,1849,22.0,27,0,0,0,0,0,0
7937,L54016,L,302.7,314.2,1678,47.8,18,0,0,0,0,0,0
7938,L54017,L,302.7,314.2,1629,41.4,20,0,0,0,0,0,0
7939,L54018,L,302.8,314.3,1769,42.4,22,0,0,0,0,0,0
7940,M12373,M,302.7,314.2,1645,28.4,25,0,0,0,0,0,0
7941,L54019,L,302.7,314.2,1599,43.9,27,0,0,0,0,0,0
7942,L54020,L,302.8,314.3,1504,43.5,29,0,0,0,0,0,0
7943,M12374,M,302.8,314.3,1655,33.1,32,0,0,0,0,0,0
7944,M12375,M,302.8,314.3,1576,39.3,35,0,0,0,0,0,0
7945,M12376,M,302.8,314.3,1857,26.9,38,0,0,0,0,0,0
7946,L54021,L,302.9,314.4,1791,36.0,40,0,0,0,0,0,0
7947,H71550,H,302.9,314.4,1606,49.6,45,0,0,0,0,0,0
7948,L54022,L,302.9,314.4,1641,49.8,47,0,0,0,0,0,0
7949,L54023,L,302.9,314.4,1556,47.7,49,0,0,0,0,0,0
7950,H71551,H,302.9,314.4,1372,49.6,54,0,0,0,0,0,0
7951,M12377,M,302.9,314.4,1531,49.7,57,0,0,0,0,0,0
7952,M12378,M,302.9,314.4,1751,33.6,60,0,0,0,0,0,0
7953,H71552,H,302.9,314.4,1672,43.4,65,0,0,0,0,0,0
7954,L54024,L,302.8,314.4,1558,50.9,67,0,0,0,0,0,0
7955,H71553,H,302.8,314.4,1788,26.2,72,0,0,0,0,0,0
7956,M12379,M,302.8,314.4,2100,26.1,75,0,0,0,0,0,0
7957,L54025,L,302.9,314.4,1622,25.6,77,0,0,0,0,0,0
7958,L54026,L,302.9,314.4,1809,22.1,79,0,0,0,0,0,0
7959,L54027,L,302.9,314.4,1650,29.5,81,0,0,0,0,0,0
7960,H71554,H,302.9,314.4,1770,34.7,86,0,0,0,0,0,0
7961,L54028,L,302.9,311.6,1392,55.1,88,0,0,0,0,0,0
7962,L54029,L,302.9,314.4,1621,35.6,90,0,0,0,0,0,0
7963,M12380,M,302.9,314.4,1783,24.8,93,0,0,0,0,0,0
7964,M12381,M,302.9,314.4,1686,41.7,96,0,0,0,0,0,0
7965,L54030,L,302.8,314.4,1640,38.1,98,0,0,0,0,0,0
7966,H71555,H,302.9,314.4,1717,32.2,103,0,0,0,0,0,0
7967,M12382,M,302.9,314.4,1693,34.1,106,0,0,0,0,0,0
7968,H71556,H,302.9,314.4,1460,50.7,111,0,0,0,0,0,0
7969,L54031,L,302.9,314.4,1691,25.9,113,0,0,0,0,0,0
7970,L54032,L,302.9,314.4,1757,23.3,115,0,0,0,0,0,0
7971,M12383,M,302.9,314.5,1671,44.7,118,0,0,0,0,0,0
7972,L54033,L,302.9,314.5,1676,33.9,120,0,0,0,0,0,0
7973,M12384,M,303.0,314.5,1520,55.5,123,0,0,0,0,0,0
7974,L54034,L,303.0,314.6,1538,38.5,125,0,0,0,0,0,0
7975,M12385,M,303.0,314.6,1723,39.0,128,0,0,0,0,0,0
7976,H71557,H,303.0,314.6,1667,47.9,133,0,0,0,0,0,0
7977,H71558,H,303.0,314.6,1826,23.3,138,0,0,0,0,0,0
7978,H71559,H,303.0,314.6,1535,43.4,143,0,0,0,0,0,0
7979,H71560,H,303.0,314.6,1680,36.3,148,0,0,0,0,0,0
7980,L54035,L,303.0,314.6,1534,50.3,150,0,0,0,0,0,0
7981,L54036,L,303.0,314.6,1688,33.5,152,0,0,0,0,0,0
7982,H71561,H,302.9,314.6,1902,41.8,157,0,0,0,0,0,0
7983,H71562,H,303.0,314.6,1750,36.4,162,0,0,0,0,0,0
7984,H71563,H,302.9,314.6,1561,44.1,167,0,0,0,0,0,0
7985,M12386,M,303.0,314.6,1640,37.5,170,0,0,0,0,0,0
7986,L54037,L,303.0,314.6,1604,42.6,172,0,0,0,0,0,0
7987,H71564,H,303.0,314.6,1570,57.5,177,1,0,0,1,0,0
7988,H71565,H,303.0,314.6,1528,37.1,182,0,0,0,0,0,0
7989,M12387,M,303.0,314.6,2078,44.0,185,1,0,0,1,0,0
7990,H71566,H,302.9,314.5,1341,62.9,190,0,0,0,0,0,0
7991,M12388,M,302.9,314.5,1479,43.9,193,0,0,0,0,0,0
7992,H71567,H,302.9,314.5,1957,15.7,198,1,0,0,1,0,0
7993,L54038,L,303.0,314.6,1652,33.3,200,1,1,0,0,0,0
7994,H71568,H,303.0,314.6,1841,28.0,205,0,0,0,0,0,0
7995,L54039,L,303.0,314.6,1529,49.2,207,0,0,0,0,0,0
7996,L54040,L,302.9,314.6,1466,39.1,209,0,0,0,0,0,0
7997,L54041,L,302.9,314.5,1500,50.6,211,0,0,0,0,0,0
7998,L54042,L,302.9,314.5,1860,46.1,213,0,0,0,0,0,0
7999,L54043,L,302.9,314.5,1491,46.1,215,0,0,0,0,0,0
8000,H71569,H,302.9,314.5,1873,27.8,220,0,0,0,0,0,0
8001,M12389,M,302.9,310.9,1655,45.0,223,0,0,0,0,0,0
8002,H71570,H,303.0,314.6,1590,53.7,8,0,0,0,0,0,0
8003,L54044,L,302.9,314.5,1658,25.5,10,0,0,0,0,0,0
8004,L54045,L,302.9,314.5,1235,36.8,12,0,0,0,0,0,0
8005,M12390,M,302.9,314.5,1682,43.5,15,0,0,0,0,0,0
8006,M12391,M,302.9,314.5,1764,41.0,18,0,0,0,0,0,0
8007,M12392,M,302.8,314.4,1593,54.4,21,1,0,0,1,0,0
8008,H71571,H,302.9,314.4,1679,47.3,26,0,0,0,0,0,0
8009,H71572,H,302.9,314.5,1591,44.1,31,0,0,0,0,0,0
8010,M12393,M,302.8,314.4,1803,48.2,34,1,0,0,1,0,0
8011,H71573,H,302.8,314.4,1632,47.6,39,0,0,0,0,0,0
8012,M12394,M,302.8,314.4,1831,40.4,42,0,0,0,0,0,0
8013,M12395,M,302.8,314.3,1582,36.5,45,0,0,0,0,0,0
8014,L54046,L,302.7,314.3,1594,49.9,47,0,0,0,0,0,0
8015,L54047,L,302.7,310.4,1785,32.6,49,0,0,0,0,0,0
8016,L54048,L,302.8,314.4,1667,39.3,51,0,0,0,0,0,0
8017,M12396,M,302.8,314.3,1757,28.4,54,0,0,0,0,0,0
8018,M12397,M,302.7,314.3,1524,47.3,57,0,0,0,0,0,0
8019,L54049,L,302.7,314.3,1549,52.3,59,0,0,0,0,0,0
8020,M12398,M,302.7,314.3,1620,30.6,62,0,0,0,0,0,0
8021,L54050,L,302.7,314.2,1650,38.5,64,0,0,0,0,0,0
8022,L54051,L,302.7,314.2,1658,35.2,66,0,0,0,0,0,0
8023,H71574,H,302.7,314.3,1546,50.8,71,0,0,0,0,0,0
8024,L54052,L,302.7,314.2,1633,54.2,73,1,0,0,1,0,0
8025,L54053,L,302.7,310.8,1579,35.2,75,0,0,0,0,0,0
8026,L54054,L,302.6,314.1,1617,9.1,12,1,0,0,1,0,0
8027,L54055,L,302.6,314.1,1539,51.5,14,0,0,0,0,0,0
8028,M12399,M,302.6,314.1,2261,40.5,17,1,0,0,1,0,0
8029,H71575,H,302.5,314.1,1693,40.5,22,0,0,0,0,0,0
8030,M12400,M,302.5,314.0,1524,49.6,25,0,0,0,0,0,0
8031,M12401,M,302.5,314.0,1709,36.4,28,0,0,0,0,0,0
8032,L54056,L,302.6,314.0,1671,33.7,30,0,0,0,0,0,0
8033,M12402,M,302.6,314.1,1703,36.4,33,0,0,0,0,0,0
8034,L54057,L,302.6,314.1,1704,44.9,35,0,0,0,0,0,0
8035,L54058,L,302.6,314.1,1622,48.8,37,0,0,0,0,0,0
8036,H71576,H,302.5,314.1,1576,56.3,42,1,0,0,1,0,0
8037,L54059,L,302.5,314.0,1763,44.0,44,0,0,0,0,0,0
8038,L54060,L,302.5,314.0,1706,38.6,46,0,0,0,0,0,0
8039,L54061,L,302.4,313.9,1621,48.9,48,0,0,0,0,0,0
8040,H71577,H,302.4,313.9,1704,30.3,53,0,0,0,0,0,0
8041,L54062,L,302.4,314.0,1525,54.2,55,0,0,0,0,0,0
8042,L54063,L,302.5,314.0,1527,42.1,57,0,0,0,0,0,0
8043,H71578,H,302.5,314.0,1722,37.7,62,0,0,0,0,0,0
8044,L54064,L,302.5,314.0,1815,30.3,64,0,0,0,0,0,0
8045,H71579,H,302.5,314.1,1656,46.3,69,0,0,0,0,0,0
8046,L54065,L,302.5,314.0,1716,37.2,71,0,0,0,0,0,0
8047,M12403,M,302.5,314.0,1575,39.1,74,0,0,0,0,0,0
8048,H71580,H,302.5,314.0,1683,23.3,79,0,0,0,0,0,0
8049,M12404,M,302.5,314.0,1557,35.7,82,0,0,0,0,0,0
8050,M12405,M,302.5,314.0,1657,34.3,85,0,0,0,0,0,0
8051,L54066,L,302.5,314.0,1717,44.2,87,0,0,0,0,0,0
8052,M12406,M,302.5,314.0,1601,37.3,90,0,0,0,0,0,0
8053,H71581,H,302.5,314.0,1781,13.5,95,1,0,0,1,0,0
8054,M12407,M,302.4,314.0,1735,35.8,98,0,0,0,0,0,0
8055,H71582,H,302.4,314.0,1834,25.5,103,0,0,0,0,0,0
8056,M12408,M,302.5,314.0,1556,29.6,106,0,0,0,0,0,0
8057,M12409,M,302.5,314.1,1555,50.0,109,0,0,0,0,0,0
8058,L54067,L,302.5,314.1,1671,23.1,111,0,0,0,0,0,0
8059,M12410,M,302.5,314.1,1556,42.9,114,0,0,0,0,0,0
8060,H71583,H,302.5,314.1,1642,34.9,119,0,0,0,0,0,0
8061,M12411,M,302.6,314.1,1511,33.0,122,0,0,0,0,0,0
8062,L54068,L,302.6,314.1,1668,30.2,124,0,0,0,0,0,0
8063,M12412,M,302.5,314.1,1637,43.2,127,0,0,0,0,0,0
8064,M12413,M,302.5,314.0,1534,44.3,130,0,0,0,0,0,0
8065,H71584,H,302.5,314.0,1696,22.7,135,0,0,0,0,0,0
8066,L54069,L,302.5,314.0,1592,51.5,137,0,0,0,0,0,0
8067,L54070,L,302.4,314.0,1722,28.1,139,0,0,0,0,0,0
8068,L54071,L,302.5,314.0,1483,43.9,141,0,0,0,0,0,0
8069,L54072,L,302.4,314.0,1774,28.2,143,0,0,0,0,0,0
8070,H71585,H,302.4,313.9,1739,35.4,148,0,0,0,0,0,0
8071,L54073,L,302.4,314.0,1650,27.2,150,0,0,0,0,0,0
8072,M12414,M,302.4,314.0,1829,34.7,153,0,0,0,0,0,0
8073,L54074,L,302.3,313.9,1701,38.0,155,0,0,0,0,0,0
8074,L54075,L,302.3,313.8,1738,28.5,157,0,0,0,0,0,0
8075,H71586,H,302.3,313.8,1695,43.1,162,0,0,0,0,0,0
8076,L54076,L,302.3,313.8,1534,44.5,164,0,0,0,0,0,0
8077,L54077,L,302.4,313.9,1477,67.1,166,1,0,0,1,1,0
8078,L54078,L,302.4,313.9,1657,49.3,168,0,0,0,0,0,0
8079,H71587,H,302.4,310.5,1517,51.8,173,0,0,0,0,0,0
8080,H71588,H,302.3,313.9,1710,22.3,178,0,0,0,0,0,0
8081,L54079,L,302.4,313.9,1806,20.4,180,0,0,0,0,0,0
8082,M12415,M,302.4,313.9,1693,37.0,183,0,0,0,0,0,0
8083,L54080,L,302.4,313.9,1559,57.9,185,1,0,0,1,0,0
8084,M12416,M,302.4,313.9,1527,64.7,188,1,0,0,1,1,0
8085,L54081,L,302.4,313.9,1670,33.1,190,0,0,0,0,0,0
8086,H71589,H,302.4,313.9,1757,34.1,195,0,0,0,0,0,0
8087,H71590,H,302.5,314.0,1810,45.4,200,0,0,0,0,0,0
8088,L54082,L,302.5,314.0,1687,38.0,202,0,0,0,0,0,0
8089,L54083,L,302.4,313.9,1774,38.3,204,1,1,0,0,0,0
8090,L54084,L,302.4,313.9,1578,46.3,206,0,0,0,0,0,0
8091,L54085,L,302.4,313.9,1447,67.2,208,1,0,0,1,1,0
8092,L54086,L,302.3,313.8,1511,53.0,210,1,0,0,0,1,0
8093,L54087,L,302.3,313.9,1470,58.7,212,1,0,0,1,1,0
8094,H71591,H,302.3,313.9,1719,21.6,11,0,0,0,0,0,0
8095,L54088,L,302.4,314.0,1674,50.7,13,0,0,0,0,0,0
8096,H71592,H,302.4,313.9,1790,30.5,18,0,0,0,0,0,0
8097,L54089,L,302.4,310.7,1517,56.8,20,1,0,0,1,0,0
8098,M12417,M,302.4,314.0,1550,53.6,23,0,0,0,0,0,0
8099,L54090,L,302.4,314.0,1618,46.0,25,0,0,0,0,0,0
8100,H71593,H,302.4,311.0,1710,32.6,30,0,0,0,0,0,0
8101,L54091,L,302.4,314.0,1728,35.2,32,0,0,0,0,0,0
8102,L54092,L,302.4,314.0,1635,36.0,34,0,0,0,0,0,0
8103,M12418,M,302.4,314.0,1592,47.6,37,0,0,0,0,0,0
8104,M12419,M,302.3,313.9,1751,44.0,40,0,0,0,0,0,0
8105,M12420,M,302.4,314.0,1551,54.2,43,0,0,0,0,0,0
8106,L54093,L,302.4,314.0,1515,56.1,45,0,0,0,0,0,0
8107,L54094,L,302.3,313.9,1686,31.5,47,0,0,0,0,0,0
8108,H71594,H,302.3,313.9,1632,44.8,52,0,0,0,0,0,0
8109,M12421,M,302.3,313.9,1487,44.6,55,0,0,0,0,0,0
8110,M12422,M,302.3,313.9,1615,39.0,58,0,0,0,0,0,0
8111,L54095,L,302.3,313.9,1639,49.4,60,0,0,0,0,0,0
8112,L54096,L,302.4,314.0,1805,44.9,62,0,0,0,0,0,0
8113,H71595,H,302.4,313.9,1632,34.3,67,0,0,0,0,0,0
8114,M12423,M,302.3,310.2,1726,38.6,70,0,0,0,0,0,0
8115,L54097,L,302.4,313.9,1684,36.5,72,0,0,0,0,0,0
8116,H71596,H,302.3,313.9,1792,32.7,77,0,0,0,0,0,0
8117,M12424,M,302.3,313.9,1599,39.1,80,0,0,0,0,0,0
8118,L54098,L,302.4,313.9,1817,27.0,82,0,0,0,0,0,0
8119,L54099,L,302.4,314.0,1752,44.7,84,0,0,0,0,0,0
8120,M12425,M,302.4,314.0,1707,54.0,87,1,0,0,1,0,0
8121,L54100,L,302.5,314.0,1776,40.5,89,0,0,0,0,0,0
8122,M12426,M,302.4,314.0,1618,49.5,92,0,0,0,0,0,0
8123,M12427,M,302.5,314.0,1695,41.6,95,0,0,0,0,0,0
8124,L54101,L,302.4,314.0,1665,29.8,97,0,0,0,0,0,0
8125,H71597,H,302.4,313.9,1346,60.1,102,0,0,0,0,0,0
8126,L54102,L,302.4,314.0,1799,15.8,104,1,0,0,1,0,0
8127,L54103,L,302.4,313.9,1635,40.1,106,0,0,0,0,0,0
8128,M12428,M,302.4,313.9,1777,32.3,109,0,0,0,0,0,0
8129,M12429,M,302.4,314.0,1645,55.8,112,1,0,0,1,0,0
8130,L54104,L,302.5,314.0,1543,42.2,114,0,0,0,0,0,0
8131,M12430,M,302.5,314.0,1728,65.6,117,1,0,0,1,0,0
8132,H71598,H,302.5,314.0,1683,40.4,122,0,0,0,0,0,0
8133,H71599,H,302.5,314.0,1574,32.4,127,0,0,0,0,0,0
8134,H71600,H,302.5,314.0,1636,22.9,132,0,0,0,0,0,0
8135,L54105,L,302.5,314.0,1396,51.1,134,0,0,0,0,0,0
8136,L54106,L,302.5,314.0,2182,31.7,136,0,0,0,0,0,0
8137,M12431,M,302.5,314.0,1624,35.8,139,0,0,0,0,0,0
8138,L54107,L,302.4,314.0,1511,52.3,141,0,0,0,0,0,0
8139,M12432,M,302.4,313.9,1537,50.5,144,0,0,0,0,0,0
8140,L54108,L,302.3,313.9,1655,33.9,146,0,0,0,0,0,0
8141,L54109,L,302.4,313.9,1725,35.5,148,0,0,0,0,0,0
8142,L54110,L,302.3,313.9,1593,22.4,150,0,0,0,0,0,0
8143,L54111,L,302.4,313.9,1661,19.4,152,1,0,0,1,0,0
8144,L54112,L,302.3,313.9,1652,47.6,154,0,0,0,0,0,0
8145,M12433,M,302.3,310.4,1551,48.7,157,0,0,0,0,0,0
8146,M12434,M,302.3,313.9,1684,43.6,160,0,0,0,0,0,0
8147,L54113,L,302.4,313.9,1595,41.9,162,0,0,0,0,0,0
8148,L54114,L,302.4,314.0,1828,32.9,164,0,0,0,0,0,0
8149,H71601,H,302.4,314.0,1592,54.7,169,1,0,0,1,0,0
8150,L54115,L,302.5,314.0,1853,22.2,171,0,0,0,0,0,0
8151,M12435,M,302.4,314.0,1721,35.3,174,0,0,0,0,0,0
8152,M12436,M,302.5,314.0,1694,41.6,177,0,0,0,0,0,0
8153,M12437,M,302.5,314.1,1582,40.0,180,0,0,0,0,0,0
8154,H71602,H,302.5,314.1,1755,40.0,185,0,0,0,0,0,0
8155,M12438,M,302.5,314.1,1696,34.8,188,0,0,0,0,0,0
8156,H71603,H,302.5,314.0,1536,45.4,193,0,0,0,0,0,0
8157,H71604,H,302.5,314.0,1523,27.8,198,0,0,0,0,0,0
8158,L54116,L,302.5,314.0,1670,38.6,200,0,0,0,0,0,0
8159,L54117,L,302.4,313.9,1763,44.3,202,0,0,0,0,0,0
8160,L54118,L,302.4,313.9,1586,36.7,204,0,0,0,0,0,0
8161,L54119,L,302.4,313.9,1565,40.0,206,0,0,0,0,0,0
8162,M12439,M,302.4,314.0,1610,42.2,209,0,0,0,0,0,0
8163,L54120,L,302.5,314.0,1841,22.4,211,0,0,0,0,0,0
8164,L54121,L,302.4,313.9,1571,23.3,213,0,0,0,0,0,0
8165,L54122,L,302.4,313.9,1585,41.3,215,1,1,0,0,0,0
8166,M12440,M,302.4,313.9,1591,33.9,218,0,0,0,0,0,0
8167,M12441,M,302.4,313.9,1729,34.5,221,1,1,0,0,0,0
8168,H71605,H,302.3,313.9,1608,45.7,226,0,0,0,0,0,0
8169,L54123,L,302.4,313.9,1670,30.1,228,0,0,0,0,0,0
8170,L54124,L,302.3,313.9,1759,15.9,230,1,0,0,1,0,0
8171,H71606,H,302.4,313.9,1634,56.6,235,1,0,0,1,1,0
8172,M12442,M,302.4,313.9,1688,52.1,238,1,1,0,1,1,0
8173,M12443,M,302.4,314.0,1680,52.0,241,1,0,0,1,1,0
8174,M12444,M,302.5,314.0,1760,28.8,244,0,0,0,0,0,0
8175,L54125,L,302.5,314.0,1779,39.2,246,0,0,0,0,0,0
8176,H71607,H,302.5,314.1,1632,27.3,251,0,0,0,0,0,0
8177,M12445,M,302.5,314.0,1688,39.4,6,0,0,0,0,0,0
8178,M12446,M,302.5,314.0,1879,36.5,9,0,0,0,0,0,0
8179,M12447,M,302.5,314.0,1541,29.2,12,0,0,0,0,0,0
8180,L54126,L,302.4,313.9,1576,45.0,14,0,0,0,0,0,0
8181,L54127,L,302.4,313.9,1570,37.4,16,0,0,0,0,0,0
8182,M12448,M,302.5,314.0,1586,57.2,19,1,0,0,1,0,0
8183,M12449,M,302.5,314.0,1775,40.9,22,0,0,0,0,0,0
8184,L54128,L,302.5,314.0,1831,14.5,24,1,0,0,1,0,0
8185,L54129,L,302.6,314.1,1725,21.9,26,0,0,0,0,0,0
8186,H71608,H,302.7,314.2,1590,61.0,31,1,0,0,1,0,0
8187,L54130,L,302.8,314.2,1643,36.4,33,0,0,0,0,0,0
8188,L54131,L,302.8,314.3,1655,42.4,35,0,0,0,0,0,0
8189,M12450,M,302.8,314.3,1705,40.1,38,0,0,0,0,0,0
8190,H71609,H,302.9,314.3,1734,54.2,43,1,0,0,1,0,0
8191,M12451,M,302.9,314.3,1790,20.9,46,0,0,0,0,0,0
8192,H71610,H,302.9,314.3,1600,53.3,51,0,0,0,0,0,0
8193,L54132,L,302.9,314.3,1768,52.6,53,1,0,0,1,0,0
8194,H71611,H,302.9,314.4,1474,40.1,58,0,0,0,0,0,0
8195,H71612,H,302.9,314.4,1620,44.1,63,0,0,0,0,0,0
8196,M12452,M,302.8,314.3,1603,36.3,66,0,0,0,0,0,0
8197,M12453,M,302.8,314.3,1716,23.1,69,0,0,0,0,0,0
8198,L54133,L,302.8,314.3,1674,45.8,71,0,0,0,0,0,0
8199,L54134,L,302.8,314.3,1725,42.5,73,0,0,0,0,0,0
8200,L54135,L,302.8,314.3,1589,42.7,75,0,0,0,0,0,0
8201,L54136,L,302.8,314.3,1685,44.8,77,0,0,0,0,0,0
8202,H71613,H,302.8,314.3,1601,34.0,82,0,0,0,0,0,0
8203,L54137,L,302.8,314.3,1457,54.9,84,0,0,0,0,0,0
8204,M12454,M,302.9,311.1,1656,40.1,87,0,0,0,0,0,0
8205,L54138,L,302.9,314.4,1602,45.4,89,0,0,0,0,0,0
8206,L54139,L,302.9,314.4,1798,37.3,91,0,0,0,0,0,0
8207,L54140,L,302.9,314.4,1787,50.5,93,1,0,0,1,0,0
8208,L54141,L,302.8,314.3,1590,41.0,95,0,0,0,0,0,0
8209,M12455,M,302.8,314.4,1491,39.1,98,0,0,0,0,0,0
8210,H71614,H,302.9,314.4,1464,52.1,103,0,0,0,0,0,0
8211,L54142,L,302.9,314.4,1664,22.8,105,0,0,0,0,0,0
8212,H71615,H,302.8,314.3,1683,37.2,110,0,0,0,0,0,0
8213,M12456,M,302.8,314.3,1658,33.9,113,0,0,0,0,0,0
8214,M12457,M,302.8,314.3,1517,43.7,116,0,0,0,0,0,0
8215,L54143,L,302.8,314.3,1794,43.2,118,0,0,0,0,0,0
8216,L54144,L,302.8,314.3,1710,39.9,120,0,0,0,0,0,0
8217,H71616,H,302.8,314.3,1845,32.9,125,0,0,0,0,0,0
8218,M12458,M,302.8,314.2,1489,39.8,128,0,0,0,0,0,0
8219,L54145,L,302.7,314.2,1748,43.2,130,0,0,0,0,0,0
8220,H71617,H,302.7,314.2,1646,38.2,135,0,0,0,0,0,0
8221,L54146,L,302.7,314.3,1557,51.1,137,0,0,0,0,0,0
8222,M12459,M,302.8,314.3,1620,46.1,140,0,0,0,0,0,0
8223,L54147,L,302.7,314.3,1586,40.2,142,0,0,0,0,0,0
8224,H71618,H,302.8,314.3,1759,16.5,147,1,0,0,1,0,0
8225,L54148,L,302.8,314.3,2167,37.8,149,0,0,0,0,0,0
8226,L54149,L,302.7,314.2,1441,46.3,151,0,0,0,0,0,0
8227,M12460,M,302.7,314.2,1799,37.2,154,0,0,0,0,0,0
8228,L54150,L,302.8,314.2,1670,43.0,156,0,0,0,0,0,0
8229,H71619,H,302.8,314.2,1652,37.8,161,0,0,0,0,0,0
8230,M12461,M,302.7,314.2,1722,42.3,164,0,0,0,0,0,0
8231,L54151,L,302.7,314.2,1610,54.0,166,1,0,0,1,0,0
8232,L54152,L,302.7,314.2,1566,47.9,168,0,0,0,0,0,0
8233,H71620,H,302.8,314.2,1648,27.0,173,0,0,0,0,0,0
8234,M12462,M,302.8,314.2,1871,23.4,176,0,0,0,0,0,0
8235,H71621,H,302.7,314.2,1494,44.4,181,0,0,0,0,0,0
8236,L54153,L,302.7,314.2,1572,51.7,183,0,0,0,0,0,0
8237,H71622,H,302.7,314.2,1609,23.4,188,0,0,0,0,0,0
8238,M12463,M,302.7,314.2,1705,37.9,5,0,0,0,0,0,0
8239,M12464,M,302.8,314.2,1518,63.7,8,1,0,0,1,0,0
8240,L54154,L,302.7,310.8,1552,37.3,10,0,0,0,0,0,0
8241,L54155,L,302.7,314.2,1440,65.3,12,1,0,0,1,0,0
8242,H71623,H,302.7,314.2,1697,31.8,17,0,0,0,0,0,0
8243,H71624,H,302.7,314.2,1709,33.5,22,0,0,0,0,0,0
8244,L54156,L,302.8,314.2,1512,33.0,24,0,0,0,0,0,0
8245,H71625,H,302.7,314.2,1653,27.2,29,0,0,0,0,0,0
8246,L54157,L,302.7,314.2,1752,23.1,31,0,0,0,0,0,0
8247,L54158,L,302.7,314.2,1770,37.8,33,0,0,0,0,0,0
8248,L54159,L,302.7,314.2,1718,41.4,35,0,0,0,0,0,0
8249,L54160,L,302.7,314.2,1646,32.8,37,0,0,0,0,0,0
8250,L54161,L,302.7,314.2,1765,35.2,39,0,0,0,0,0,0
8251,L54162,L,302.7,310.8,1546,54.5,41,0,0,0,0,0,0
8252,L54163,L,302.8,314.3,1318,49.7,43,0,0,0,0,0,0
8253,M12465,M,302.8,314.3,1793,37.4,1,0,0,0,0,0,0
8254,H71626,H,302.8,314.3,1669,44.3,6,0,0,0,0,0,0
8255,M12466,M,302.8,314.3,1752,23.6,9,0,0,0,0,0,0
8256,L54164,L,302.7,314.2,1637,42.7,11,0,0,0,0,0,0
8257,M12467,M,302.7,314.2,1680,39.4,14,0,0,0,0,0,0
8258,L54165,L,302.7,314.1,1670,36.3,16,0,0,0,0,0,0
8259,M12468,M,302.7,314.1,1622,40.3,19,0,0,0,0,0,0
8260,M12469,M,302.7,314.2,1598,38.7,22,0,0,0,0,0,0
8261,L54166,L,302.7,314.2,1725,26.9,24,0,0,0,0,0,0
8262,L54167,L,302.8,314.2,1483,56.8,26,0,0,0,0,0,0
8263,H71627,H,302.7,314.2,1498,49.5,31,0,0,0,0,0,0
8264,H71628,H,302.7,314.1,1694,36.1,36,0,0,0,0,0,0
8265,M12470,M,302.7,314.2,1830,22.4,39,0,0,0,0,0,0
8266,H71629,H,302.7,314.1,1706,15.4,44,1,0,0,1,0,0
8267,H71630,H,302.7,314.2,1490,60.0,49,1,0,0,1,0,0
8268,L54168,L,302.7,314.1,1506,38.3,51,0,0,0,0,0,0
8269,M12471,M,302.7,314.1,1492,47.6,54,0,0,0,0,0,0
8270,L54169,L,302.7,311.0,1584,30.5,56,0,0,0,0,0,0
8271,L54170,L,302.7,314.1,1754,36.9,58,0,0,0,0,0,0
8272,L54171,L,302.7,314.1,1157,37.4,60,0,0,0,0,0,0
8273,H71631,H,302.8,314.2,1679,42.4,65,0,0,0,0,0,0
8274,M12472,M,302.8,314.2,1621,40.9,68,0,0,0,0,0,0
8275,L54172,L,302.7,314.2,1752,30.8,70,0,0,0,0,0,0
8276,L54173,L,302.7,314.1,1803,30.7,72,0,0,0,0,0,0
8277,L54174,L,302.8,314.2,1652,39.2,74,0,0,0,0,0,0
8278,M12473,M,302.8,314.2,1843,22.5,77,0,0,0,0,0,0
8279,H71632,H,302.7,314.1,1832,31.8,82,0,0,0,0,0,0
8280,L54175,L,302.7,314.0,1779,38.5,84,0,0,0,0,0,0
8281,L54176,L,302.6,314.0,1569,44.0,86,0,0,0,0,0,0
8282,M12474,M,302.6,314.0,1395,55.0,89,0,0,0,0,0,0
8283,L54177,L,302.6,314.0,1664,35.2,91,0,0,0,0,0,0
8284,M12475,M,302.7,314.1,1664,40.4,94,0,0,0,0,0,0
8285,L54178,L,302.7,314.0,1571,21.3,96,0,0,0,0,0,0
8286,L54179,L,302.7,314.1,1638,43.3,98,0,0,0,0,0,0
8287,L54180,L,302.7,314.1,1466,30.9,100,0,0,0,0,0,0
8288,H71633,H,302.7,314.1,2225,36.9,105,0,0,0,0,0,0
8289,L54181,L,302.8,314.1,1668,44.8,107,0,0,0,0,0,0
8290,L54182,L,302.7,314.1,1549,45.2,109,0,0,0,0,0,0
8291,M12476,M,302.7,314.1,1737,25.5,112,0,0,0,0,0,0
8292,H71634,H,302.7,314.1,1631,48.0,117,0,0,0,0,0,0
8293,L54183,L,302.7,314.1,1695,39.6,119,0,0,0,0,0,0
8294,L54184,L,302.7,314.0,1590,52.7,121,0,0,0,0,0,0
8295,M12477,M,302.7,314.0,1659,54.6,124,1,0,0,1,0,0
8296,L54185,L,302.7,314.1,1452,56.1,126,0,0,0,0,0,0
8297,M12478,M,302.7,314.1,1712,25.8,129,0,0,0,0,0,0
8298,L54186,L,302.7,314.1,1790,44.0,131,0,0,0,0,0,0
8299,L54187,L,302.8,314.1,1700,24.2,0,0,0,0,0,0,0
8300,L54188,L,302.8,314.1,1604,53.0,2,0,0,0,0,0,0
8301,M12479,M,302.8,314.1,1485,54.4,5,0,0,0,0,0,0
8302,L54189,L,302.8,314.1,1793,49.8,7,1,0,0,1,0,0
8303,L54190,L,302.8,314.1,1698,35.8,9,0,0,0,0,0,0
8304,L54191,L,302.8,314.1,1508,45.4,11,0,0,0,0,0,0
8305,M12480,M,302.8,314.1,1427,34.5,14,0,0,0,0,0,0
8306,L54192,L,302.8,314.1,1553,40.1,16,0,0,0,0,0,0
8307,M12481,M,302.9,314.1,1716,39.1,19,0,0,0,0,0,0
8308,M12482,M,302.9,314.1,1847,20.0,22,0,0,0,0,0,0
8309,L54193,L,302.9,314.2,1874,31.9,24,0,0,0,0,0,0
8310,H71635,H,303.0,314.2,1552,62.7,29,1,0,0,1,0,0
8311,H71636,H,303.0,314.3,1659,39.1,34,0,0,0,0,0,0
8312,L54194,L,303.0,314.2,1459,41.6,36,0,0,0,0,0,0
8313,L54195,L,303.0,314.2,1609,39.9,38,0,0,0,0,0,0
8314,L54196,L,303.0,314.3,1607,35.9,40,0,0,0,0,0,0
8315,L54197,L,303.1,314.3,1632,40.4,42,0,0,0,0,0,0
8316,M12483,M,303.1,314.4,1624,35.9,45,0,0,0,0,0,0
8317,H71637,H,303.1,314.3,1839,17.2,50,1,0,0,1,0,0
8318,H71638,H,303.1,314.3,1559,47.9,55,0,0,0,0,0,0
8319,L54198,L,303.2,314.4,1609,56.1,57,1,0,0,1,0,0
8320,L54199,L,303.2,314.5,1700,28.4,59,0,0,0,0,0,0
8321,L54200,L,303.2,314.5,1615,35.9,61,0,0,0,0,0,0
8322,M12484,M,303.2,314.4,1508,55.0,64,0,0,0,0,0,0
8323,L54201,L,303.2,314.5,1711,32.3,66,0,0,0,0,0,0
8324,H71639,H,303.2,314.5,1753,43.9,71,0,0,0,0,0,0
8325,H71640,H,303.2,314.5,1397,76.0,76,1,0,0,1,0,0
8326,L54202,L,303.3,314.5,1621,46.3,78,0,0,0,0,0,0
8327,M12485,M,303.3,314.5,1690,40.7,81,0,0,0,0,0,0
8328,M12486,M,303.3,314.6,1602,48.8,84,0,0,0,0,0,0
8329,H71641,H,303.3,314.6,1451,47.8,89,0,0,0,0,0,0
8330,L54203,L,303.3,314.5,1728,33.4,91,0,0,0,0,0,0
8331,L54204,L,303.3,314.6,1605,22.6,93,0,0,0,0,0,0
8332,M12487,M,303.4,314.6,1485,45.9,96,0,0,0,0,0,0
8333,L54205,L,303.4,314.6,1494,47.4,98,0,0,0,0,0,0
8334,M12488,M,303.4,314.7,1651,37.0,101,0,0,0,0,0,0
8335,L54206,L,303.4,314.6,1478,56.5,103,0,0,0,0,0,0
8336,M12489,M,303.4,314.6,1446,54.4,106,0,0,0,0,0,0
8337,H71642,H,303.4,314.6,1644,47.7,111,0,0,0,0,0,0
8338,L54207,L,303.4,314.7,1662,37.2,113,0,0,0,0,0,0
8339,L54208,L,303.5,314.7,1827,19.1,115,0,0,0,0,0,0
8340,M12490,M,303.5,314.7,1593,38.3,118,0,0,0,0,0,0
8341,L54209,L,303.5,314.8,1740,21.6,120,0,0,0,0,0,0
8342,M12491,M,303.6,314.8,1845,16.4,123,1,0,0,1,0,0
8343,M12492,M,303.6,314.8,1498,46.5,126,0,0,0,0,0,0
8344,L54210,L,303.6,314.8,1529,51.7,128,0,0,0,0,0,0
8345,H71643,H,303.6,314.9,1841,20.5,133,0,0,0,0,0,0
8346,M12493,M,303.6,311.7,1665,37.4,136,0,0,0,0,0,0
8347,M12494,M,303.6,314.8,1637,39.8,139,0,0,0,0,0,0
8348,L54211,L,303.7,315.0,1662,37.1,141,0,0,0,0,0,0
8349,L54212,L,303.6,314.9,1832,26.2,143,0,0,0,0,0,0
8350,L54213,L,303.7,315.0,1579,53.3,145,0,0,0,0,0,0
8351,H71644,H,303.7,315.0,1724,26.5,150,0,0,0,0,0,0
8352,H71645,H,303.7,315.0,1750,20.5,155,0,0,0,0,0,0
8353,H71646,H,303.7,315.0,1576,26.3,160,0,0,0,0,0,0
8354,L54214,L,303.8,315.0,1670,44.8,162,0,0,0,0,0,0
8355,M12495,M,303.8,315.0,1590,37.3,12,0,0,0,0,0,0
8356,M12496,M,303.8,315.1,1576,32.3,15,0,0,0,0,0,0
8357,M12497,M,303.8,315.1,1465,45.3,18,0,0,0,0,0,0
8358,L54215,L,303.8,315.1,1494,43.3,20,0,0,0,0,0,0
8359,H71647,H,303.8,315.1,1566,16.9,25,1,0,0,1,0,0
8360,L54216,L,303.9,315.1,1531,45.2,27,0,0,0,0,0,0
8361,L54217,L,303.9,315.1,1549,51.8,29,0,0,0,0,0,0
8362,H71648,H,303.9,315.1,1752,38.8,34,0,0,0,0,0,0
8363,L54218,L,303.9,315.1,1668,37.7,36,0,0,0,0,0,0
8364,L54219,L,303.9,315.1,1574,58.9,38,1,0,0,1,0,0
8365,M12498,M,303.8,315.0,1802,32.9,41,0,0,0,0,0,0
8366,H71649,H,303.8,315.0,1402,38.3,46,0,0,0,0,0,0
8367,L54220,L,303.8,315.0,1668,43.3,48,0,0,0,0,0,0
8368,M12499,M,303.8,315.0,1676,40.5,51,0,0,0,0,0,0
8369,L54221,L,303.8,315.0,1738,37.3,53,0,0,0,0,0,0
8370,L54222,L,303.7,314.9,1484,40.9,55,0,0,0,0,0,0
8371,L54223,L,303.7,314.8,1517,55.7,57,0,0,0,0,0,0
8372,M12500,M,303.7,314.9,1524,48.1,60,0,0,0,0,0,0
8373,L54224,L,303.7,314.9,1538,39.3,62,0,0,0,0,0,0
8374,L54225,L,303.7,314.9,1903,31.4,64,0,0,0,0,0,0
8375,M12501,M,303.7,314.9,1637,32.7,67,0,0,0,0,0,0
8376,M12502,M,303.7,314.9,1684,49.5,70,0,0,0,0,0,0
8377,M12503,M,303.7,314.9,1796,24.1,73,0,0,0,0,0,0
8378,H71650,H,303.7,314.9,1395,64.0,78,1,0,0,1,0,0
8379,L54226,L,303.7,314.9,1604,39.7,80,0,0,0,0,0,0
8380,L54227,L,303.7,314.9,1727,26.2,82,0,0,0,0,0,0
8381,L54228,L,303.8,314.9,1676,41.8,84,0,0,0,0,0,0
8382,M12504,M,303.7,314.9,1721,32.0,87,0,0,0,0,0,0
8383,L54229,L,303.7,314.9,1830,35.8,89,0,0,0,0,0,0
8384,L54230,L,303.8,314.9,1810,24.9,91,0,0,0,0,0,0
8385,L54231,L,303.7,314.9,1722,37.6,93,0,0,0,0,0,0
8386,L54232,L,303.7,314.9,1848,18.8,95,0,0,0,0,0,0
8387,H71651,H,303.7,314.8,1803,34.0,100,0,0,0,0,0,0
8388,M12505,M,303.7,314.9,1637,31.7,103,0,0,0,0,0,0
8389,L54233,L,303.7,314.8,1534,35.0,105,0,0,0,0,0,0
8390,M12506,M,303.7,314.8,1635,32.4,108,0,0,0,0,0,0
8391,M12507,M,303.7,314.9,1525,40.3,111,0,0,0,0,0,0
8392,L54234,L,303.7,314.8,1515,48.9,113,0,0,0,0,0,0
8393,L54235,L,303.7,314.8,1640,43.6,115,0,0,0,0,0,0
8394,M12508,M,303.6,314.8,1533,53.0,118,0,0,0,0,0,0
8395,L54236,L,303.6,314.8,1734,35.0,120,0,0,0,0,0,0
8396,M12509,M,303.6,314.8,1660,43.2,123,0,0,0,0,0,0
8397,M12510,M,303.7,314.8,1664,43.6,126,0,0,0,0,0,0
8398,M12511,M,303.6,314.8,1476,51.5,129,0,0,0,0,0,0
8399,H71652,H,303.6,314.8,1609,32.7,134,0,0,0,0,0,0
8400,M12512,M,303.6,314.7,1437,47.9,137,0,0,0,0,0,0
8401,M12513,M,303.6,314.7,1746,31.4,140,0,0,0,0,0,0
8402,L54237,L,303.6,314.8,1853,34.3,142,0,0,0,0,0,0
8403,M12514,M,303.6,314.7,1685,36.4,145,0,0,0,0,0,0
8404,H71653,H,303.6,314.7,1651,44.5,150,0,0,0,0,0,0
8405,H71654,H,303.5,314.7,1659,29.1,155,0,0,0,0,0,0
8406,H71655,H,303.5,314.6,1680,30.5,160,0,0,0,0,0,0
8407,L54238,L,303.4,314.6,1798,33.5,162,0,0,0,0,0,0
8408,M12515,M,303.5,314.6,1656,40.5,165,0,0,0,0,0,0
8409,H71656,H,303.4,314.5,1756,30.6,170,0,0,0,0,0,0
8410,M12516,M,303.4,314.6,1753,42.6,173,0,0,0,0,0,0
8411,M12517,M,303.4,314.6,1768,36.4,176,0,0,0,0,0,0
8412,M12518,M,303.4,314.5,1619,46.6,179,0,0,0,0,0,0
8413,M12519,M,303.4,311.7,1656,40.6,182,0,0,0,0,0,0
8414,L54239,L,303.4,314.5,1524,57.5,184,1,0,0,1,0,0
8415,L54240,L,303.4,314.5,1689,41.2,186,0,0,0,0,0,0
8416,H71657,H,303.4,314.5,1676,27.8,191,0,0,0,0,0,0
8417,H71658,H,303.4,314.5,1693,37.9,196,0,0,0,0,0,0
8418,H71659,H,303.4,314.5,1742,40.2,201,0,0,0,0,0,0
8419,L54241,L,303.4,314.5,1546,30.9,203,0,0,0,0,0,0
8420,L54242,L,303.4,314.5,1404,55.2,205,1,0,0,0,1,0
8421,L54243,L,303.3,314.4,1662,36.9,207,1,1,0,0,0,0
8422,H71660,H,303.3,314.4,1744,33.6,212,1,1,0,0,0,0
8423,M12520,M,303.3,314.4,1666,41.8,215,0,0,0,0,0,0
8424,H71661,H,303.2,314.4,1588,30.9,220,0,0,0,0,0,0
8425,L54244,L,303.2,314.4,1681,49.7,222,1,0,0,0,1,0
8426,M12521,M,303.2,314.4,1782,47.7,225,0,0,0,0,0,0
8427,M12522,M,303.2,314.4,1565,41.3,228,0,0,0,0,0,0
8428,L54245,L,303.3,314.4,1554,45.9,230,0,0,0,0,0,0
8429,H71662,H,303.2,314.4,1678,35.0,235,1,1,0,0,0,0
8430,M12523,M,303.2,314.4,1717,25.0,238,1,1,0,0,0,0
8431,L54246,L,303.2,314.4,1775,36.7,240,1,1,0,0,0,0
8432,L54247,L,303.2,314.3,1702,35.0,242,0,0,0,0,0,0
8433,H71663,H,303.1,314.3,1730,19.6,247,0,0,0,0,0,0
8434,M12524,M,303.2,314.4,1652,29.4,250,0,0,0,0,0,0
8435,M12525,M,303.1,314.4,1576,27.7,253,0,0,0,0,0,0
8436,M12526,M,303.1,314.4,1828,29.5,18,0,0,0,0,0,0
8437,L54248,L,303.1,314.4,1637,53.3,20,1,0,0,1,0,0
8438,M12527,M,303.2,314.4,1615,45.1,23,0,0,0,0,0,0
8439,H71664,H,303.2,314.4,1610,49.6,28,0,0,0,0,0,0
8440,L54249,L,303.1,314.4,1614,45.1,30,0,0,0,0,0,0
8441,M12528,M,303.1,314.4,1435,50.8,33,0,0,0,0,0,0
8442,L54250,L,303.1,314.4,1171,40.3,35,0,0,0,0,0,0
8443,L54251,L,303.1,314.4,1553,55.2,37,0,0,0,0,0,0
8444,L54252,L,303.1,314.3,1694,27.7,39,0,0,0,0,0,0
8445,H71665,H,303.1,314.3,1652,39.3,44,0,0,0,0,0,0
8446,L54253,L,303.1,314.4,1856,29.8,46,0,0,0,0,0,0
8447,L54254,L,303.2,314.4,1560,52.4,48,0,0,0,0,0,0
8448,M12529,M,303.2,314.4,1560,44.2,51,0,0,0,0,0,0
8449,L54255,L,303.2,314.4,1593,51.9,53,0,0,0,0,0,0
8450,M12530,M,303.2,314.4,1597,26.0,56,0,0,0,0,0,0
8451,H71666,H,303.2,314.4,1695,34.0,61,0,0,0,0,0,0
8452,L54256,L,303.2,314.4,1678,22.2,63,0,0,0,0,0,0
8453,L54257,L,303.2,314.4,1651,43.6,65,0,0,0,0,0,0
8454,H71667,H,303.2,314.4,1656,35.7,70,0,0,0,0,0,0
8455,L54258,L,303.2,314.4,1598,47.6,72,0,0,0,0,0,0
8456,L54259,L,303.2,314.4,1705,40.3,74,0,0,0,0,0,0
8457,H71668,H,303.2,314.5,1827,18.7,79,0,0,0,0,0,0
8458,H71669,H,303.2,314.4,1919,23.4,84,0,0,0,0,0,0
8459,M12531,M,303.2,314.4,1708,40.8,87,0,0,0,0,0,0
8460,M12532,M,303.2,314.4,1604,44.7,90,0,0,0,0,0,0
8461,H71670,H,303.2,311.8,1708,17.8,95,1,0,0,1,0,0
8462,M12533,M,303.2,314.4,1686,39.2,98,0,0,0,0,0,0
8463,M12534,M,303.1,314.4,1834,29.8,101,0,0,0,0,0,0
8464,H71671,H,303.1,314.3,1785,28.9,106,0,0,0,0,0,0
8465,M12535,M,303.1,314.3,1620,33.4,109,0,0,0,0,0,0
8466,M12536,M,303.0,314.3,1684,41.2,112,0,0,0,0,0,0
8467,L54260,L,303.0,314.3,1707,32.9,114,0,0,0,0,0,0
8468,M12537,M,303.0,314.2,1848,20.1,117,0,0,0,0,0,0
8469,M12538,M,303.0,314.2,1671,41.2,120,0,0,0,0,0,0
8470,L54261,L,302.9,314.2,1692,36.5,122,0,0,0,0,0,0
8471,L54262,L,303.0,314.2,1592,30.6,124,0,0,0,0,0,0
8472,H71672,H,303.0,314.2,1737,36.9,129,0,0,0,0,0,0
8473,L54263,L,303.0,311.4,1543,36.5,131,0,0,0,0,0,0
8474,L54264,L,303.0,314.2,1656,40.4,133,0,0,0,0,0,0
8475,L54265,L,302.9,314.1,1613,37.5,135,0,0,0,0,0,0
8476,L54266,L,302.9,314.1,1587,41.7,137,0,0,0,0,0,0
8477,M12539,M,302.9,314.1,1705,39.5,140,0,0,0,0,0,0
8478,L54267,L,302.9,314.1,1607,48.2,142,0,0,0,0,0,0
8479,L54268,L,302.9,314.1,1352,55.8,144,0,0,0,0,0,0
8480,H71673,H,302.9,314.1,1633,39.8,149,0,0,0,0,0,0
8481,L54269,L,302.9,314.1,1647,33.8,151,0,0,0,0,0,0
8482,L54270,L,302.9,314.1,1838,25.6,153,0,0,0,0,0,0
8483,H71674,H,302.9,314.1,1505,46.5,158,0,0,0,0,0,0
8484,M12540,M,302.9,314.1,1869,31.0,161,0,0,0,0,0,0
8485,M12541,M,302.9,314.1,1605,63.5,164,1,0,0,1,0,0
8486,H71675,H,302.9,314.1,1480,67.8,169,1,0,0,1,0,0
8487,H71676,H,303.0,314.2,1623,37.9,174,0,0,0,0,0,0
8488,L54271,L,303.0,314.2,1679,23.3,176,0,0,0,0,0,0
8489,M12542,M,303.0,314.2,1645,46.5,179,0,0,0,0,0,0
8490,M12543,M,303.0,314.2,1470,61.0,182,1,0,0,1,0,0
8491,L54272,L,303.0,314.2,1708,26.9,184,0,0,0,0,0,0
8492,H71677,H,303.0,314.2,1104,59.0,189,0,0,0,0,0,0
8493,L54273,L,303.0,314.2,1810,21.5,191,0,0,0,0,0,0
8494,H71678,H,303.1,314.3,1741,25.5,196,0,0,0,0,0,0
8495,M12544,M,303.1,314.3,1592,43.1,199,0,0,0,0,0,0
8496,M12545,M,303.1,314.4,1575,50.2,202,1,1,0,0,0,0
8497,L54274,L,303.1,314.4,1591,39.3,204,0,0,0,0,0,0
8498,H71679,H,303.2,314.4,1655,44.5,209,0,0,0,0,0,0
8499,M12546,M,303.2,314.4,1480,51.0,212,0,0,0,0,0,0
8500,L54275,L,303.2,314.4,1668,52.2,3,1,0,0,1,0,0
8501,L54276,L,303.2,314.4,1698,33.8,5,0,0,0,0,0,0
8502,M12547,M,303.2,314.4,1305,31.4,8,0,0,0,0,0,0
8503,L54277,L,303.2,314.4,1648,50.5,10,0,0,0,0,0,0
8504,M12548,M,303.1,314.3,1661,44.5,13,0,0,0,0,0,0
8505,M12549,M,303.1,314.3,1525,45.9,16,0,0,0,0,0,0
8506,L54278,L,303.1,314.3,1802,33.4,18,0,0,0,0,0,0
8507,M12550,M,303.1,314.3,1392,46.4,21,0,0,0,0,0,0
8508,L54279,L,303.1,314.3,1805,29.1,23,0,0,0,0,0,0
8509,H71680,H,303.1,314.3,1622,42.5,28,0,0,0,0,0,0
8510,H71681,H,303.1,314.3,1733,41.1,33,0,0,0,0,0,0
8511,L54280,L,303.1,314.3,1773,41.2,35,0,0,0,0,0,0
8512,M12551,M,303.1,314.3,1991,47.8,38,1,0,0,1,0,0
8513,M12552,M,303.1,314.3,1669,29.8,41,0,0,0,0,0,0
8514,H71682,H,303.1,314.3,1643,46.8,46,0,0,0,0,0,0
8515,L54281,L,303.1,314.3,1547,40.2,48,0,0,0,0,0,0
8516,M12553,M,303.1,314.3,1661,32.1,51,0,0,0,0,0,0
8517,H71683,H,303.1,314.3,1681,26.8,56,0,0,0,0,0,0
8518,L54282,L,303.1,314.3,1445,58.9,58,0,0,0,0,0,0
8519,M12554,M,303.1,314.2,1611,39.3,61,0,0,0,0,0,0
8520,L54283,L,303.1,314.2,1736,36.5,63,0,0,0,0,0,0
8521,M12555,M,303.1,314.2,1771,28.6,66,0,0,0,0,0,0
8522,L54284,L,303.1,314.2,1577,50.9,68,0,0,0,0,0,0
8523,H71684,H,303.1,314.2,1603,50.1,73,0,0,0,0,0,0
8524,L54285,L,303.0,314.2,1580,48.2,75,0,0,0,0,0,0
8525,L54286,L,303.0,314.1,1495,39.4,77,0,0,0,0,0,0
8526,H71685,H,303.0,314.2,1519,47.5,82,0,0,0,0,0,0
8527,H71686,H,303.0,314.2,1429,31.8,87,0,0,0,0,0,0
8528,M12556,M,303.0,314.2,1746,42.2,90,0,0,0,0,0,0
8529,M12557,M,302.9,314.1,1576,39.5,93,0,0,0,0,0,0
8530,L54287,L,302.9,314.1,1737,42.7,95,0,0,0,0,0,0
8531,M12558,M,302.9,314.1,1636,21.9,98,0,0,0,0,0,0
8532,L54288,L,303.0,314.1,1506,58.7,100,1,0,0,1,0,0
8533,L54289,L,303.0,314.1,1555,56.2,102,1,0,0,1,0,0
8534,H71687,H,302.9,314.1,1685,28.5,107,0,0,0,0,0,0
8535,M12559,M,302.9,314.1,1558,45.8,110,0,0,0,0,0,0
8536,L54290,L,302.9,314.1,1739,25.1,112,0,0,0,0,0,0
8537,L54291,L,302.9,314.0,1716,40.8,114,0,0,0,0,0,0
8538,H71688,H,302.9,314.1,1633,18.0,119,1,0,0,1,0,0
8539,L54292,L,302.9,314.1,1677,37.1,121,0,0,0,0,0,0
8540,L54293,L,302.9,314.1,1762,35.1,123,0,0,0,0,0,0
8541,L54294,L,302.9,314.1,1553,51.6,125,0,0,0,0,0,0
8542,L54295,L,302.9,314.1,1514,56.7,127,0,0,0,0,0,0
8543,L54296,L,303.0,314.1,1485,56.9,129,0,0,0,0,0,0
8544,H71689,H,303.0,314.2,1770,51.6,134,1,0,0,1,0,0
8545,L54297,L,303.0,314.1,1780,40.8,136,0,0,0,0,0,0
8546,M12560,M,303.0,314.2,1603,43.9,139,0,0,0,0,0,0
8547,M12561,M,303.1,314.2,1736,43.8,142,0,0,0,0,0,0
8548,M12562,M,303.0,314.2,1664,28.2,145,0,0,0,0,0,0
8549,M12563,M,303.0,314.1,1576,51.5,148,0,0,0,0,0,0
8550,M12564,M,303.0,314.1,1519,46.9,151,0,0,0,0,0,0
8551,M12565,M,303.0,314.1,1446,47.4,154,0,0,0,0,0,0
8552,M12566,M,303.0,314.1,1716,17.2,157,1,0,0,1,0,0
8553,M12567,M,303.0,314.1,1588,44.5,160,0,0,0,0,0,0
8554,M12568,M,303.0,314.1,1636,50.1,163,0,0,0,0,0,0
8555,M12569,M,302.9,314.0,1710,39.8,166,0,0,0,0,0,0
8556,L54298,L,302.9,314.0,1665,35.0,168,0,0,0,0,0,0
8557,M12570,M,302.9,314.0,1632,26.4,171,0,0,0,0,0,0
8558,M12571,M,302.9,314.0,1665,25.7,174,0,0,0,0,0,0
8559,L54299,L,302.9,314.0,1785,41.5,176,0,0,0,0,0,0
8560,H71690,H,302.9,314.0,1719,37.7,181,0,0,0,0,0,0
8561,L54300,L,303.0,314.1,1791,37.5,183,0,0,0,0,0,0
8562,L54301,L,303.0,314.0,1730,55.3,185,1,0,0,1,0,0
8563,H71691,H,302.9,314.0,1656,27.4,190,0,0,0,0,0,0
8564,L54302,L,303.0,314.0,1742,36.5,192,0,0,0,0,0,0
8565,L54303,L,303.0,314.1,1481,56.9,194,1,0,0,0,1,0
8566,L54304,L,303.0,314.0,1759,36.9,196,0,0,0,0,0,0
8567,H71692,H,303.0,314.0,1721,40.7,201,0,0,0,0,0,0
8568,L54305,L,303.0,314.1,1469,38.2,203,0,0,0,0,0,0
8569,M12572,M,303.0,314.1,1300,47.1,206,0,0,0,0,0,0
8570,M12573,M,303.0,314.0,1680,19.4,209,1,1,0,1,0,0
8571,M12574,M,303.0,314.1,1630,38.0,212,0,0,0,0,0,0
8572,H71693,H,302.9,314.0,1588,40.5,217,0,0,0,0,0,0
8573,H71694,H,302.9,313.9,1784,30.0,222,0,0,0,0,0,0
8574,L54306,L,302.8,313.9,1571,43.4,224,0,0,0,0,0,0
8575,H71695,H,302.9,313.9,1494,47.9,229,1,1,0,0,0,0
8576,M12575,M,302.9,313.9,1554,44.5,232,0,0,0,0,0,0
8577,L54307,L,302.9,313.9,1538,57.8,234,1,1,0,1,1,0
8578,L54308,L,302.9,313.9,1709,35.7,236,0,0,0,0,0,0
8579,M12576,M,302.9,313.9,1732,45.0,239,0,0,0,0,0,0
8580,L54309,L,302.9,313.9,1671,44.8,241,0,0,0,0,0,0
8581,M12577,M,302.9,314.0,1715,37.6,244,0,0,0,0,0,0
8582,L54310,L,302.9,314.0,1658,51.3,246,1,0,0,0,1,0
8583,M12578,M,302.9,313.9,1709,42.9,249,0,0,0,0,0,0
8584,L54311,L,302.9,313.9,1805,28.0,251,0,0,0,0,0,0
8585,H71696,H,302.9,310.8,1836,47.5,4,1,0,0,1,0,0
8586,L54312,L,302.9,313.9,1748,35.0,6,0,0,0,0,0,0
8587,L54313,L,302.9,313.9,1693,36.8,8,0,0,0,0,0,0
8588,L54314,L,302.9,314.0,1621,37.5,10,0,0,0,0,0,0
8589,L54315,L,302.9,314.0,1640,47.4,12,0,0,0,0,0,0
8590,M12579,M,302.9,314.0,1698,50.8,15,1,0,0,1,0,0
8591,M12580,M,302.8,311.2,1549,38.4,18,0,0,0,0,0,0
8592,L54316,L,302.8,313.8,1775,37.8,20,0,0,0,0,0,0
8593,H71697,H,302.8,313.8,1718,19.5,25,0,0,0,0,0,0
8594,L54317,L,302.7,313.8,1666,32.9,27,0,0,0,0,0,0
8595,L54318,L,302.7,313.8,1746,30.5,29,0,0,0,0,0,0
8596,M12581,M,302.7,313.8,1586,43.1,32,0,0,0,0,0,0
8597,M12582,M,302.8,313.8,1697,38.9,35,0,0,0,0,0,0
8598,M12583,M,302.8,313.8,1594,30.9,38,0,0,0,0,0,0
8599,L54319,L,302.9,313.9,1721,41.5,40,0,0,0,0,0,0
8600,L54320,L,302.9,313.9,1671,39.3,42,0,0,0,0,0,0
8601,M12584,M,302.9,313.9,1782,14.6,45,1,0,0,1,0,0
8602,L54321,L,302.9,313.9,1617,51.1,47,0,0,0,0,0,0
8603,L54322,L,302.9,313.9,1596,50.1,49,0,0,0,0,0,0
8604,H71698,H,302.9,313.9,1702,37.6,54,0,0,0,0,0,0
8605,M12585,M,302.9,313.8,1613,43.5,57,0,0,0,0,0,0
8606,L54323,L,302.9,313.8,1641,36.7,59,0,0,0,0,0,0
8607,L54324,L,302.8,313.8,1574,24.0,61,0,0,0,0,0,0
8608,M12586,M,302.8,313.8,1660,61.6,64,1,0,0,1,0,0
8609,L54325,L,302.8,313.8,1506,47.5,66,0,0,0,0,0,0
8610,L54326,L,302.8,310.8,1746,49.4,68,1,0,0,1,0,0
8611,L54327,L,302.7,313.7,1643,37.2,70,0,0,0,0,0,0
8612,M12587,M,302.7,313.7,1701,51.3,73,1,0,0,1,0,0
8613,M12588,M,302.7,313.6,1815,26.3,76,0,0,0,0,0,0
8614,L54328,L,302.7,313.6,1749,37.5,78,0,0,0,0,0,0
8615,L54329,L,302.7,313.7,1266,47.4,80,0,0,0,0,0,0
8616,M12589,M,302.7,313.7,1575,33.7,83,0,0,0,0,0,0
8617,M12590,M,302.7,313.7,1236,49.1,86,0,0,0,0,0,0
8618,M12591,M,302.6,313.7,1606,43.0,89,0,0,0,0,0,0
8619,L54330,L,302.6,313.7,1630,42.1,91,0,0,0,0,0,0
8620,M12592,M,302.6,313.7,1577,32.8,94,0,0,0,0,0,0
8621,H71699,H,302.7,313.7,1603,44.0,99,0,0,0,0,0,0
8622,M12593,M,302.7,313.7,1286,59.3,102,0,0,0,0,0,0
8623,L54331,L,302.7,313.8,1614,41.8,104,0,0,0,0,0,0
8624,M12594,M,302.8,313.9,1632,45.6,107,0,0,0,0,0,0
8625,L54332,L,302.8,313.8,1543,47.0,109,0,0,0,0,0,0
8626,L54333,L,302.8,313.9,1685,28.6,111,0,0,0,0,0,0
8627,L54334,L,302.8,313.9,1672,38.7,113,0,0,0,0,0,0
8628,H71700,H,302.8,314.0,1750,38.4,118,0,0,0,0,0,0
8629,L54335,L,302.9,314.0,1855,18.8,120,0,0,0,0,0,0
8630,H71701,H,302.8,313.9,1636,47.9,125,0,0,0,0,0,0
8631,M12595,M,302.8,313.9,1696,30.7,128,0,0,0,0,0,0
8632,M12596,M,302.7,313.8,1647,46.8,131,0,0,0,0,0,0
8633,L54336,L,302.7,313.8,1851,32.4,133,0,0,0,0,0,0
8634,M12597,M,302.7,313.8,1589,60.4,136,1,0,0,1,0,0
8635,L54337,L,302.8,313.9,1688,37.2,138,0,0,0,0,0,0
8636,L54338,L,302.8,313.8,1647,59.2,140,1,0,0,1,0,0
8637,L54339,L,302.8,313.9,1663,38.3,142,0,0,0,0,0,0
8638,L54340,L,302.8,313.9,1576,39.5,144,0,0,0,0,0,0
8639,M12598,M,302.8,314.0,1260,55.7,147,0,0,0,0,0,0
8640,L54341,L,302.8,314.0,1713,30.8,149,0,0,0,0,0,0
8641,L54342,L,302.8,314.0,1628,40.5,7,0,0,0,0,0,0
8642,H71702,H,302.9,314.0,1671,45.4,12,0,0,0,0,0,0
8643,L54343,L,302.9,314.0,1466,44.0,14,0,0,0,0,0,0
8644,L54344,L,302.9,314.0,1599,40.4,16,0,0,0,0,0,0
8645,L54345,L,302.9,314.0,1576,39.1,18,0,0,0,0,0,0
8646,L54346,L,302.9,314.0,1536,48.5,20,0,0,0,0,0,0
8647,M12599,M,302.9,314.0,1627,41.8,23,0,0,0,0,0,0
8648,L54347,L,302.9,314.0,1518,49.7,25,0,0,0,0,0,0
8649,L54348,L,302.8,313.9,1781,43.9,27,0,0,0,0,0,0
8650,M12600,M,302.9,314.0,1657,46.5,30,0,0,0,0,0,0
8651,L54349,L,302.9,314.0,1520,51.3,32,0,0,0,0,0,0
8652,H71703,H,302.9,313.9,1509,36.9,37,0,0,0,0,0,0
8653,H71704,H,302.8,313.9,1540,51.1,42,0,0,0,0,0,0
8654,L54350,L,302.9,314.0,1628,38.4,44,0,0,0,0,0,0
8655,L54351,L,302.9,314.0,1666,26.0,46,0,0,0,0,0,0
8656,L54352,L,302.9,314.0,1896,36.7,48,0,0,0,0,0,0
8657,L54353,L,302.9,314.0,1539,32.8,50,0,0,0,0,0,0
8658,L54354,L,302.9,314.0,1635,43.8,52,0,0,0,0,0,0
8659,M12601,M,302.8,313.9,1653,37.1,55,0,0,0,0,0,0
8660,L54355,L,302.8,313.9,1621,41.3,57,0,0,0,0,0,0
8661,L54356,L,302.8,313.9,1423,50.1,59,0,0,0,0,0,0
8662,L54357,L,302.8,313.9,1569,54.9,61,1,0,0,1,0,0
8663,H71705,H,302.8,313.9,1651,42.9,66,0,0,0,0,0,0
8664,H71706,H,302.8,313.9,1657,50.9,71,0,0,0,0,0,0
8665,L54358,L,302.8,313.9,1703,38.2,73,0,0,0,0,0,0
8666,M12602,M,302.7,311.1,1841,24.4,76,0,0,0,0,0,0
8667,L54359,L,302.7,313.9,1177,28.2,78,1,0,0,1,0,0
8668,M12603,M,302.7,313.9,2059,38.0,81,0,0,0,0,0,0
8669,M12604,M,302.8,313.9,1834,48.0,84,1,0,0,1,0,0
8670,H71707,H,302.8,313.9,1755,38.1,89,0,0,0,0,0,0
8671,L54360,L,302.8,314.0,1458,51.9,91,0,0,0,0,0,0
8672,L54361,L,302.8,313.9,1563,58.3,93,1,0,0,1,0,0
8673,H71708,H,302.7,313.9,1602,31.1,98,0,0,0,0,0,0
8674,L54362,L,302.7,313.9,1501,61.2,100,1,0,0,1,0,0
8675,L54363,L,302.7,313.9,1915,23.7,102,0,0,0,0,0,0
8676,M12605,M,302.8,313.9,1640,58.5,105,1,0,0,1,0,0
8677,M12606,M,302.8,313.9,1515,39.7,108,0,0,0,0,0,0
8678,M12607,M,302.7,313.9,1593,37.7,111,0,0,0,0,0,0
8679,M12608,M,302.7,313.9,1650,39.9,114,0,0,0,0,0,0
8680,M12609,M,302.7,313.9,1668,32.0,117,0,0,0,0,0,0
8681,L54364,L,302.7,313.9,1600,55.0,119,1,0,0,1,0,0
8682,M12610,M,302.7,313.9,1616,33.1,11,0,0,0,0,0,0
8683,M12611,M,302.8,313.9,1646,34.4,14,0,0,0,0,0,0
8684,H71709,H,302.7,313.9,1651,26.2,19,0,0,0,0,0,0
8685,L54365,L,302.7,313.8,1655,32.7,21,0,0,0,0,0,0
8686,L54366,L,302.6,313.8,1750,33.0,23,0,0,0,0,0,0
8687,M12612,M,302.6,311.0,1717,32.3,26,0,0,0,0,0,0
8688,L54367,L,302.6,313.8,1596,38.2,28,0,0,0,0,0,0
8689,L54368,L,302.6,313.8,1810,28.9,30,0,0,0,0,0,0
8690,H71710,H,302.6,313.8,1663,55.9,35,1,0,0,1,0,0
8691,M12613,M,302.6,313.8,1658,38.5,38,0,0,0,0,0,0
8692,L54369,L,302.6,313.8,1607,43.7,40,0,0,0,0,0,0
8693,L54370,L,302.6,313.9,1764,48.6,42,0,0,0,0,0,0
8694,L54371,L,302.6,313.8,1689,60.2,44,1,0,0,1,0,0
8695,M12614,M,302.6,313.8,1466,49.1,47,0,0,0,0,0,0
8696,L54372,L,302.6,313.8,1770,37.5,49,0,0,0,0,0,0
8697,L54373,L,302.7,313.9,1861,29.3,51,0,0,0,0,0,0
8698,L54374,L,302.7,313.9,1692,43.4,53,0,0,0,0,0,0
8699,L54375,L,302.7,313.9,1553,50.6,55,0,0,0,0,0,0
8700,L54376,L,302.7,313.8,1612,41.4,57,0,0,0,0,0,0
8701,L54377,L,302.7,313.8,1801,40.7,59,0,0,0,0,0,0
8702,M12615,M,302.6,313.8,1714,42.1,62,0,0,0,0,0,0
8703,L54378,L,302.7,313.9,1796,21.3,64,0,0,0,0,0,0
8704,L54379,L,302.7,313.9,1852,41.5,66,0,0,0,0,0,0
8705,L54380,L,302.7,313.9,1521,47.3,68,0,0,0,0,0,0
8706,L54381,L,302.7,314.0,1644,39.5,70,0,0,0,0,0,0
8707,L54382,L,302.7,314.0,1609,51.2,72,0,0,0,0,0,0
8708,L54383,L,302.7,314.0,1571,51.6,74,0,0,0,0,0,0
8709,L54384,L,302.7,313.9,1511,35.0,76,0,0,0,0,0,0
8710,L54385,L,302.6,310.5,1717,44.4,78,0,0,0,0,0,0
8711,M12616,M,302.6,313.8,2000,40.4,81,0,0,0,0,0,0
8712,L54386,L,302.5,313.7,1686,19.7,83,1,0,0,1,0,0
8713,M12617,M,302.5,313.8,1627,38.1,86,0,0,0,0,0,0
8714,M12618,M,302.5,313.8,1683,29.7,89,0,0,0,0,0,0
8715,L54387,L,302.6,313.8,1632,41.3,91,0,0,0,0,0,0
8716,L54388,L,302.5,313.8,1701,46.8,93,0,0,0,0,0,0
8717,L54389,L,302.5,313.8,1767,37.8,95,0,0,0,0,0,0
8718,L54390,L,302.6,313.8,1673,31.0,97,0,0,0,0,0,0
8719,M12619,M,302.5,313.8,1584,42.3,100,0,0,0,0,0,0
8720,L54391,L,302.6,313.8,1511,64.4,102,1,0,0,1,0,0
8721,H71711,H,302.6,313.8,1333,18.3,107,1,0,0,1,0,0
8722,L54392,L,302.6,313.8,1635,42.3,109,0,0,0,0,0,0
8723,M12620,M,302.6,313.8,2013,34.6,112,0,0,0,0,0,0
8724,M12621,M,302.6,313.8,1864,35.7,115,0,0,0,0,0,0
8725,M12622,M,302.6,313.8,1667,39.0,118,0,0,0,0,0,0
8726,H71712,H,302.6,313.8,1619,36.6,123,0,0,0,0,0,0
8727,H71713,H,302.6,313.8,1682,46.0,128,0,0,0,0,0,0
8728,L54393,L,302.6,313.7,1552,37.6,130,0,0,0,0,0,0
8729,L54394,L,302.5,313.7,1698,18.4,132,1,0,0,1,0,0
8730,L54395,L,302.5,313.7,1622,52.8,134,0,0,0,0,0,0
8731,L54396,L,302.5,313.7,1603,51.3,136,0,0,0,0,0,0
8732,M12623,M,302.5,313.7,1776,33.9,139,0,0,0,0,0,0
8733,L54397,L,302.5,313.7,1402,40.5,141,0,0,0,0,0,0
8734,L54398,L,302.5,313.7,1660,52.2,0,1,0,0,1,0,0
8735,M12624,M,302.5,313.7,1547,50.3,3,0,0,0,0,0,0
8736,L54399,L,302.5,313.6,1474,53.6,5,0,0,0,0,0,0
8737,M12625,M,302.4,313.6,1475,43.7,8,0,0,0,0,0,0
8738,L54400,L,302.4,313.6,1560,47.7,10,0,0,0,0,0,0
8739,M12626,M,302.4,313.6,1720,54.1,13,1,0,0,1,0,0
8740,M12627,M,302.4,313.6,1755,36.6,16,0,0,0,0,0,0
8741,L54401,L,302.4,313.6,1774,44.4,18,0,0,0,0,0,0
8742,M12628,M,302.5,313.6,1751,18.5,21,1,0,0,1,0,0
8743,L54402,L,302.4,313.6,1742,24.2,23,0,0,0,0,0,0
8744,M12629,M,302.4,313.6,1482,45.0,26,0,0,0,0,0,0
8745,M12630,M,302.5,313.7,1474,46.5,29,0,0,0,0,0,0
8746,L54403,L,302.4,313.6,1657,36.1,31,0,0,0,0,0,0
8747,M12631,M,302.4,313.6,1558,33.9,34,0,0,0,0,0,0
8748,H71714,H,302.4,313.6,1591,36.4,39,0,0,0,0,0,0
8749,M12632,M,302.4,313.6,1644,41.9,42,0,0,0,0,0,0
8750,M12633,M,302.3,313.5,1885,16.9,45,1,0,0,1,0,0
8751,M12634,M,302.4,310.6,1627,44.7,48,0,0,0,0,0,0
8752,L54404,L,302.4,313.6,1526,40.3,50,0,0,0,0,0,0
8753,M12635,M,302.3,313.5,1473,42.5,53,0,0,0,0,0,0
8754,H71715,H,302.3,313.5,1667,38.8,58,0,0,0,0,0,0
8755,L54405,L,302.3,313.5,1665,26.2,60,0,0,0,0,0,0
8756,L54406,L,302.3,313.5,1718,29.0,9,0,0,0,0,0,0
8757,L54407,L,302.4,313.6,1552,55.2,11,0,0,0,0,0,0
8758,L54408,L,302.4,313.6,1677,33.6,13,0,0,0,0,0,0
8759,L54409,L,302.4,313.6,1716,48.1,15,0,0,0,0,0,0
8760,L54410,L,302.4,313.5,1801,29.2,17,0,0,0,0,0,0
8761,M12636,M,302.4,313.6,1684,39.9,20,0,0,0,0,0,0
8762,L54411,L,302.4,313.6,1242,35.6,22,0,0,0,0,0,0
8763,L54412,L,302.4,313.6,1615,37.1,24,0,0,0,0,0,0
8764,M12637,M,302.3,313.5,1736,36.6,27,0,0,0,0,0,0
8765,L54413,L,302.4,313.5,1692,54.4,29,1,0,0,1,0,0
8766,L54414,L,302.3,313.5,1435,59.3,31,0,0,0,0,0,0
8767,M12638,M,302.3,313.5,1775,42.4,34,0,0,0,0,0,0
8768,H71716,H,302.4,310.0,1601,35.9,39,0,0,0,0,0,0
8769,M12639,M,302.3,313.5,1779,26.7,42,0,0,0,0,0,0
8770,L54415,L,302.4,313.5,1975,26.0,44,0,0,0,0,0,0
8771,L54416,L,302.4,313.5,1082,54.5,46,0,0,0,0,0,0
8772,H71717,H,302.4,313.5,1772,25.3,51,0,0,0,0,0,0
8773,M12640,M,302.3,313.4,1645,35.6,54,0,0,0,0,0,0
8774,M12641,M,302.4,313.5,1682,41.6,57,0,0,0,0,0,0
8775,M12642,M,302.4,313.5,1730,14.0,60,1,0,0,1,0,0
8776,L54417,L,302.3,313.4,1492,27.5,62,0,0,0,0,0,0
8777,L54418,L,302.3,313.4,1652,26.6,9,0,0,0,0,0,0
8778,M12643,M,302.3,313.4,1716,33.3,12,0,0,0,0,0,0
8779,H71718,H,302.3,313.4,1758,42.6,17,0,0,0,0,0,0
8780,L54419,L,302.3,313.4,1633,50.3,19,0,0,0,0,0,0
8781,M12644,M,302.3,313.3,1817,33.4,22,0,0,0,0,0,0
8782,L54420,L,302.3,313.4,1630,35.4,24,0,0,0,0,0,0
8783,H71719,H,302.3,313.3,1604,38.8,29,0,0,0,0,0,0
8784,L54421,L,302.4,313.4,1723,31.9,31,0,0,0,0,0,0
8785,M12645,M,302.4,313.4,1595,44.2,34,0,0,0,0,0,0
8786,L54422,L,302.3,313.4,1728,44.5,36,0,0,0,0,0,0
8787,M12646,M,302.3,313.4,1665,12.8,39,1,0,0,1,0,0
8788,M12647,M,302.4,313.4,1694,46.4,42,0,0,0,0,0,0
8789,L54423,L,302.4,313.5,1752,41.3,44,0,0,0,0,0,0
8790,H71720,H,302.4,313.4,1669,42.6,49,0,0,0,0,0,0
8791,H71721,H,302.4,313.5,1671,51.8,54,1,0,0,1,0,0
8792,H71722,H,302.5,313.5,1684,22.1,59,0,0,0,0,0,0
8793,L54424,L,302.4,313.5,1640,27.4,61,0,0,0,0,0,0
8794,M12648,M,302.4,313.5,1685,39.3,64,0,0,0,0,0,0
8795,M12649,M,302.4,313.5,1706,16.8,67,1,0,0,1,0,0
8796,M12650,M,302.3,313.4,1688,37.9,70,0,0,0,0,0,0
8797,L54425,L,302.3,313.4,1633,48.5,72,0,0,0,0,0,0
8798,M12651,M,302.4,313.5,1623,44.0,75,0,0,0,0,0,0
8799,L54426,L,302.3,313.4,1671,40.8,77,0,0,0,0,0,0
8800,L54427,L,302.3,313.4,1369,37.7,79,0,0,0,0,0,0
8801,L54428,L,302.4,313.5,1663,35.7,81,0,0,0,0,0,0
8802,L54429,L,302.4,310.8,1632,35.1,83,0,0,0,0,0,0
8803,L54430,L,302.4,313.5,1712,42.3,85,0,0,0,0,0,0
8804,L54431,L,302.4,313.5,1755,24.5,87,0,0,0,0,0,0
8805,M12652,M,302.4,313.5,1615,54.6,90,1,0,0,1,0,0
8806,M12653,M,302.3,313.5,1741,32.6,93,0,0,0,0,0,0
8807,L54432,L,302.4,313.5,1634,45.6,95,0,0,0,0,0,0
8808,M12654,M,302.4,313.5,1615,40.8,98,0,0,0,0,0,0
8809,H71723,H,302.4,313.6,1654,28.5,103,0,0,0,0,0,0
8810,H71724,H,302.4,313.6,1575,52.9,108,0,0,0,0,0,0
8811,H71725,H,302.4,310.8,1637,50.8,113,0,0,0,0,0,0
8812,H71726,H,302.3,313.5,1779,24.3,118,0,0,0,0,0,0
8813,M12655,M,302.3,313.5,1667,39.3,121,0,0,0,0,0,0
8814,H71727,H,302.3,313.5,1671,42.1,126,0,0,0,0,0,0
8815,H71728,H,302.3,313.4,1658,19.3,131,1,0,0,1,0,0
8816,L54433,L,302.3,313.4,1718,18.8,133,1,0,0,1,0,0
8817,H71729,H,302.3,313.4,1754,31.7,138,0,0,0,0,0,0
8818,M12656,M,302.2,313.4,1643,26.9,141,0,0,0,0,0,0
8819,M12657,M,302.2,313.3,1717,29.6,144,0,0,0,0,0,0
8820,H71730,H,302.2,313.4,1723,26.9,149,0,0,0,0,0,0
8821,L54434,L,302.2,313.4,1646,38.8,151,0,0,0,0,0,0
8822,L54435,L,302.3,313.4,1757,31.1,153,0,0,0,0,0,0
8823,M12658,M,302.3,313.4,1613,51.1,156,0,0,0,0,0,0
8824,M12659,M,302.3,313.4,1533,41.8,159,0,0,0,0,0,0
8825,H71731,H,302.3,313.4,1655,47.9,164,0,0,0,0,0,0
8826,H71732,H,302.3,313.5,1692,23.1,169,0,0,0,0,0,0
8827,M12660,M,302.3,313.5,1560,33.7,172,0,0,0,0,0,0
8828,H71733,H,302.4,313.5,1710,41.4,177,0,0,0,0,0,0
8829,L54436,L,302.4,313.5,1520,44.5,179,0,0,0,0,0,0
8830,H71734,H,302.3,313.5,1652,33.5,184,0,0,0,0,0,0
8831,L54437,L,302.4,313.5,1702,35.0,186,0,0,0,0,0,0
8832,M12661,M,302.4,313.6,1664,36.1,189,0,0,0,0,0,0
8833,L54438,L,302.4,313.6,1609,37.0,191,0,0,0,0,0,0
8834,M12662,M,302.4,313.6,1448,61.6,194,1,0,0,1,0,0
8835,L54439,L,302.5,313.6,1565,43.1,196,0,0,0,0,0,0
8836,L54440,L,302.5,313.6,1551,40.4,198,0,0,0,0,0,0
8837,M12663,M,302.5,313.6,1704,27.4,201,1,1,0,0,0,0
8838,M12664,M,302.5,313.6,1665,27.6,204,1,1,0,0,0,0
8839,L54441,L,302.5,313.6,1537,37.9,206,1,1,0,0,0,0
8840,M12665,M,302.5,313.6,1565,51.3,209,0,0,0,0,0,0
8841,L54442,L,302.5,313.6,1602,38.0,211,0,0,0,0,0,0
8842,L54443,L,302.4,313.6,1682,38.4,213,1,1,0,0,0,0
8843,L54444,L,302.4,313.5,1721,32.6,215,0,0,0,0,0,0
8844,M12666,M,302.4,313.5,1861,22.6,218,0,0,0,0,0,0
8845,M12667,M,302.4,313.5,1686,44.4,221,0,0,0,0,0,0
8846,M12668,M,302.4,313.5,1565,37.5,224,1,1,0,0,0,0
8847,H71735,H,302.5,313.6,1431,44.5,229,0,0,0,0,0,0
8848,M12669,M,302.5,313.6,1505,41.5,232,0,0,0,0,0,0
8849,M12670,M,302.5,313.7,1655,30.4,235,0,0,0,0,0,0
8850,H71736,H,302.5,313.6,1494,42.3,240,0,0,0,0,0,0
8851,L54445,L,302.5,313.6,1662,27.1,242,0,0,0,0,0,0
8852,L54446,L,302.5,313.6,1642,42.2,244,0,0,0,0,0,0
8853,L54447,L,302.5,313.7,1603,39.4,246,0,0,0,0,0,0
8854,M12671,M,302.6,313.7,1595,55.4,249,1,0,0,1,1,0
8855,M12672,M,302.6,313.8,1640,31.3,252,0,0,0,0,0,0
8856,L54448,L,302.6,313.7,1650,26.7,14,0,0,0,0,0,0
8857,H71737,H,302.6,313.7,1825,35.9,19,0,0,0,0,0,0
8858,H71738,H,302.6,313.7,1615,46.1,24,0,0,0,0,0,0
8859,L54449,L,302.6,313.7,1806,12.0,26,1,0,0,1,0,0
8860,L54450,L,302.7,313.8,1680,48.8,28,0,0,0,0,0,0
8861,L54451,L,302.7,313.8,1740,37.9,30,0,0,0,0,0,0
8862,L54452,L,302.7,313.8,1676,28.6,32,0,0,0,0,0,0
8863,H71739,H,302.6,313.7,1763,36.3,37,0,0,0,0,0,0
8864,M12673,M,302.7,310.8,1298,32.6,40,1,0,1,0,0,0
8865,L54453,L,302.6,313.8,1805,27.7,42,0,0,0,0,0,0
8866,L54454,L,302.7,313.8,1640,20.6,44,0,0,0,0,0,0
8867,L54455,L,302.6,313.8,1584,47.3,46,0,0,0,0,0,0
8868,L54456,L,302.7,313.8,1699,34.4,48,0,0,0,0,0,0
8869,L54457,L,302.7,313.8,1703,36.1,50,0,0,0,0,0,0
8870,M12674,M,302.7,313.8,1530,48.4,53,0,0,0,0,0,0
8871,M12675,M,302.6,313.8,1499,40.6,56,0,0,0,0,0,0
8872,H71740,H,302.6,313.7,1773,24.4,61,0,0,0,0,0,0
8873,L54458,L,302.5,313.7,1596,46.7,63,0,0,0,0,0,0
8874,M12676,M,302.5,313.6,1538,54.8,66,0,0,0,0,0,0
8875,L54459,L,302.6,313.7,1773,45.0,68,0,0,0,0,0,0
8876,L54460,L,302.5,313.6,1669,31.3,70,0,0,0,0,0,0
8877,H71741,H,302.5,313.6,1680,25.3,75,0,0,0,0,0,0
8878,M12677,M,302.5,313.6,1535,31.0,78,0,0,0,0,0,0
8879,L54461,L,302.5,313.6,1547,41.0,80,0,0,0,0,0,0
8880,L54462,L,302.4,313.6,1655,54.3,82,1,0,0,1,0,0
8881,M12678,M,302.5,313.6,1624,32.4,85,0,0,0,0,0,0
8882,H71742,H,302.5,313.6,1740,33.5,90,0,0,0,0,0,0
8883,M12679,M,302.4,313.5,1481,50.2,93,0,0,0,0,0,0
8884,L54463,L,302.4,313.5,1594,35.7,95,0,0,0,0,0,0
8885,L54464,L,302.4,313.5,1480,57.1,97,0,0,0,0,0,0
8886,L54465,L,302.3,313.5,1701,38.5,99,0,0,0,0,0,0
8887,L54466,L,302.3,313.5,1570,51.7,101,0,0,0,0,0,0
8888,M12680,M,302.3,313.4,1530,43.8,104,0,0,0,0,0,0
8889,M12681,M,302.3,313.4,1678,47.1,107,0,0,0,0,0,0
8890,L54467,L,302.2,313.4,1704,38.2,109,0,0,0,0,0,0
8891,M12682,M,302.3,313.4,1686,38.9,112,0,0,0,0,0,0
8892,M12683,M,302.3,313.4,1655,44.2,115,0,0,0,0,0,0
8893,M12684,M,302.3,313.4,1532,48.0,118,0,0,0,0,0,0
8894,L54468,L,302.3,313.4,1736,45.3,120,0,0,0,0,0,0
8895,L54469,L,302.3,313.4,1733,22.3,122,0,0,0,0,0,0
8896,L54470,L,302.3,313.3,1661,42.6,124,0,0,0,0,0,0
8897,L54471,L,302.3,310.4,1719,33.4,126,0,0,0,0,0,0
8898,L54472,L,302.3,313.3,1593,34.5,128,0,0,0,0,0,0
8899,L54473,L,302.3,313.4,1797,44.6,130,0,0,0,0,0,0
8900,L54474,L,302.3,313.4,1559,57.0,132,1,0,0,1,0,0
8901,L54475,L,302.3,313.3,1665,37.7,134,0,0,0,0,0,0
8902,H71743,H,302.3,313.4,1510,59.7,139,1,0,0,1,0,0
8903,M12685,M,302.3,313.4,1811,29.0,142,0,0,0,0,0,0
8904,L54476,L,302.3,313.4,1693,52.3,144,1,0,0,1,0,0
8905,H71744,H,302.4,313.4,1642,44.3,149,0,0,0,0,0,0
8906,L54477,L,302.4,313.5,1507,42.1,151,0,0,0,0,0,0
8907,L54478,L,302.5,313.5,1563,53.8,153,0,0,0,0,0,0
8908,H71745,H,302.5,313.5,1677,33.6,158,0,0,0,0,0,0
8909,L54479,L,302.4,313.5,1543,52.8,160,0,0,0,0,0,0
8910,L54480,L,302.4,313.5,1572,37.9,162,0,0,0,0,0,0
8911,L54481,L,302.4,313.5,1544,33.6,164,0,0,0,0,0,0
8912,M12686,M,302.4,313.5,1851,26.7,167,0,0,0,0,0,0
8913,M12687,M,302.4,313.5,1634,55.9,170,1,0,0,1,0,0
8914,L54482,L,302.5,313.5,1594,51.4,172,0,0,0,0,0,0
8915,L54483,L,302.5,313.5,1616,35.2,174,0,0,0,0,0,0
8916,L54484,L,302.5,313.5,2074,45.5,176,1,0,0,1,0,0
8917,M12688,M,302.4,313.5,1662,41.3,179,0,0,0,0,0,0
8918,L54485,L,302.5,313.5,1632,36.5,181,0,0,0,0,0,0
8919,H71746,H,302.5,313.5,1635,49.6,186,0,0,0,0,0,0
8920,M12689,M,302.5,313.6,1729,33.7,189,0,0,0,0,0,0
8921,L54486,L,302.6,313.6,1826,18.1,191,1,0,0,1,0,0
8922,M12690,M,302.6,313.6,1207,42.6,194,0,0,0,0,0,0
8923,L54487,L,302.6,313.6,1685,40.7,196,0,0,0,0,0,0
8924,L54488,L,302.6,313.7,1787,34.1,198,0,0,0,0,0,0
8925,L54489,L,302.6,313.7,1723,31.1,200,0,0,0,0,0,0
8926,L54490,L,302.6,313.7,1930,24.4,202,0,0,0,0,0,0
8927,M12691,M,302.6,313.7,1653,36.4,205,1,1,0,0,0,0
8928,H71747,H,302.6,313.6,1541,31.2,210,0,0,0,0,0,0
8929,L54491,L,302.5,313.6,1523,49.6,212,0,0,0,0,0,0
8930,L54492,L,302.5,313.6,1563,45.2,214,0,0,0,0,0,0
8931,M12692,M,302.6,313.6,1725,35.2,217,0,0,0,0,0,0
8932,L54493,L,302.6,313.6,1698,45.2,219,0,0,0,0,0,0
8933,L54494,L,302.6,313.6,1668,38.9,221,0,0,0,0,0,0
8934,H71748,H,302.6,313.7,1690,37.3,226,0,0,0,0,0,0
8935,H71749,H,302.6,313.6,1825,39.5,231,1,1,0,0,0,0
8936,H71750,H,302.6,313.7,1483,57.7,236,1,0,0,0,1,0
8937,L54495,L,302.6,313.7,1610,46.4,238,1,0,0,0,1,0
8938,L54496,L,302.6,313.6,1625,37.0,240,0,0,0,0,0,0
8939,L54497,L,302.6,313.7,1498,48.9,242,1,0,0,0,1,0
8940,H71751,H,302.6,313.7,1423,48.6,247,0,0,0,0,0,0
8941,L54498,L,302.6,313.6,1753,42.6,249,0,0,0,0,0,0
8942,L54499,L,302.6,313.6,1598,36.7,251,0,0,0,0,0,0
8943,L54500,L,302.6,313.7,1648,36.1,253,0,0,0,0,0,0
8944,M12693,M,302.7,313.7,1745,29.2,0,0,0,0,0,0,0
8945,M12694,M,302.7,313.8,1534,41.8,3,0,0,0,0,0,0
8946,M12695,M,302.7,313.8,1607,33.9,6,0,0,0,0,0,0
8947,L54501,L,302.6,313.7,1671,35.6,8,0,0,0,0,0,0
8948,M12696,M,302.7,313.8,1578,46.2,11,0,0,0,0,0,0
8949,L54502,L,302.7,313.8,1447,56.9,13,0,0,0,0,0,0
8950,L54503,L,302.8,313.8,1685,43.7,15,0,0,0,0,0,0
8951,L54504,L,302.7,313.7,1614,38.9,17,0,0,0,0,0,0
8952,M12697,M,302.7,313.7,1663,39.8,20,0,0,0,0,0,0
8953,L54505,L,302.7,313.7,1596,51.4,22,0,0,0,0,0,0
8954,H71752,H,302.7,313.7,1717,43.9,27,0,0,0,0,0,0
8955,L54506,L,302.7,313.7,1672,41.9,29,0,0,0,0,0,0
8956,L54507,L,302.7,313.7,1559,42.6,31,0,0,0,0,0,0
8957,M12698,M,302.7,313.7,1829,25.7,34,0,0,0,0,0,0
8958,M12699,M,302.7,313.7,1587,43.9,37,0,0,0,0,0,0
8959,L54508,L,302.7,313.7,1622,31.2,39,0,0,0,0,0,0
8960,M12700,M,302.7,313.7,1543,43.9,42,0,0,0,0,0,0
8961,L54509,L,302.7,313.8,1477,32.6,44,0,0,0,0,0,0
8962,L54510,L,302.7,313.8,1564,45.9,46,0,0,0,0,0,0
8963,M12701,M,302.8,313.9,1694,38.5,49,0,0,0,0,0,0
8964,M12702,M,302.8,313.9,1587,28.5,52,0,0,0,0,0,0
8965,L54511,L,302.8,313.9,1819,37.1,54,0,0,0,0,0,0
8966,L54512,L,302.8,313.8,1334,62.1,56,0,0,0,0,0,0
8967,M12703,M,302.8,313.9,1698,17.3,59,1,0,0,1,0,0
8968,L54513,L,302.9,313.9,1507,41.7,61,0,0,0,0,0,0
8969,H71753,H,302.9,314.0,1785,29.9,66,0,0,0,0,0,0
8970,M12704,M,303.0,314.0,1637,53.8,69,1,0,0,1,0,0
8971,H71754,H,303.0,314.0,1584,48.2,74,0,0,0,0,0,0
8972,L54514,L,302.9,314.0,1512,41.9,76,0,0,0,0,0,0
8973,H71755,H,302.9,313.9,1494,49.2,81,0,0,0,0,0,0
8974,L54515,L,302.9,313.9,2080,42.4,83,1,0,0,1,0,0
8975,L54516,L,302.9,313.9,1589,40.1,85,0,0,0,0,0,0
8976,L54517,L,303.0,314.0,1631,34.0,87,0,0,0,0,0,0
8977,L54518,L,303.0,314.0,1662,36.4,89,0,0,0,0,0,0
8978,H71756,H,303.0,314.0,1637,35.4,94,0,0,0,0,0,0
8979,M12705,M,303.0,313.9,1492,40.1,97,0,0,0,0,0,0
8980,M12706,M,303.0,314.0,1629,21.1,100,0,0,0,0,0,0
8981,M12707,M,303.0,314.0,1479,50.3,103,0,0,0,0,0,0
8982,M12708,M,303.0,314.0,1483,59.5,106,1,0,0,1,0,0
8983,M12709,M,303.0,313.9,1681,35.7,109,0,0,0,0,0,0
8984,H71757,H,303.0,314.0,1593,51.7,114,0,0,0,0,0,0
8985,M12710,M,302.9,313.9,1764,38.7,16,0,0,0,0,0,0
8986,M12711,M,302.9,311.1,1555,34.0,19,0,0,0,0,0,0
8987,L54519,L,302.9,313.8,1697,36.2,21,0,0,0,0,0,0
8988,H71758,H,302.9,313.8,1575,40.9,26,0,0,0,0,0,0
8989,L54520,L,302.9,313.9,1865,32.8,28,0,0,0,0,0,0
8990,L54521,L,302.9,313.8,1609,46.1,30,0,0,0,0,0,0
8991,H71759,H,302.9,313.9,1626,34.8,35,0,0,0,0,0,0
8992,L54522,L,303.0,313.9,1730,29.3,37,0,0,0,0,0,0
8993,L54523,L,302.9,313.9,1669,39.8,39,0,0,0,0,0,0
8994,L54524,L,302.9,313.8,1652,33.1,41,0,0,0,0,0,0
8995,L54525,L,302.8,313.8,1720,36.7,43,0,0,0,0,0,0
8996,H71760,H,302.8,313.7,1789,39.5,10,0,0,0,0,0,0
8997,H71761,H,302.9,313.8,1802,26.6,15,0,0,0,0,0,0
8998,L54526,L,302.9,313.8,1561,54.6,17,0,0,0,0,0,0
8999,H71762,H,302.8,313.8,1768,48.1,22,0,0,0,0,0,0
9000,M12712,M,302.8,313.8,1726,33.7,25,0,0,0,0,0,0
9001,H71763,H,302.8,313.7,1552,39.8,30,0,0,0,0,0,0
9002,L54527,L,302.8,313.7,2042,46.4,32,1,0,0,1,0,0
9003,L54528,L,302.8,313.7,1620,42.1,34,0,0,0,0,0,0
9004,L54529,L,302.7,313.7,1504,58.8,36,1,0,0,1,0,0
9005,L54530,L,302.8,313.7,1691,37.6,38,0,0,0,0,0,0
9006,M12713,M,302.8,313.7,1419,51.9,41,0,0,0,0,0,0
9007,L54531,L,302.9,313.8,2284,26.7,43,0,0,0,0,0,0
9008,M12714,M,302.9,313.8,1766,28.2,46,0,0,0,0,0,0
9009,M12715,M,302.8,311.3,1397,56.8,49,0,0,0,0,0,0
9010,L54532,L,302.9,313.8,1726,35.7,51,0,0,0,0,0,0
9011,L54533,L,302.9,313.8,2171,28.3,53,0,0,0,0,0,0
9012,M12716,M,302.8,313.7,1784,39.5,9,0,0,0,0,0,0
9013,H71764,H,302.8,313.7,1739,52.6,14,1,0,0,1,0,0
9014,L54534,L,302.8,313.7,1510,32.4,16,0,0,0,0,0,0
9015,H71765,H,302.7,313.6,1627,39.6,21,0,0,0,0,0,0
9016,H71766,H,302.7,313.6,1795,21.5,26,0,0,0,0,0,0
9017,M12717,M,302.7,313.6,1631,35.3,29,0,0,0,0,0,0
9018,L54535,L,302.7,313.6,1686,50.0,31,0,0,0,0,0,0
9019,M12718,M,302.7,313.6,1496,32.2,34,0,0,0,0,0,0
9020,H71767,H,302.7,313.6,1601,27.3,39,0,0,0,0,0,0
9021,L54536,L,302.8,313.6,1651,32.2,41,0,0,0,0,0,0
9022,H71768,H,302.8,313.6,1676,33.9,46,0,0,0,0,0,0
9023,H71769,H,302.7,313.6,1625,47.6,51,0,0,0,0,0,0
9024,L54537,L,302.7,313.6,1745,43.8,53,0,0,0,0,0,0
9025,M12719,M,302.8,313.6,1562,45.7,56,0,0,0,0,0,0
9026,M12720,M,302.8,311.1,1532,40.3,59,0,0,0,0,0,0
9027,M12721,M,302.8,313.6,1647,33.8,62,0,0,0,0,0,0
9028,H71770,H,302.7,313.6,1636,32.2,67,0,0,0,0,0,0
9029,L54538,L,302.8,313.6,1677,44.3,69,0,0,0,0,0,0
9030,L54539,L,302.8,313.6,1705,55.9,15,1,0,0,1,0,0
9031,L54540,L,302.8,313.6,1828,30.6,17,0,0,0,0,0,0
9032,H71771,H,302.8,313.6,1801,29.8,22,0,0,0,0,0,0
9033,L54541,L,302.8,313.6,1658,28.6,24,0,0,0,0,0,0
9034,H71772,H,302.8,313.6,1592,48.3,29,0,0,0,0,0,0
9035,L54542,L,302.8,313.6,1690,39.6,31,0,0,0,0,0,0
9036,L54543,L,302.8,313.6,1552,45.6,33,0,0,0,0,0,0
9037,H71773,H,302.8,313.7,1615,34.9,38,0,0,0,0,0,0
9038,M12722,M,302.8,313.6,2072,46.2,41,1,0,0,1,0,0
9039,L54544,L,302.8,313.7,1192,37.1,43,0,0,0,0,0,0
9040,L54545,L,302.8,313.6,1829,24.6,45,0,0,0,0,0,0
9041,L54546,L,302.8,313.7,1566,49.2,47,0,0,0,0,0,0
9042,L54547,L,302.8,313.7,1701,39.6,49,0,0,0,0,0,0
9043,L54548,L,302.8,313.7,1685,36.9,51,0,0,0,0,0,0
9044,M12723,M,302.8,313.7,1748,42.8,54,0,0,0,0,0,0
9045,L54549,L,302.9,313.7,1534,25.6,56,0,0,0,0,0,0
9046,L54550,L,302.9,313.7,1741,44.3,58,0,0,0,0,0,0
9047,L54551,L,302.8,313.7,1792,34.0,60,0,0,0,0,0,0
9048,L54552,L,302.9,313.7,1683,38.4,62,0,0,0,0,0,0
9049,H71774,H,302.9,313.7,1638,51.4,67,0,0,0,0,0,0
9050,L54553,L,302.9,313.7,1670,46.4,69,0,0,0,0,0,0
9051,L54554,L,302.8,313.6,1578,38.2,71,0,0,0,0,0,0
9052,M12724,M,302.9,313.6,1660,39.0,74,0,0,0,0,0,0
9053,H71775,H,302.9,313.6,1863,14.4,79,1,0,0,1,0,0
9054,M12725,M,302.9,313.7,1532,31.8,82,0,0,0,0,0,0
9055,H71776,H,303.0,313.7,1684,41.7,87,0,0,0,0,0,0
9056,H71777,H,303.0,313.7,1698,32.4,92,0,0,0,0,0,0
9057,M12726,M,303.0,313.7,1775,26.7,95,0,0,0,0,0,0
9058,H71778,H,303.0,313.8,1511,44.8,100,0,0,0,0,0,0
9059,L54555,L,303.0,313.7,1515,53.1,102,0,0,0,0,0,0
9060,H71779,H,303.0,313.8,1562,32.8,107,0,0,0,0,0,0
9061,H71780,H,303.0,313.8,1478,48.8,112,0,0,0,0,0,0
9062,H71781,H,303.0,313.8,1687,47.2,117,0,0,0,0,0,0
9063,L54556,L,303.0,313.8,1648,30.2,119,0,0,0,0,0,0
9064,M12727,M,303.0,310.9,1628,32.7,122,0,0,0,0,0,0
9065,L54557,L,303.0,313.8,1654,58.0,124,1,0,0,1,0,0
9066,M12728,M,303.0,313.8,1677,28.8,127,0,0,0,0,0,0
9067,L54558,L,302.9,313.7,1768,33.9,129,0,0,0,0,0,0
9068,M12729,M,302.9,313.7,1453,59.7,132,1,0,0,1,0,0
9069,M12730,M,302.9,313.7,1648,34.3,135,0,0,0,0,0,0
9070,L54559,L,302.9,313.7,1498,53.5,137,0,0,0,0,0,0
9071,L54560,L,303.0,313.8,1752,29.8,139,0,0,0,0,0,0
9072,L54561,L,303.0,313.9,1624,41.4,141,0,0,0,0,0,0
9073,M12731,M,303.1,313.9,1659,50.9,144,0,0,0,0,0,0
9074,M12732,M,303.1,313.9,1688,35.3,147,0,0,0,0,0,0
9075,M12733,M,303.1,313.9,1470,41.0,150,0,0,0,0,0,0
9076,L54562,L,303.1,313.9,1588,47.4,152,0,0,0,0,0,0
9077,H71782,H,303.2,314.0,1559,31.0,157,0,0,0,0,0,0
9078,M12734,M,303.2,314.0,1565,62.4,160,1,0,0,1,0,0
9079,L54563,L,303.2,314.0,1646,50.4,162,0,0,0,0,0,0
9080,L54564,L,303.2,314.0,1728,36.4,11,0,0,0,0,0,0
9081,L54565,L,303.2,314.0,1651,37.7,13,0,0,0,0,0,0
9082,L54566,L,303.2,314.0,1404,59.1,15,0,0,0,0,0,0
9083,L54567,L,303.2,314.0,1687,36.5,17,0,0,0,0,0,0
9084,L54568,L,303.2,314.0,1711,35.3,19,0,0,0,0,0,0
9085,L54569,L,303.3,314.1,1574,51.5,21,0,0,0,0,0,0
9086,L54570,L,303.2,314.0,1381,26.0,23,0,0,0,0,0,0
9087,L54571,L,303.2,314.0,1484,39.2,25,0,0,0,0,0,0
9088,H71783,H,303.2,313.9,1652,40.8,30,0,0,0,0,0,0
9089,M12735,M,303.1,313.9,1677,33.0,33,0,0,0,0,0,0
9090,L54572,L,303.2,314.0,1622,24.3,35,0,0,0,0,0,0
9091,M12736,M,303.2,314.0,1694,40.7,38,0,0,0,0,0,0
9092,M12737,M,303.2,314.0,1570,46.9,41,0,0,0,0,0,0
9093,L54573,L,303.2,314.0,1706,33.2,2,0,0,0,0,0,0
9094,L54574,L,303.2,314.0,1755,28.2,4,0,0,0,0,0,0
9095,L54575,L,303.2,314.0,1614,52.6,6,0,0,0,0,0,0
9096,M12738,M,303.3,314.1,1502,45.3,9,0,0,0,0,0,0
9097,L54576,L,303.3,314.1,1634,36.4,11,0,0,0,0,0,0
9098,L54577,L,303.3,314.1,1794,49.2,13,1,0,0,1,0,0
9099,M12739,M,303.3,314.1,1763,42.4,16,0,0,0,0,0,0
9100,H71784,H,303.3,314.1,1632,57.9,21,1,0,0,1,0,0
9101,L54578,L,303.3,314.1,1640,46.6,23,0,0,0,0,0,0
9102,M12740,M,303.3,314.1,2053,26.1,26,0,0,0,0,0,0
9103,L54579,L,303.3,314.1,1670,33.4,28,0,0,0,0,0,0
9104,M12741,M,303.3,314.1,1644,33.9,31,0,0,0,0,0,0
9105,M12742,M,303.2,314.0,1626,43.1,34,0,0,0,0,0,0
9106,M12743,M,303.3,314.1,1536,37.0,37,0,0,0,0,0,0
9107,L54580,L,303.3,314.1,1795,28.7,39,0,0,0,0,0,0
9108,L54581,L,303.3,314.1,1378,45.9,8,0,0,0,0,0,0
9109,H71785,H,303.3,314.1,1675,50.0,13,0,0,0,0,0,0
9110,L54582,L,303.2,314.1,1734,39.0,15,0,0,0,0,0,0
9111,H71786,H,303.2,314.1,2269,42.1,20,1,0,0,1,0,0
9112,L54583,L,303.2,314.1,1678,30.3,22,0,0,0,0,0,0
9113,L54584,L,303.3,314.1,1630,34.8,24,0,0,0,0,0,0
9114,L54585,L,303.3,314.2,1686,35.2,26,0,0,0,0,0,0
9115,L54586,L,303.3,314.2,1671,45.6,28,0,0,0,0,0,0
9116,H71787,H,303.3,314.2,1629,42.6,33,0,0,0,0,0,0
9117,L54587,L,303.4,314.2,1561,36.7,35,0,0,0,0,0,0
9118,M12744,M,303.4,314.3,2139,36.3,38,0,0,0,0,0,0
9119,M12745,M,303.5,314.3,1752,20.3,41,0,0,0,0,0,0
9120,H71788,H,303.5,314.3,1476,56.1,46,0,0,0,0,0,0
9121,M12746,M,303.4,314.2,1612,19.1,49,1,0,0,1,0,0
9122,H71789,H,303.4,314.2,1850,44.2,54,0,0,0,0,0,0
9123,H71790,H,303.4,314.2,1723,40.4,59,0,0,0,0,0,0
9124,L54588,L,303.4,314.2,1714,37.3,61,0,0,0,0,0,0
9125,H71791,H,303.4,314.1,1640,39.9,66,0,0,0,0,0,0
9126,H71792,H,303.4,314.1,1747,33.4,71,0,0,0,0,0,0
9127,L54589,L,303.4,314.2,1521,46.5,73,0,0,0,0,0,0
9128,M12747,M,303.4,314.2,2156,26.9,76,0,0,0,0,0,0
9129,L54590,L,303.5,314.3,1655,43.3,78,0,0,0,0,0,0
9130,M12748,M,303.4,314.2,1593,33.2,81,0,0,0,0,0,0
9131,L54591,L,303.4,314.2,1663,35.7,83,0,0,0,0,0,0
9132,M12749,M,303.5,314.3,1634,36.0,86,0,0,0,0,0,0
9133,L54592,L,303.5,314.3,1590,38.3,88,0,0,0,0,0,0
9134,M12750,M,303.5,314.3,1575,45.0,91,0,0,0,0,0,0
9135,L54593,L,303.5,314.3,1498,39.6,93,0,0,0,0,0,0
9136,M12751,M,303.5,314.4,1697,49.3,96,0,0,0,0,0,0
9137,L54594,L,303.5,314.3,1736,50.4,98,1,0,0,1,0,0
9138,M12752,M,303.4,314.3,1551,43.1,13,0,0,0,0,0,0
9139,L54595,L,303.4,314.3,1714,46.8,15,0,0,0,0,0,0
9140,L54596,L,303.4,314.3,1542,60.2,17,1,0,0,1,0,0
9141,L54597,L,303.4,314.3,1723,25.9,19,0,0,0,0,0,0
9142,H71793,H,303.5,314.4,1477,50.8,24,0,0,0,0,0,0
9143,L54598,L,303.5,314.3,1519,55.4,26,0,0,0,0,0,0
9144,M12753,M,303.5,314.3,1675,44.3,29,0,0,0,0,0,0
9145,L54599,L,303.5,311.6,1883,59.0,31,1,0,0,1,0,0
9146,M12754,M,303.5,314.3,1491,57.7,34,1,0,0,1,0,0
9147,L54600,L,303.5,314.3,1622,36.6,36,0,0,0,0,0,0
9148,L54601,L,303.5,314.4,1357,37.4,38,0,0,0,0,0,0
9149,L54602,L,303.6,314.4,1652,45.3,40,0,0,0,0,0,0
9150,L54603,L,303.5,314.4,1740,33.8,42,0,0,0,0,0,0
9151,L54604,L,303.5,314.4,1542,67.1,44,1,0,0,1,0,0
9152,L54605,L,303.5,314.4,1694,47.9,46,0,0,0,0,0,0
9153,M12755,M,303.5,314.3,1608,40.5,49,0,0,0,0,0,0
9154,H71794,H,303.5,314.3,1886,25.9,54,0,0,0,0,0,0
9155,L54606,L,303.5,314.3,1561,42.5,56,0,0,0,0,0,0
9156,H71795,H,303.6,314.3,1691,28.1,61,0,0,0,0,0,0
9157,L54607,L,303.6,314.3,1581,47.6,63,0,0,0,0,0,0
9158,L54608,L,303.6,314.4,1797,15.0,65,1,0,0,1,0,0
9159,L54609,L,303.5,314.3,1556,53.8,67,0,0,0,0,0,0
9160,L54610,L,303.5,314.3,1663,35.8,69,0,0,0,0,0,0
9161,L54611,L,303.5,314.3,1677,23.1,71,0,0,0,0,0,0
9162,H71796,H,303.5,314.3,1611,39.8,76,0,0,0,0,0,0
9163,M12756,M,303.5,314.3,1448,40.2,79,0,0,0,0,0,0
9164,M12757,M,303.5,314.3,1726,39.4,82,0,0,0,0,0,0
9165,L54612,L,303.6,314.4,1486,53.8,84,0,0,0,0,0,0
9166,L54613,L,303.6,314.4,1586,43.8,86,0,0,0,0,0,0
9167,M12758,M,303.6,314.4,1513,48.0,89,0,0,0,0,0,0
9168,L54614,L,303.6,314.4,1714,37.5,91,0,0,0,0,0,0
9169,L54615,L,303.6,314.4,1579,44.3,93,0,0,0,0,0,0
9170,L54616,L,303.6,314.4,1498,26.9,95,0,0,0,0,0,0
9171,L54617,L,303.6,314.4,1662,42.6,97,0,0,0,0,0,0
9172,M12759,M,303.7,314.4,1622,32.4,100,0,0,0,0,0,0
9173,L54618,L,303.6,314.4,1579,53.2,102,0,0,0,0,0,0
9174,L54619,L,303.6,314.4,1721,40.8,104,0,0,0,0,0,0
9175,H71797,H,303.6,314.4,1527,46.6,109,0,0,0,0,0,0
9176,H71798,H,303.7,314.5,1632,42.6,114,0,0,0,0,0,0
9177,L54620,L,303.6,314.4,1487,58.1,116,1,0,0,1,0,0
9178,L54621,L,303.6,314.4,1470,24.4,118,0,0,0,0,0,0
9179,M12760,M,303.6,314.4,1663,38.9,121,0,0,0,0,0,0
9180,L54622,L,303.7,314.4,1698,30.4,123,0,0,0,0,0,0
9181,L54623,L,303.6,314.4,1645,19.5,125,1,0,0,1,0,0
9182,L54624,L,303.6,314.4,1771,29.7,127,0,0,0,0,0,0
9183,L54625,L,303.6,314.4,1668,51.7,129,1,0,0,1,0,0
9184,H71799,H,303.6,314.3,1583,39.7,134,0,0,0,0,0,0
9185,M12761,M,303.5,314.3,1675,37.8,137,0,0,0,0,0,0
9186,H71800,H,303.5,314.3,1663,47.7,142,0,0,0,0,0,0
9187,M12762,M,303.5,314.3,1844,41.2,145,0,0,0,0,0,0
9188,M12763,M,303.6,314.3,1653,46.1,148,0,0,0,0,0,0
9189,M12764,M,303.6,314.4,1633,43.2,151,0,0,0,0,0,0
9190,M12765,M,303.6,314.4,1608,45.4,154,0,0,0,0,0,0
9191,L54626,L,303.6,314.4,1665,35.5,156,0,0,0,0,0,0
9192,L54627,L,303.6,314.4,1665,50.5,158,0,0,0,0,0,0
9193,M12766,M,303.6,314.4,1634,27.9,161,0,0,0,0,0,0
9194,L54628,L,303.7,314.5,1738,39.1,163,0,0,0,0,0,0
9195,L54629,L,303.7,311.4,1454,51.0,165,0,0,0,0,0,0
9196,L54630,L,303.7,314.5,1718,38.5,167,0,0,0,0,0,0
9197,M12767,M,303.7,314.6,1757,35.7,170,0,0,0,0,0,0
9198,L54631,L,303.8,314.6,1604,62.9,172,1,0,0,1,0,0
9199,L54632,L,303.8,314.5,1601,54.2,174,1,0,0,1,0,0
9200,L54633,L,303.8,314.6,1678,41.4,176,0,0,0,0,0,0
9201,L54634,L,303.8,314.5,1664,30.3,178,0,0,0,0,0,0
9202,H71801,H,303.6,314.4,1655,19.6,183,1,0,0,1,0,0
9203,L54635,L,303.7,314.5,1636,47.1,185,0,0,0,0,0,0
9204,L54636,L,303.7,314.5,1590,52.7,187,0,0,0,0,0,0
9205,L54637,L,303.7,314.5,1713,44.0,189,0,0,0,0,0,0
9206,H71802,H,303.7,314.5,1726,22.9,194,0,0,0,0,0,0
9207,M12768,M,303.6,314.4,1656,41.6,197,0,0,0,0,0,0
9208,L54638,L,303.6,314.4,1701,35.1,199,0,0,0,0,0,0
9209,L54639,L,303.6,314.4,1693,41.6,201,0,0,0,0,0,0
9210,M12769,M,303.6,314.4,1634,59.4,204,1,0,0,1,1,0
9211,H71803,H,303.6,314.4,1523,47.9,209,0,0,0,0,0,0
9212,L54640,L,303.6,314.4,1683,45.8,211,1,1,0,0,0,0
9213,L54641,L,303.6,314.5,1636,39.5,213,1,1,0,0,0,0
9214,L54642,L,303.6,314.4,1686,44.1,215,0,0,0,0,0,0
9215,L54643,L,303.6,311.8,1821,32.8,217,1,1,0,0,0,0
9216,M12770,M,303.6,314.4,1081,45.5,220,0,0,0,0,0,0
9217,H71804,H,303.6,314.4,1769,38.1,225,1,1,0,0,0,0
9218,H71805,H,303.5,314.3,1682,31.8,230,0,0,0,0,0,0
9219,M12771,M,303.5,314.3,1531,48.2,233,1,1,0,0,0,0
9220,L54644,L,303.5,314.3,1727,17.7,235,1,0,0,1,0,0
9221,H71806,H,303.5,314.3,1585,34.6,240,1,1,0,0,0,0
9222,L54645,L,303.5,314.3,1664,46.1,242,1,0,0,0,1,0
9223,L54646,L,303.5,314.3,1493,52.2,244,1,0,0,0,1,0
9224,M12772,M,303.5,314.3,1734,44.7,247,0,0,0,0,0,0
9225,L54647,L,303.6,311.6,1747,33.3,249,0,0,0,0,0,0
9226,H71807,H,303.5,314.3,2093,39.5,11,0,0,0,0,0,0
9227,H71808,H,303.4,314.2,1452,42.9,16,0,0,0,0,0,0
9228,M12773,M,303.5,314.3,1450,55.6,19,0,0,0,0,0,0
9229,M12774,M,303.5,314.3,1595,49.2,22,0,0,0,0,0,0
9230,L54648,L,303.5,314.3,1599,49.3,24,0,0,0,0,0,0
9231,L54649,L,303.5,314.3,1731,40.7,26,0,0,0,0,0,0
9232,M12775,M,303.5,314.3,1444,29.3,29,0,0,0,0,0,0
9233,M12776,M,303.5,314.3,1655,25.9,32,0,0,0,0,0,0
9234,H71809,H,303.6,314.3,1741,37.0,37,0,0,0,0,0,0
9235,L54650,L,303.6,314.4,1583,47.0,39,0,0,0,0,0,0
9236,L54651,L,303.6,314.3,1634,35.0,41,0,0,0,0,0,0
9237,L54652,L,303.5,314.3,1475,45.7,43,0,0,0,0,0,0
9238,M12777,M,303.6,314.3,1787,32.1,46,0,0,0,0,0,0
9239,M12778,M,303.6,314.4,1640,33.6,49,0,0,0,0,0,0
9240,H71810,H,303.7,314.4,1675,54.1,54,1,0,0,1,0,0
9241,L54653,L,303.7,314.5,1742,47.7,56,0,0,0,0,0,0
9242,L54654,L,303.7,314.5,1784,36.9,58,0,0,0,0,0,0
9243,L54655,L,303.8,314.6,1690,31.7,60,0,0,0,0,0,0
9244,L54656,L,303.9,314.6,1557,49.5,62,0,0,0,0,0,0
9245,L54657,L,303.9,314.7,1555,48.8,64,0,0,0,0,0,0
9246,M12779,M,303.8,314.7,1794,46.4,67,0,0,0,0,0,0
9247,L54658,L,303.8,314.6,1640,38.2,69,0,0,0,0,0,0
9248,L54659,L,303.7,314.5,1802,29.1,71,0,0,0,0,0,0
9249,M12780,M,303.7,314.5,1694,39.9,74,0,0,0,0,0,0
9250,H71811,H,303.8,314.5,1540,54.1,79,0,0,0,0,0,0
9251,L54660,L,303.8,314.5,1674,30.9,81,0,0,0,0,0,0
9252,L54661,L,303.7,314.5,1754,40.5,83,0,0,0,0,0,0
9253,M12781,M,303.7,314.5,1568,56.4,86,1,0,0,1,0,0
9254,M12782,M,303.7,314.5,1625,37.0,89,0,0,0,0,0,0
9255,H71812,H,303.8,314.5,1584,38.7,94,0,0,0,0,0,0
9256,L54662,L,303.7,314.5,1749,26.5,96,0,0,0,0,0,0
9257,M12783,M,303.7,314.5,1571,46.2,99,0,0,0,0,0,0
9258,H71813,H,303.8,314.5,1742,32.6,104,0,0,0,0,0,0
9259,L54663,L,303.7,314.5,1610,24.5,106,0,0,0,0,0,0
9260,L54664,L,303.8,314.5,1746,30.5,108,0,0,0,0,0,0
9261,H71814,H,303.8,314.5,1802,42.1,113,0,0,0,0,0,0
9262,L54665,L,303.7,314.5,1668,24.2,115,0,0,0,0,0,0
9263,M12784,M,303.8,314.5,1784,26.1,118,0,0,0,0,0,0
9264,H71815,H,303.8,314.5,1734,45.6,123,0,0,0,0,0,0
9265,L54666,L,303.8,314.5,1778,39.3,125,0,0,0,0,0,0
9266,M12785,M,303.7,314.5,1813,30.9,128,0,0,0,0,0,0
9267,L54667,L,303.8,314.5,1668,36.8,130,0,0,0,0,0,0
9268,H71816,H,303.8,314.6,1640,57.4,135,1,0,0,1,0,0
9269,H71817,H,303.8,311.9,1492,52.8,140,0,0,0,0,0,0
9270,H71818,H,303.8,314.6,1800,38.9,145,0,0,0,0,0,0
9271,L54668,L,303.8,314.5,1522,48.2,147,0,0,0,0,0,0
9272,M12786,M,303.9,314.6,1757,41.2,150,0,0,0,0,0,0
9273,H71819,H,303.9,314.7,1836,22.3,155,0,0,0,0,0,0
9274,M12787,M,303.9,314.7,1845,20.5,158,0,0,0,0,0,0
9275,M12788,M,303.9,314.6,1883,30.9,161,0,0,0,0,0,0
9276,L54669,L,303.9,314.6,1827,24.2,163,0,0,0,0,0,0
9277,H71820,H,303.9,314.6,1516,42.7,168,0,0,0,0,0,0
9278,L54670,L,303.8,314.5,1382,34.5,170,0,0,0,0,0,0
9279,L54671,L,303.8,314.5,1458,44.3,172,0,0,0,0,0,0
9280,H71821,H,303.8,314.5,1619,44.4,177,0,0,0,0,0,0
9281,H71822,H,303.8,314.5,1576,46.9,182,0,0,0,0,0,0
9282,H71823,H,303.8,314.5,1756,30.7,187,0,0,0,0,0,0
9283,L54672,L,303.8,314.5,1549,45.2,189,0,0,0,0,0,0
9284,L54673,L,303.8,314.5,1628,30.4,191,0,0,0,0,0,0
9285,L54674,L,303.8,314.4,1658,47.1,193,0,0,0,0,0,0
9286,L54675,L,303.8,314.5,1692,52.2,195,1,0,0,1,0,0
9287,H71824,H,303.8,314.5,1613,47.2,200,0,0,0,0,0,0
9288,M12789,M,303.8,314.5,1868,38.2,203,1,1,0,0,0,0
9289,L54676,L,303.9,314.6,1590,45.7,205,0,0,0,0,0,0
9290,L54677,L,303.9,314.6,1791,24.7,207,0,0,0,0,0,0
9291,L54678,L,303.8,314.5,1772,22.4,209,0,0,0,0,0,0
9292,H71825,H,303.8,314.5,1595,44.7,214,1,1,0,0,0,0
9293,M12790,M,303.7,314.4,1700,53.1,217,1,1,0,1,0,0
9294,L54679,L,303.7,314.4,1634,27.7,219,1,1,0,0,0,0
9295,L54680,L,303.7,314.4,1462,40.2,221,0,0,0,0,0,0
9296,L54681,L,303.7,314.4,1616,44.4,223,0,0,0,0,0,0
9297,L54682,L,303.6,314.4,1659,33.9,225,0,0,0,0,0,0
9298,H71826,H,303.7,314.4,1763,36.6,230,0,0,0,0,0,0
9299,M12791,M,303.7,314.4,1506,46.1,233,1,1,0,0,0,0
9300,L54683,L,303.7,314.4,1692,41.1,235,0,0,0,0,0,0
9301,M12792,M,303.7,314.4,1680,41.1,238,0,0,0,0,0,0
9302,L54684,L,303.7,314.4,1730,30.2,240,0,0,0,0,0,0
9303,L54685,L,303.7,314.4,1746,39.7,242,0,0,0,0,0,0
9304,M12793,M,303.6,314.3,1669,36.0,245,0,0,0,0,0,0
9305,L54686,L,303.6,314.3,1673,36.6,247,0,0,0,0,0,0
9306,L54687,L,303.7,314.4,1719,34.6,249,0,0,0,0,0,0
9307,H71827,H,303.7,314.4,1642,39.7,12,0,0,0,0,0,0
9308,H71828,H,303.7,314.4,1573,31.3,17,0,0,0,0,0,0
9309,L54688,L,303.7,314.4,1612,40.1,19,0,0,0,0,0,0
9310,M12794,M,303.7,314.4,1646,36.3,22,0,0,0,0,0,0
9311,L54689,L,303.7,314.3,1648,30.7,24,0,0,0,0,0,0
9312,M12795,M,303.6,314.3,1373,20.5,27,1,0,0,1,0,0
9313,L54690,L,303.6,314.3,1617,49.5,29,0,0,0,0,0,0
9314,M12796,M,303.6,314.3,1587,47.5,32,0,0,0,0,0,0
9315,L54691,L,303.7,314.4,1769,32.0,34,0,0,0,0,0,0
9316,H71829,H,303.7,314.4,1693,46.8,39,0,0,0,0,0,0
9317,H71830,H,303.7,314.3,1489,29.8,44,0,0,0,0,0,0
9318,L54692,L,303.7,314.4,1537,36.9,46,0,0,0,0,0,0
9319,M12797,M,303.7,314.4,1461,34.7,49,0,0,0,0,0,0
9320,L54693,L,303.7,314.4,1640,37.2,51,0,0,0,0,0,0
9321,M12798,M,303.7,314.4,1586,46.5,54,0,0,0,0,0,0
9322,L54694,L,303.7,314.4,1684,36.0,56,0,0,0,0,0,0
9323,L54695,L,303.7,314.4,1743,36.6,58,0,0,0,0,0,0
9324,M12799,M,303.7,314.4,1608,47.4,61,0,0,0,0,0,0
9325,L54696,L,303.7,314.3,1593,40.6,63,0,0,0,0,0,0
9326,M12800,M,303.6,314.3,1680,34.1,66,0,0,0,0,0,0
9327,M12801,M,303.6,314.3,1593,42.4,69,0,0,0,0,0,0
9328,L54697,L,303.6,314.3,1465,49.9,71,0,0,0,0,0,0
9329,L54698,L,303.5,312.1,1681,50.6,73,0,0,0,0,0,0
9330,M12802,M,303.5,314.2,1757,26.8,76,0,0,0,0,0,0
9331,M12803,M,303.5,314.2,1847,27.3,79,0,0,0,0,0,0
9332,L54699,L,303.6,314.3,1487,50.0,81,0,0,0,0,0,0
9333,L54700,L,303.7,314.4,1520,37.1,83,0,0,0,0,0,0
9334,M12804,M,303.6,314.4,1330,18.0,86,1,0,0,1,0,0
9335,M12805,M,303.7,314.4,1724,32.7,89,0,0,0,0,0,0
9336,H71831,H,303.7,314.5,1750,35.6,94,0,0,0,0,0,0
9337,L54701,L,303.7,314.5,1692,36.9,96,0,0,0,0,0,0
9338,M12806,M,303.6,314.4,1623,47.6,99,0,0,0,0,0,0
9339,M12807,M,303.7,314.5,1775,30.7,102,0,0,0,0,0,0
9340,L54702,L,303.7,314.5,1560,49.4,104,0,0,0,0,0,0
9341,L54703,L,303.7,314.5,1730,42.9,106,0,0,0,0,0,0
9342,L54704,L,303.7,314.5,1546,27.1,108,0,0,0,0,0,0
9343,H71832,H,303.6,314.4,1221,36.8,113,0,0,0,0,0,0
9344,L54705,L,303.6,314.4,1601,44.9,115,0,0,0,0,0,0
9345,M12808,M,303.6,314.5,1523,40.4,118,0,0,0,0,0,0
9346,M12809,M,303.6,314.5,1543,43.8,121,0,0,0,0,0,0
9347,L54706,L,303.6,314.5,1716,34.1,123,0,0,0,0,0,0
9348,H71833,H,303.6,314.4,1469,45.5,128,0,0,0,0,0,0
9349,M12810,M,303.6,314.4,1601,36.0,131,0,0,0,0,0,0
9350,L54707,L,303.5,314.4,1612,65.5,8,1,0,0,1,0,0
9351,M12811,M,303.6,314.4,1739,26.8,11,0,0,0,0,0,0
9352,M12812,M,303.5,314.4,1579,67.0,14,1,0,0,1,0,0
9353,L54708,L,303.5,314.4,1583,30.5,16,0,0,0,0,0,0
9354,M12813,M,303.6,314.5,1590,52.7,19,0,0,0,0,0,0
9355,M12814,M,303.6,314.5,1777,48.3,22,0,0,0,0,0,0
9356,L54709,L,303.6,314.5,1638,30.9,24,0,0,0,0,0,0
9357,H71834,H,303.6,314.5,1225,46.0,29,0,0,0,0,0,0
9358,M12815,M,303.5,314.4,1378,35.0,7,0,0,0,0,0,0
9359,M12816,M,303.6,314.5,1555,42.7,10,0,0,0,0,0,0
9360,L54710,L,303.6,314.5,1707,41.5,12,0,0,0,0,0,0
9361,L54711,L,303.6,314.5,1506,36.5,14,0,0,0,0,0,0
9362,L54712,L,303.5,314.4,1454,35.7,16,0,0,0,0,0,0
9363,M12817,M,303.5,314.4,1661,43.4,19,0,0,0,0,0,0
9364,M12818,M,303.5,314.3,1609,31.0,22,0,0,0,0,0,0
9365,M12819,M,303.5,314.4,1644,31.3,25,0,0,0,0,0,0
9366,L54713,L,303.5,314.4,1679,49.5,27,0,0,0,0,0,0
9367,M12820,M,303.6,314.4,1684,44.3,30,0,0,0,0,0,0
9368,H71835,H,303.5,314.4,1607,26.9,35,0,0,0,0,0,0
9369,M12821,M,303.6,314.4,1749,30.0,38,0,0,0,0,0,0
9370,M12822,M,303.6,314.4,1734,18.6,41,1,0,0,1,0,0
9371,H71836,H,303.6,314.5,1640,49.1,46,0,0,0,0,0,0
9372,L54714,L,303.6,311.6,1612,46.9,48,0,0,0,0,0,0
9373,M12823,M,303.6,314.5,1571,29.1,51,0,0,0,0,0,0
9374,H71837,H,303.6,314.5,1202,46.5,56,0,0,0,0,0,0
9375,M12824,M,303.7,314.5,1330,59.9,59,0,0,0,0,0,0
9376,L54715,L,303.7,314.6,1747,24.6,61,0,0,0,0,0,0
9377,H71838,H,303.7,314.6,1718,33.8,66,0,0,0,0,0,0
9378,L54716,L,303.7,314.7,1668,24.4,68,0,0,0,0,0,0
9379,L54717,L,303.7,314.6,1590,49.5,70,0,0,0,0,0,0
9380,L54718,L,303.8,314.6,1567,39.0,72,0,0,0,0,0,0
9381,L54719,L,303.8,314.7,1784,36.0,74,0,0,0,0,0,0
9382,L54720,L,303.8,314.7,1522,42.3,76,0,0,0,0,0,0
9383,L54721,L,303.8,314.8,1651,34.4,78,0,0,0,0,0,0
9384,H71839,H,303.8,314.7,1554,36.0,83,0,0,0,0,0,0
9385,L54722,L,303.8,314.7,1657,42.7,85,0,0,0,0,0,0
9386,M12825,M,303.8,314.7,1775,33.9,88,0,0,0,0,0,0
9387,H71840,H,303.8,314.7,1488,35.3,93,0,0,0,0,0,0
9388,H71841,H,303.8,314.7,1717,38.4,98,0,0,0,0,0,0
9389,L54723,L,303.7,314.6,1792,40.9,100,0,0,0,0,0,0
9390,L54724,L,303.7,314.7,1630,46.0,102,0,0,0,0,0,0
9391,M12826,M,303.8,314.7,1559,45.8,105,0,0,0,0,0,0
9392,H71842,H,303.8,314.7,1725,25.0,110,0,0,0,0,0,0
9393,M12827,M,303.8,314.8,1178,54.1,113,0,0,0,0,0,0
9394,L54725,L,303.9,314.8,1824,40.6,115,0,0,0,0,0,0
9395,M12828,M,303.9,314.9,1742,36.7,118,0,0,0,0,0,0
9396,M12829,M,303.9,314.8,1778,31.0,121,0,0,0,0,0,0
9397,M12830,M,303.9,314.8,1741,59.9,124,1,0,0,1,0,0
9398,H71843,H,303.9,314.9,1648,63.6,129,1,0,0,1,0,0
9399,M12831,M,304.0,314.9,1542,58.7,132,1,0,0,1,0,0
9400,M12832,M,304.0,315.0,1646,41.2,135,0,0,0,0,0,0
9401,M12833,M,303.9,314.9,1844,43.4,138,0,0,0,0,0,0
9402,M12834,M,303.9,314.9,1506,54.9,141,0,0,0,0,0,0
9403,M12835,M,303.9,314.9,1647,37.6,144,0,0,0,0,0,0
9404,L54726,L,303.9,314.9,1531,45.4,146,0,0,0,0,0,0
9405,M12836,M,303.7,314.7,1475,42.3,149,0,0,0,0,0,0
9406,M12837,M,303.7,314.7,1471,59.2,152,1,0,0,1,0,0
9407,L54727,L,303.7,314.7,1498,54.4,154,0,0,0,0,0,0
9408,L54728,L,303.7,314.7,1601,38.6,156,0,0,0,0,0,0
9409,M12838,M,303.7,314.6,1626,55.3,159,1,0,0,1,0,0
9410,M12839,M,303.7,314.6,1649,40.0,162,0,0,0,0,0,0
9411,L54729,L,303.7,312.2,1769,34.5,164,0,0,0,0,0,0
9412,L54730,L,303.7,311.9,1678,37.1,166,0,0,0,0,0,0
9413,L54731,L,303.7,314.7,1658,41.5,168,0,0,0,0,0,0
9414,H71844,H,303.7,314.7,1665,32.1,173,0,0,0,0,0,0
9415,H71845,H,303.7,314.6,1852,34.8,178,0,0,0,0,0,0
9416,M12840,M,303.6,314.6,1687,25.6,181,0,0,0,0,0,0
9417,L54732,L,303.6,314.6,1775,31.8,183,0,0,0,0,0,0
9418,M12841,M,303.7,314.6,1531,42.3,186,0,0,0,0,0,0
9419,M12842,M,303.6,314.6,1574,50.4,189,0,0,0,0,0,0
9420,H71846,H,303.7,312.1,1783,49.1,194,1,0,0,1,0,0
9421,L54733,L,303.7,314.6,1689,44.3,196,0,0,0,0,0,0
9422,L54734,L,303.7,314.7,1604,24.7,198,0,0,0,0,0,0
9423,M12843,M,303.7,314.7,1602,31.4,201,0,0,0,0,0,0
9424,L54735,L,303.7,314.7,1804,38.0,17,0,0,0,0,0,0
9425,M12844,M,303.7,314.7,1608,49.6,20,0,0,0,0,0,0
9426,M12845,M,303.8,314.7,1654,34.4,23,0,0,0,0,0,0
9427,L54736,L,303.8,314.7,1643,27.8,25,0,0,0,0,0,0
9428,L54737,L,303.7,314.7,1546,54.5,27,0,0,0,0,0,0
9429,M12846,M,303.7,314.7,1815,32.7,30,0,0,0,0,0,0
9430,H71847,H,303.7,314.7,1646,28.7,35,0,0,0,0,0,0
9431,L54738,L,303.7,314.6,1234,42.3,37,0,0,0,0,0,0
9432,L54739,L,303.7,312.4,1707,39.5,39,0,0,0,0,0,0
9433,M12847,M,303.7,314.6,1582,35.0,42,0,0,0,0,0,0
9434,L54740,L,303.6,314.6,1566,40.0,44,0,0,0,0,0,0
9435,M12848,M,303.6,314.5,1699,30.7,47,0,0,0,0,0,0
9436,M12849,M,303.7,314.6,1679,34.9,50,0,0,0,0,0,0
9437,L54741,L,303.7,314.6,1579,39.6,52,0,0,0,0,0,0
9438,M12850,M,303.7,314.6,1798,19.6,55,0,0,0,0,0,0
9439,M12851,M,303.7,314.6,1620,49.6,58,0,0,0,0,0,0
9440,L54742,L,303.8,314.6,1544,26.3,60,0,0,0,0,0,0
9441,M12852,M,303.8,314.6,1769,30.6,63,0,0,0,0,0,0
9442,H71848,H,303.7,314.6,1547,50.0,68,0,0,0,0,0,0
9443,M12853,M,303.7,314.5,1693,45.7,71,0,0,0,0,0,0
9444,L54743,L,303.7,314.5,1833,40.9,73,0,0,0,0,0,0
9445,M12854,M,303.7,314.5,1733,22.9,76,0,0,0,0,0,0
9446,L54744,L,303.8,314.6,1623,33.9,78,0,0,0,0,0,0
9447,M12855,M,303.7,314.6,1785,37.8,81,0,0,0,0,0,0
9448,M12856,M,303.7,314.6,1582,38.6,84,0,0,0,0,0,0
9449,L54745,L,303.7,314.6,1761,51.4,86,1,0,0,1,0,0
9450,L54746,L,303.7,314.6,1505,59.9,88,1,0,0,1,0,0
9451,H71849,H,303.7,314.6,1562,46.1,93,0,0,0,0,0,0
9452,L54747,L,303.7,314.6,1541,34.7,95,0,0,0,0,0,0
9453,H71850,H,303.7,314.6,1620,52.1,100,0,0,0,0,0,0
9454,M12857,M,303.7,314.6,1827,34.1,103,0,0,0,0,0,0
9455,M12858,M,303.7,314.6,1784,13.8,106,1,0,0,1,0,0
9456,L54748,L,303.7,314.6,1706,27.5,108,0,0,0,0,0,0
9457,L54749,L,303.7,314.6,1510,16.3,110,1,0,0,1,0,0
9458,L54750,L,303.7,314.6,1761,36.2,112,0,0,0,0,0,0
9459,M12859,M,303.8,314.7,1694,38.2,115,0,0,0,0,0,0
9460,H71851,H,303.8,314.7,1723,24.1,120,0,0,0,0,0,0
9461,H71852,H,303.7,314.6,1748,31.5,125,0,0,0,0,0,0
9462,L54751,L,303.7,314.6,1728,25.7,127,0,0,0,0,0,0
9463,L54752,L,303.7,314.6,1572,38.7,129,0,0,0,0,0,0
9464,L54753,L,303.8,314.6,1727,31.5,131,0,0,0,0,0,0
9465,H71853,H,303.8,314.6,1580,50.1,136,0,0,0,0,0,0
9466,L54754,L,303.7,314.6,1708,41.7,138,0,0,0,0,0,0
9467,L54755,L,303.7,314.6,1541,56.0,140,1,0,0,1,0,0
9468,M12860,M,303.6,314.5,1631,35.5,143,0,0,0,0,0,0
9469,M12861,M,303.6,314.5,1490,61.4,146,1,0,0,1,0,0
9470,L54756,L,303.6,314.4,1570,40.0,148,0,0,0,0,0,0
9471,M12862,M,303.6,314.5,1630,34.7,151,0,0,0,0,0,0
9472,L54757,L,303.7,314.5,1564,64.1,153,1,0,0,1,0,0
9473,L54758,L,303.7,314.5,1678,21.7,155,0,0,0,0,0,0
9474,L54759,L,303.6,314.5,1573,34.5,157,0,0,0,0,0,0
9475,L54760,L,303.6,314.5,1808,23.3,159,0,0,0,0,0,0
9476,H71854,H,303.7,314.6,1733,21.6,164,0,0,0,0,0,0
9477,M12863,M,303.7,314.5,1827,19.3,167,0,0,0,0,0,0
9478,M12864,M,303.7,314.6,1598,46.2,170,0,0,0,0,0,0
9479,L54761,L,303.7,314.6,1668,26.7,6,0,0,0,0,0,0
9480,M12865,M,303.7,314.6,1506,37.5,9,0,0,0,0,0,0
9481,H71855,H,303.7,314.5,1502,48.9,14,0,0,0,0,0,0
9482,L54762,L,303.6,314.4,1547,44.6,16,0,0,0,0,0,0
9483,H71856,H,303.7,314.5,1654,44.1,21,0,0,0,0,0,0
9484,M12866,M,303.7,314.5,1577,52.1,24,0,0,0,0,0,0
9485,M12867,M,303.7,314.5,1474,56.1,27,0,0,0,0,0,0
9486,L54763,L,303.7,314.6,1465,27.5,29,0,0,0,0,0,0
9487,M12868,M,303.7,314.5,1667,44.8,32,0,0,0,0,0,0
9488,M12869,M,303.7,314.5,1743,37.3,35,0,0,0,0,0,0
9489,H71857,H,303.7,314.5,1744,38.5,40,0,0,0,0,0,0
9490,H71858,H,303.7,314.5,1642,24.9,45,0,0,0,0,0,0
9491,L54764,L,303.7,314.5,1770,34.7,47,0,0,0,0,0,0
9492,H71859,H,303.7,314.5,1723,35.8,52,0,0,0,0,0,0
9493,H71860,H,303.7,314.5,1626,54.3,57,1,0,0,1,0,0
9494,M12870,M,303.7,314.5,1305,28.4,60,0,0,0,0,0,0
9495,L54765,L,303.7,314.5,1762,16.1,62,1,0,0,1,0,0
9496,L54766,L,303.7,314.5,1815,39.9,64,0,0,0,0,0,0
9497,L54767,L,303.7,314.5,1866,27.4,66,0,0,0,0,0,0
9498,L54768,L,303.7,314.5,1653,38.6,68,0,0,0,0,0,0
9499,H71861,H,303.7,314.5,1633,46.6,73,0,0,0,0,0,0
9500,L54769,L,303.8,314.6,1458,39.0,75,0,0,0,0,0,0
9501,M12871,M,303.7,314.5,1781,35.7,78,0,0,0,0,0,0
9502,M12872,M,303.7,314.5,1725,38.4,81,0,0,0,0,0,0
9503,M12873,M,303.7,314.4,1637,48.5,84,0,0,0,0,0,0
9504,L54770,L,303.6,314.4,1656,28.5,86,0,0,0,0,0,0
9505,M12874,M,303.7,314.5,1618,47.3,89,0,0,0,0,0,0
9506,M12875,M,303.7,314.5,1834,30.0,92,0,0,0,0,0,0
9507,M12876,M,303.7,314.5,1651,46.0,95,0,0,0,0,0,0
9508,L54771,L,303.7,314.5,1967,24.6,97,0,0,0,0,0,0
9509,M12877,M,303.7,314.5,1695,45.4,100,0,0,0,0,0,0
9510,L54772,L,303.8,314.6,1573,39.0,102,0,0,0,0,0,0
9511,M12878,M,303.8,314.6,1608,41.0,105,0,0,0,0,0,0
9512,L54773,L,303.8,314.6,1536,49.6,107,0,0,0,0,0,0
9513,L54774,L,303.8,314.6,1770,31.8,109,0,0,0,0,0,0
9514,H71862,H,303.7,314.5,1755,39.7,114,0,0,0,0,0,0
9515,L54775,L,303.7,314.5,1789,43.0,116,0,0,0,0,0,0
9516,H71863,H,303.7,314.6,1636,37.0,121,0,0,0,0,0,0
9517,H71864,H,303.8,314.6,1655,47.2,126,0,0,0,0,0,0
9518,L54776,L,303.8,314.6,1748,43.3,128,0,0,0,0,0,0
9519,L54777,L,303.8,314.6,1820,34.2,4,0,0,0,0,0,0
9520,L54778,L,303.8,314.7,1474,52.6,6,0,0,0,0,0,0
9521,H71865,H,303.9,314.7,1677,45.6,11,0,0,0,0,0,0
9522,M12879,M,303.9,314.7,1586,31.6,14,0,0,0,0,0,0
9523,L54779,L,303.9,314.7,1640,31.5,16,0,0,0,0,0,0
9524,M12880,M,303.8,314.6,1544,37.8,19,0,0,0,0,0,0
9525,L54780,L,303.8,314.6,1571,44.5,21,0,0,0,0,0,0
9526,M12881,M,303.9,314.7,1635,17.9,24,1,0,0,1,0,0
9527,M12882,M,303.9,314.7,1585,32.0,27,0,0,0,0,0,0
9528,L54781,L,303.8,314.6,1599,34.2,29,0,0,0,0,0,0
9529,H71866,H,303.9,314.7,1752,25.6,34,0,0,0,0,0,0
9530,L54782,L,303.9,314.7,1706,29.8,36,0,0,0,0,0,0
9531,M12883,M,303.9,314.7,1495,41.4,39,0,0,0,0,0,0
9532,M12884,M,303.9,314.7,1922,35.1,42,0,0,0,0,0,0
9533,H71867,H,303.9,314.7,1627,35.9,47,0,0,0,0,0,0
9534,L54783,L,303.8,314.7,1602,26.2,49,0,0,0,0,0,0
9535,H71868,H,303.9,314.7,1714,37.9,54,0,0,0,0,0,0
9536,L54784,L,303.8,314.6,1728,25.0,56,0,0,0,0,0,0
9537,H71869,H,303.8,314.6,1501,54.6,61,0,0,0,0,0,0
9538,L54785,L,303.8,314.7,1595,57.4,63,1,0,0,1,0,0
9539,M12885,M,303.8,314.7,1614,35.3,66,0,0,0,0,0,0
9540,L54786,L,303.8,314.7,1682,28.8,68,0,0,0,0,0,0
9541,H71870,H,303.8,314.7,1737,48.5,73,0,0,0,0,0,0
9542,H71871,H,303.8,314.6,1630,45.9,78,0,0,0,0,0,0
9543,L54787,L,303.8,314.7,1608,58.7,80,1,0,0,1,0,0
9544,M12886,M,303.8,314.7,1492,61.4,83,1,0,0,1,0,0
9545,M12887,M,303.9,314.7,1769,19.7,86,0,0,0,0,0,0
9546,L54788,L,303.9,314.7,1520,51.6,88,0,0,0,0,0,0
9547,M12888,M,303.9,314.7,1588,37.8,91,0,0,0,0,0,0
9548,M12889,M,303.9,314.7,1584,45.5,94,0,0,0,0,0,0
9549,M12890,M,304.0,314.8,1547,47.8,97,0,0,0,0,0,0
9550,L54789,L,304.0,314.8,1705,47.4,99,0,0,0,0,0,0
9551,H71872,H,304.0,314.8,1650,50.0,104,0,0,0,0,0,0
9552,L54790,L,303.9,314.7,1473,34.4,106,0,0,0,0,0,0
9553,M12891,M,303.9,314.7,1855,30.5,109,0,0,0,0,0,0
9554,L54791,L,304.0,314.8,1646,51.9,111,0,0,0,0,0,0
9555,L54792,L,304.0,314.8,1798,31.3,113,0,0,0,0,0,0
9556,L54793,L,304.0,314.7,1538,58.6,115,1,0,0,1,0,0
9557,L54794,L,304.0,314.8,1555,32.4,117,0,0,0,0,0,0
9558,M12892,M,304.0,314.8,1551,36.2,120,0,0,0,0,0,0
9559,M12893,M,303.9,314.7,1814,38.1,123,0,0,0,0,0,0
9560,M12894,M,303.9,314.8,1584,24.6,126,0,0,0,0,0,0
9561,M12895,M,303.9,314.7,1600,24.6,129,0,0,0,0,0,0
9562,L54795,L,304.0,314.8,1564,49.1,131,0,0,0,0,0,0
9563,L54796,L,304.0,314.9,1615,22.8,133,0,0,0,0,0,0
9564,M12896,M,304.0,314.9,1567,65.2,136,1,0,0,1,0,0
9565,M12897,M,304.0,314.9,1710,39.1,139,0,0,0,0,0,0
9566,M12898,M,304.1,314.9,1741,29.7,142,0,0,0,0,0,0
9567,L54797,L,304.1,315.0,1573,44.2,144,0,0,0,0,0,0
9568,H71873,H,304.1,315.0,1804,15.4,149,1,0,0,1,0,0
9569,L54798,L,304.2,315.1,1828,36.7,151,0,0,0,0,0,0
9570,M12899,M,304.2,315.1,1532,37.9,154,0,0,0,0,0,0
9571,L54799,L,304.3,315.1,1816,27.3,156,0,0,0,0,0,0
9572,M12900,M,304.2,315.0,1756,33.7,159,0,0,0,0,0,0
9573,L54800,L,304.2,315.0,1561,55.3,161,1,0,0,1,0,0
9574,M12901,M,304.2,312.6,1655,41.8,164,0,0,0,0,0,0
9575,L54801,L,304.2,315.0,1661,44.0,166,0,0,0,0,0,0
9576,M12902,M,304.2,315.0,1603,32.1,169,0,0,0,0,0,0
9577,L54802,L,304.1,314.9,1572,26.8,171,0,0,0,0,0,0
9578,M12903,M,304.1,314.9,1744,37.6,174,0,0,0,0,0,0
9579,L54803,L,304.1,314.9,1666,15.4,176,1,0,0,1,0,0
9580,L54804,L,304.1,315.0,1609,29.0,178,0,0,0,0,0,0
9581,M12904,M,304.2,315.0,1669,27.5,181,0,0,0,0,0,0
9582,L54805,L,304.2,315.0,1782,19.6,183,0,0,0,0,0,0
9583,L54806,L,304.1,315.0,1571,46.5,185,0,0,0,0,0,0
9584,H71874,H,304.2,315.0,1592,38.7,190,0,0,0,0,0,0
9585,H71875,H,304.2,315.0,1768,33.8,195,0,0,0,0,0,0
9586,H71876,H,304.2,315.1,1585,46.7,200,1,1,0,0,0,0
9587,L54807,L,304.3,315.1,1664,23.6,202,1,1,0,0,0,0
9588,M12905,M,304.3,315.1,1755,26.6,205,0,0,0,0,0,0
9589,M12906,M,304.2,315.1,1597,51.2,208,1,1,0,0,0,0
9590,L54808,L,304.2,315.1,1534,62.8,210,1,0,0,1,1,0
9591,M12907,M,304.2,315.1,2074,46.8,213,1,0,0,1,0,0
9592,L54809,L,304.2,315.1,1613,44.7,215,0,0,0,0,0,0
9593,H71877,H,304.3,315.1,1756,34.2,220,1,1,0,0,0,0
9594,M12908,M,304.3,315.1,1551,34.4,223,0,0,0,0,0,0
9595,L54810,L,304.3,315.2,1750,42.3,225,0,0,0,0,0,0
9596,L54811,L,304.3,315.1,1496,53.7,227,1,0,0,0,1,0
9597,L54812,L,304.3,315.1,1481,44.3,229,1,1,0,0,0,0
9598,L54813,L,304.2,315.1,1529,49.6,231,1,0,0,0,1,0
9599,M12909,M,304.2,315.0,1666,30.8,234,0,0,0,0,0,0
9600,M12910,M,304.2,312.1,1552,46.2,237,0,0,0,0,0,0
9601,M12911,M,304.3,315.0,2018,33.3,240,1,1,0,0,0,0
9602,L54814,L,304.3,315.0,1734,41.4,242,0,0,0,0,0,0
9603,M12912,M,304.3,315.0,1540,46.2,245,0,0,0,0,0,0
9604,L54815,L,304.3,315.1,1474,34.7,247,0,0,0,0,0,0
9605,L54816,L,304.3,315.0,1671,29.8,249,0,0,0,0,0,0
9606,H71878,H,304.3,315.0,1815,43.6,1,0,0,0,0,0,0
9607,M12913,M,304.3,315.1,1561,38.7,4,0,0,0,0,0,0
9608,M12914,M,304.3,315.1,1562,41.4,7,0,0,0,0,0,0
9609,H71879,H,304.4,315.2,1579,46.6,12,0,0,0,0,0,0
9610,L54817,L,304.4,315.3,1721,53.1,14,1,0,0,1,0,0
9611,H71880,H,304.5,315.3,1583,46.6,19,0,0,0,0,0,0
9612,M12915,M,304.5,315.4,1530,45.3,22,0,0,0,0,0,0
9613,M12916,M,304.5,315.4,1709,35.0,25,0,0,0,0,0,0
9614,L54818,L,304.5,315.3,1694,36.5,27,0,0,0,0,0,0
9615,L54819,L,304.5,315.3,1670,44.5,29,0,0,0,0,0,0
9616,L54820,L,304.5,315.3,1573,36.4,31,0,0,0,0,0,0
9617,L54821,L,304.5,315.3,1576,44.5,33,0,0,0,0,0,0
9618,L54822,L,304.5,315.3,1444,31.8,35,0,0,0,0,0,0
9619,M12917,M,304.5,315.3,1586,59.3,38,1,0,0,1,0,0
9620,M12918,M,304.6,315.3,1713,41.9,41,0,0,0,0,0,0
9621,L54823,L,304.6,315.4,1638,41.3,43,0,0,0,0,0,0
9622,M12919,M,304.6,315.4,1770,35.2,46,0,0,0,0,0,0
9623,H71881,H,304.5,315.3,1577,59.1,51,1,0,0,1,0,0
9624,M12920,M,304.5,315.3,1668,27.5,54,0,0,0,0,0,0
9625,M12921,M,304.6,315.4,1754,33.0,57,0,0,0,0,0,0
9626,M12922,M,304.6,315.4,1527,48.5,60,0,0,0,0,0,0
9627,L54824,L,304.5,315.3,1776,42.4,62,0,0,0,0,0,0
9628,L54825,L,304.5,315.3,1771,34.2,64,0,0,0,0,0,0
9629,H71882,H,304.5,312.6,1652,34.5,69,0,0,0,0,0,0
9630,M12923,M,304.4,315.2,1648,37.1,72,0,0,0,0,0,0
9631,M12924,M,304.5,315.3,1307,41.0,75,0,0,0,0,0,0
9632,H71883,H,304.5,315.3,1554,55.5,80,1,0,0,1,0,0
9633,L54826,L,304.5,315.3,1737,46.1,82,0,0,0,0,0,0
9634,L54827,L,304.5,315.3,1548,50.2,84,0,0,0,0,0,0
9635,M12925,M,304.5,315.3,1537,35.7,87,0,0,0,0,0,0
9636,L54828,L,304.4,315.3,1600,45.2,89,0,0,0,0,0,0
9637,M12926,M,304.4,315.3,1799,24.5,92,0,0,0,0,0,0
9638,H71884,H,304.4,315.3,1732,41.8,97,0,0,0,0,0,0
9639,M12927,M,304.5,315.4,1654,41.2,100,0,0,0,0,0,0
9640,L54829,L,304.5,315.4,1498,58.2,102,1,0,0,1,0,0
9641,M12928,M,304.5,315.3,1565,55.6,105,1,0,0,1,0,0
9642,L54830,L,304.5,315.3,1604,37.4,107,0,0,0,0,0,0
9643,H71885,H,304.5,315.3,1485,31.8,112,0,0,0,0,0,0
9644,L54831,L,304.5,315.3,1614,32.1,114,0,0,0,0,0,0
9645,H71886,H,304.5,315.3,1711,37.1,119,0,0,0,0,0,0
9646,L54832,L,304.5,315.3,1558,53.0,121,0,0,0,0,0,0
9647,L54833,L,304.5,315.3,1601,44.1,123,0,0,0,0,0,0
9648,M12929,M,304.5,315.3,1723,45.2,126,0,0,0,0,0,0
9649,L54834,L,304.5,315.3,1521,48.1,128,0,0,0,0,0,0
9650,L54835,L,304.6,315.4,1624,30.1,130,0,0,0,0,0,0
9651,H71887,H,304.5,315.3,1717,32.9,135,0,0,0,0,0,0
9652,H71888,H,304.5,312.8,1559,45.2,140,0,0,0,0,0,0
9653,L54836,L,304.5,315.4,1626,32.2,142,0,0,0,0,0,0
9654,M12930,M,304.6,315.4,1869,24.7,145,0,0,0,0,0,0
9655,H71889,H,304.5,315.4,1610,29.2,150,0,0,0,0,0,0
9656,H71890,H,304.6,315.4,1529,50.5,155,0,0,0,0,0,0
9657,L54837,L,304.6,315.4,1709,36.3,157,0,0,0,0,0,0
9658,L54838,L,304.5,315.4,1634,42.3,159,0,0,0,0,0,0
9659,H71891,H,304.5,315.3,1580,29.7,164,0,0,0,0,0,0
9660,L54839,L,304.5,315.4,1791,43.8,166,0,0,0,0,0,0
9661,L54840,L,304.5,315.3,1593,37.3,14,0,0,0,0,0,0
9662,M12931,M,304.5,315.3,1605,44.5,17,0,0,0,0,0,0
9663,L54841,L,304.5,315.4,1714,35.2,19,0,0,0,0,0,0
9664,H71892,H,304.6,315.4,1818,45.0,24,0,0,0,0,0,0
9665,L54842,L,304.7,315.5,1641,34.7,26,0,0,0,0,0,0
9666,M12932,M,304.7,312.9,1571,39.2,29,0,0,0,0,0,0
9667,H71893,H,304.6,315.5,1709,37.3,34,0,0,0,0,0,0
9668,H71894,H,304.5,315.4,1837,40.3,39,0,0,0,0,0,0
9669,H71895,H,304.5,315.4,1648,42.8,44,0,0,0,0,0,0
9670,H71896,H,304.6,315.4,1650,35.1,49,0,0,0,0,0,0
9671,L54843,L,304.6,315.4,1691,38.8,51,0,0,0,0,0,0
9672,H71897,H,304.5,315.4,1454,41.9,56,0,0,0,0,0,0
9673,H71898,H,304.5,315.4,1568,45.1,61,0,0,0,0,0,0
9674,M12933,M,304.5,315.4,1490,39.2,64,0,0,0,0,0,0
9675,L54844,L,304.6,315.4,1664,31.1,66,0,0,0,0,0,0
9676,L54845,L,304.5,315.4,1599,40.9,68,0,0,0,0,0,0
9677,M12934,M,304.5,315.3,1378,46.7,71,0,0,0,0,0,0
9678,M12935,M,304.5,315.4,1735,26.7,74,0,0,0,0,0,0
9679,L54846,L,304.6,315.4,1774,26.8,76,0,0,0,0,0,0
9680,L54847,L,304.6,315.4,1667,33.4,78,0,0,0,0,0,0
9681,M12936,M,304.6,315.4,1522,38.1,81,0,0,0,0,0,0
9682,L54848,L,304.6,315.4,1878,18.0,83,0,0,0,0,0,0
9683,H71899,H,304.6,315.4,1791,45.7,88,0,0,0,0,0,0
9684,L54849,L,304.6,315.4,1696,38.2,90,0,0,0,0,0,0
9685,L54850,L,304.6,315.4,1740,16.5,92,1,0,0,1,0,0
9686,L54851,L,304.5,315.4,1677,28.9,94,0,0,0,0,0,0
9687,H71900,H,304.5,315.4,1705,37.0,99,0,0,0,0,0,0
9688,H71901,H,304.5,315.4,1750,22.3,104,0,0,0,0,0,0
9689,L54852,L,304.5,315.4,1639,49.7,106,0,0,0,0,0,0
9690,L54853,L,304.6,315.4,1681,41.9,108,0,0,0,0,0,0
9691,L54854,L,304.6,315.4,1968,46.8,110,1,0,0,1,0,0
9692,L54855,L,304.6,315.4,1629,29.7,112,0,0,0,0,0,0
9693,M12937,M,304.6,315.4,1603,44.1,115,0,0,0,0,0,0
9694,L54856,L,304.6,315.4,1726,33.4,117,0,0,0,0,0,0
9695,M12938,M,304.6,315.4,1520,38.1,120,0,0,0,0,0,0
9696,L54857,L,304.6,315.4,1611,43.5,122,0,0,0,0,0,0
9697,L54858,L,304.6,315.4,1650,39.3,124,0,0,0,0,0,0
9698,L54859,L,304.6,315.4,1564,48.1,126,0,0,0,0,0,0
9699,L54860,L,304.6,315.4,1769,41.4,128,0,0,0,0,0,0
9700,L54861,L,304.6,315.4,1785,35.4,130,0,0,0,0,0,0
9701,L54862,L,304.6,315.4,1644,48.4,132,0,0,0,0,0,0
9702,L54863,L,304.6,315.4,1755,50.5,134,1,0,0,1,0,0
9703,H71902,H,304.5,315.4,1724,40.9,139,0,0,0,0,0,0
9704,L54864,L,304.6,315.5,1593,53.4,141,0,0,0,0,0,0
9705,L54865,L,304.6,315.5,1619,37.6,143,0,0,0,0,0,0
9706,L54866,L,304.5,315.4,1621,38.7,145,0,0,0,0,0,0
9707,M12939,M,304.6,315.4,1684,40.0,148,0,0,0,0,0,0
9708,H71903,H,304.5,315.4,1623,38.7,153,0,0,0,0,0,0
9709,M12940,M,304.5,315.4,1530,36.9,156,0,0,0,0,0,0
9710,M12941,M,304.4,315.3,1653,32.9,159,0,0,0,0,0,0
9711,H71904,H,304.4,312.7,1794,30.1,164,0,0,0,0,0,0
9712,L54867,L,304.4,315.3,1413,41.1,166,0,0,0,0,0,0
9713,H71905,H,304.4,315.3,1714,52.0,171,1,0,0,1,0,0
9714,M12942,M,304.4,315.3,1659,48.1,174,0,0,0,0,0,0
9715,L54868,L,304.4,315.4,1609,43.9,176,0,0,0,0,0,0
9716,L54869,L,304.4,315.3,1611,52.5,178,0,0,0,0,0,0
9717,L54870,L,304.4,315.3,1735,40.2,180,0,0,0,0,0,0
9718,L54871,L,304.5,315.4,1704,30.1,182,0,0,0,0,0,0
9719,H71906,H,304.5,315.5,1754,36.5,187,0,0,0,0,0,0
9720,L54872,L,304.6,315.5,1730,39.4,189,0,0,0,0,0,0
9721,M12943,M,304.6,315.6,1692,34.9,192,0,0,0,0,0,0
9722,H71907,H,304.6,315.5,1518,46.1,197,0,0,0,0,0,0
9723,L54873,L,304.6,315.5,1593,49.4,199,0,0,0,0,0,0
9724,L54874,L,304.6,315.6,1556,22.7,201,0,0,0,0,0,0
9725,M12944,M,304.6,315.5,1698,38.5,204,0,0,0,0,0,0
9726,H71908,H,304.5,315.5,1763,11.0,209,1,1,0,1,0,0
9727,L54875,L,304.5,315.5,1599,39.1,211,0,0,0,0,0,0
9728,L54876,L,304.5,313.0,1714,39.0,213,0,0,0,0,0,0
9729,M12945,M,304.5,315.5,1443,57.8,216,1,1,0,0,1,0
9730,H71909,H,304.5,315.5,1583,54.8,221,1,0,0,1,0,0
9731,L54877,L,304.5,315.5,1571,49.3,223,0,0,0,0,0,0
9732,L54878,L,304.5,315.5,1684,30.4,225,1,1,0,0,0,0
9733,H71910,H,304.4,315.4,1728,29.8,230,0,0,0,0,0,0
9734,L54879,L,304.5,315.4,1871,29.0,232,0,0,0,0,0,0
9735,L54880,L,304.5,315.5,1606,55.3,234,1,0,0,1,1,0
9736,M12946,M,304.5,315.4,1820,30.9,237,0,0,0,0,0,0
9737,L54881,L,304.5,315.4,1796,36.1,239,1,1,0,0,0,0
9738,L54882,L,304.4,315.4,1766,31.0,241,0,0,0,0,0,0
9739,M12947,M,304.4,315.4,1549,27.4,244,0,0,0,0,0,0
9740,M12948,M,304.4,315.4,1611,43.3,247,0,0,0,0,0,0
9741,M12949,M,304.5,315.4,1544,41.5,250,0,0,0,0,0,0
9742,L54883,L,304.5,315.4,2023,17.8,252,0,0,0,0,0,0
9743,M12950,M,304.5,315.4,1627,27.0,12,0,0,0,0,0,0
9744,M12951,M,304.4,315.4,1152,42.6,15,0,0,0,0,0,0
9745,H71911,H,304.5,315.4,1404,39.3,20,0,0,0,0,0,0
9746,M12952,M,304.5,315.5,1578,36.0,23,0,0,0,0,0,0
9747,M12953,M,304.5,315.5,1630,46.1,26,0,0,0,0,0,0
9748,H71912,H,304.5,315.4,1823,25.6,31,0,0,0,0,0,0
9749,H71913,H,304.5,312.8,1585,34.1,36,0,0,0,0,0,0
9750,L54884,L,304.5,315.4,1728,45.2,38,0,0,0,0,0,0
9751,H71914,H,304.5,315.4,1678,33.5,43,0,0,0,0,0,0
9752,H71915,H,304.4,315.4,1590,43.1,48,0,0,0,0,0,0
9753,L54885,L,304.4,315.4,1725,28.5,50,0,0,0,0,0,0
9754,L54886,L,304.4,315.4,1820,31.8,52,0,0,0,0,0,0
9755,M12954,M,304.4,315.4,1747,22.2,55,0,0,0,0,0,0
9756,L54887,L,304.3,315.4,1657,19.4,57,1,0,0,1,0,0
9757,M12955,M,304.3,312.4,1713,35.2,60,0,0,0,0,0,0
9758,M12956,M,304.3,315.3,1663,44.5,63,0,0,0,0,0,0
9759,L54888,L,304.3,315.4,1639,38.9,65,0,0,0,0,0,0
9760,L54889,L,304.3,315.4,1682,51.6,67,1,0,0,1,0,0
9761,H71916,H,304.3,315.4,1464,36.1,72,0,0,0,0,0,0
9762,L54890,L,304.4,315.4,1792,18.8,74,0,0,0,0,0,0
9763,M12957,M,304.4,315.4,1703,43.4,77,0,0,0,0,0,0
9764,L54891,L,304.4,315.5,1576,29.2,79,0,0,0,0,0,0
9765,L54892,L,304.4,315.4,1510,41.3,81,0,0,0,0,0,0
9766,M12958,M,304.4,315.5,1859,17.1,84,1,0,0,1,0,0
9767,L54893,L,304.4,315.5,1770,37.2,86,0,0,0,0,0,0
9768,M12959,M,304.4,313.1,1736,47.0,89,0,0,0,0,0,0
9769,M12960,M,304.4,315.5,1557,45.8,92,0,0,0,0,0,0
9770,L54894,L,304.3,315.4,1681,37.5,94,0,0,0,0,0,0
9771,L54895,L,304.3,315.4,1683,39.5,96,0,0,0,0,0,0
9772,M12961,M,304.3,315.4,1522,35.0,99,0,0,0,0,0,0
9773,M12962,M,304.3,315.4,1680,37.0,102,0,0,0,0,0,0
9774,M12963,M,304.4,315.4,1630,46.3,105,1,0,0,0,0,1
9775,M12964,M,304.4,315.4,1756,32.5,108,0,0,0,0,0,0
9776,L54896,L,304.4,315.5,1632,33.5,110,0,0,0,0,0,0
9777,L54897,L,304.5,315.5,1845,24.2,112,0,0,0,0,0,0
9778,M12965,M,304.5,315.5,1624,46.5,115,0,0,0,0,0,0
9779,M12966,M,304.5,315.6,1821,36.8,118,0,0,0,0,0,0
9780,H71917,H,304.5,315.5,1783,27.4,123,0,0,0,0,0,0
9781,L54898,L,304.4,315.5,1632,48.2,125,0,0,0,0,0,0
9782,M12967,M,304.4,315.5,1549,39.0,128,0,0,0,0,0,0
9783,M12968,M,304.4,315.5,1573,32.0,131,0,0,0,0,0,0
9784,L54899,L,304.4,315.4,1750,48.4,133,0,0,0,0,0,0
9785,M12969,M,304.4,315.4,1750,36.0,136,0,0,0,0,0,0
9786,M12970,M,304.4,315.5,1709,23.8,139,0,0,0,0,0,0
9787,L54900,L,304.4,315.5,1565,49.0,141,0,0,0,0,0,0
9788,L54901,L,304.4,315.5,1716,31.1,143,0,0,0,0,0,0
9789,L54902,L,304.3,315.4,1375,69.7,145,1,0,0,1,0,0
9790,H71918,H,304.3,315.3,1634,35.0,150,0,0,0,0,0,0
9791,L54903,L,304.3,315.3,1813,19.3,17,0,0,0,0,0,0
9792,L54904,L,304.2,315.3,1629,57.0,19,1,0,0,1,0,0
9793,L54905,L,304.2,315.2,1623,38.9,21,0,0,0,0,0,0
9794,L54906,L,304.3,315.3,1784,42.0,23,0,0,0,0,0,0
9795,L54907,L,304.3,315.3,1727,43.3,25,0,0,0,0,0,0
9796,M12971,M,304.2,315.3,1654,25.8,28,0,0,0,0,0,0
9797,L54908,L,304.2,315.2,1651,17.8,30,1,0,0,1,0,0
9798,L54909,L,304.3,315.3,1605,59.0,32,1,0,0,1,0,0
9799,L54910,L,304.3,315.3,1694,23.8,34,0,0,0,0,0,0
9800,L54911,L,304.3,315.3,1510,55.8,36,0,0,0,0,0,0
9801,L54912,L,304.3,315.3,1646,44.7,38,0,0,0,0,0,0
9802,M12972,M,304.3,315.3,1708,41.2,41,0,0,0,0,0,0
9803,M12973,M,304.3,315.3,1748,34.8,44,0,0,0,0,0,0
9804,M12974,M,304.3,315.3,1538,62.5,47,1,0,0,1,0,0
9805,L54913,L,304.3,315.3,1482,32.5,49,0,0,0,0,0,0
9806,H71919,H,304.3,315.3,1773,32.8,54,0,0,0,0,0,0
9807,M12975,M,304.3,315.2,1545,46.2,57,0,0,0,0,0,0
9808,L54914,L,304.2,315.2,1716,32.7,59,0,0,0,0,0,0
9809,L54915,L,304.3,315.3,1694,29.3,61,0,0,0,0,0,0
9810,M12976,M,304.3,315.3,1858,38.9,16,0,0,0,0,0,0
9811,L54916,L,304.3,315.3,1802,46.3,18,0,0,0,0,0,0
9812,L54917,L,304.3,315.3,1514,58.3,20,1,0,0,1,0,0
9813,M12977,M,304.3,315.3,1423,60.3,23,0,0,0,0,0,0
9814,L54918,L,304.4,315.4,1632,21.6,25,0,0,0,0,0,0
9815,H71920,H,304.4,315.4,1623,49.9,30,0,0,0,0,0,0
9816,L54919,L,304.4,315.5,1655,29.6,32,0,0,0,0,0,0
9817,L54920,L,304.4,315.4,1601,30.1,34,0,0,0,0,0,0
9818,L54921,L,304.4,315.4,1634,34.1,36,0,0,0,0,0,0
9819,L54922,L,304.5,315.4,1725,33.4,38,0,0,0,0,0,0
9820,H71921,H,304.5,315.4,1701,28.8,43,0,0,0,0,0,0
9821,H71922,H,304.5,315.4,1730,16.2,48,1,0,0,1,0,0
9822,H71923,H,304.5,315.4,1545,53.9,53,0,0,0,0,0,0
9823,M12978,M,304.5,315.5,1591,48.5,56,0,0,0,0,0,0
9824,L54923,L,304.4,315.4,1674,39.3,58,0,0,0,0,0,0
9825,L54924,L,304.4,315.4,1728,29.8,60,0,0,0,0,0,0
9826,L54925,L,304.4,315.4,1440,51.8,62,0,0,0,0,0,0
9827,H71924,H,304.4,315.3,1671,38.9,67,0,0,0,0,0,0
9828,L54926,L,304.3,315.3,1650,33.7,69,0,0,0,0,0,0
9829,L54927,L,304.3,315.3,1647,23.0,71,0,0,0,0,0,0
9830,M12979,M,304.3,315.3,2011,44.9,74,1,0,0,1,0,0
9831,M12980,M,304.3,315.3,1774,36.1,77,0,0,0,0,0,0
9832,L54928,L,304.4,315.4,1712,42.1,79,0,0,0,0,0,0
9833,M12981,M,304.4,315.4,1653,41.2,82,0,0,0,0,0,0
9834,M12982,M,304.4,315.4,1539,45.8,85,0,0,0,0,0,0
9835,H71925,H,304.3,315.3,1519,41.7,90,0,0,0,0,0,0
9836,L54929,L,304.3,315.3,1584,36.4,92,0,0,0,0,0,0
9837,L54930,L,304.3,315.3,1625,45.0,94,0,0,0,0,0,0
9838,L54931,L,304.4,315.3,1606,49.0,96,0,0,0,0,0,0
9839,H71926,H,304.4,315.3,1514,55.0,101,0,0,0,0,0,0
9840,H71927,H,304.4,315.4,1790,28.3,106,0,0,0,0,0,0
9841,M12983,M,304.4,315.4,1629,50.6,109,0,0,0,0,0,0
9842,L54932,L,304.4,315.4,1497,23.6,111,0,0,0,0,0,0
9843,L54933,L,304.5,315.4,1610,49.6,113,0,0,0,0,0,0
9844,M12984,M,304.5,315.4,1751,33.6,116,0,0,0,0,0,0
9845,L54934,L,304.5,315.4,1627,47.9,118,0,0,0,0,0,0
9846,M12985,M,304.4,315.4,1627,54.4,121,1,0,0,1,0,0
9847,H71928,H,304.5,315.4,1617,41.8,126,0,0,0,0,0,0
9848,L54935,L,304.4,315.3,1647,39.5,128,0,0,0,0,0,0
9849,L54936,L,304.4,315.3,1651,39.0,130,0,0,0,0,0,0
9850,L54937,L,304.4,315.3,1691,35.3,132,0,0,0,0,0,0
9851,L54938,L,304.4,315.3,1539,51.2,134,0,0,0,0,0,0
9852,M12986,M,304.4,315.3,1754,38.9,137,0,0,0,0,0,0
9853,L54939,L,304.5,315.4,1891,18.2,139,0,0,0,0,0,0
9854,L54940,L,304.5,315.4,1556,48.8,141,0,0,0,0,0,0
9855,L54941,L,304.5,315.4,1502,48.3,143,0,0,0,0,0,0
9856,L54942,L,304.5,315.5,1527,40.4,145,0,0,0,0,0,0
9857,M12987,M,304.5,315.5,1727,32.1,148,0,0,0,0,0,0
9858,M12988,M,304.6,315.5,1763,28.4,151,0,0,0,0,0,0
9859,M12989,M,304.6,315.5,1728,32.1,154,0,0,0,0,0,0
9860,M12990,M,304.5,315.5,1684,42.0,157,0,0,0,0,0,0
9861,L54943,L,304.5,315.5,1695,21.6,159,0,0,0,0,0,0
9862,M12991,M,304.5,315.5,1449,44.2,162,0,0,0,0,0,0
9863,L54944,L,304.5,315.4,1601,40.7,164,0,0,0,0,0,0
9864,H71929,H,304.4,315.3,1732,52.9,169,1,0,0,1,0,0
9865,L54945,L,304.4,315.3,1637,47.0,171,0,0,0,0,0,0
9866,L54946,L,304.5,315.3,1726,32.8,173,0,0,0,0,0,0
9867,L54947,L,304.5,315.3,1819,23.1,175,0,0,0,0,0,0
9868,M12992,M,304.6,315.4,1617,31.8,178,0,0,0,0,0,0
9869,L54948,L,304.5,315.4,1598,53.8,180,1,0,0,1,0,0
9870,H71930,H,304.6,315.4,1681,42.9,185,0,0,0,0,0,0
9871,L54949,L,304.6,315.5,1535,46.0,187,0,0,0,0,0,0
9872,H71931,H,304.6,315.5,1715,33.7,192,0,0,0,0,0,0
9873,M12993,M,304.7,315.5,1741,44.8,195,0,0,0,0,0,0
9874,L54950,L,304.7,315.5,1693,24.8,197,0,0,0,0,0,0
9875,L54951,L,304.7,315.5,1446,49.4,199,0,0,0,0,0,0
9876,L54952,L,304.8,315.6,1726,28.4,201,0,0,0,0,0,0
9877,H71932,H,304.8,315.6,1694,20.3,206,0,0,0,0,0,0
9878,H71933,H,304.8,315.6,1549,62.6,211,1,1,0,1,1,0
9879,L54953,L,304.8,315.6,1567,41.3,213,1,1,0,0,0,0
9880,L54954,L,304.7,315.5,1650,41.1,215,0,0,0,0,0,0
9881,L54955,L,304.8,315.6,1858,21.3,217,0,0,0,0,0,0
9882,L54956,L,304.8,315.6,1615,46.2,219,0,0,0,0,0,0
9883,M12994,M,304.8,315.7,1456,48.9,222,0,0,0,0,0,0
9884,L54957,L,304.8,315.7,1694,38.0,224,1,1,0,0,0,0
9885,L54958,L,304.8,315.6,1606,48.9,226,1,0,0,0,1,0
9886,H71934,H,304.9,315.7,1608,51.7,231,1,1,0,0,0,0
9887,M12995,M,304.9,315.7,1710,45.3,234,0,0,0,0,0,0
9888,M12996,M,304.8,315.7,1715,18.3,237,1,0,0,1,0,0
9889,L54959,L,304.9,315.7,1684,28.5,239,0,0,0,0,0,0
9890,H71935,H,304.9,315.8,1470,56.9,244,1,0,0,0,1,0
9891,M12997,M,304.9,315.8,1663,40.8,247,0,0,0,0,0,0
9892,M12998,M,304.9,315.8,1661,40.9,250,0,0,0,0,0,0
9893,L54960,L,304.9,315.8,1670,31.7,252,0,0,0,0,0,0
9894,H71936,H,304.9,315.8,1750,33.6,3,0,0,0,0,0,0
9895,M12999,M,304.9,315.7,1495,51.9,6,0,0,0,0,0,0
9896,H71937,H,304.9,315.8,1584,55.0,11,1,0,0,1,0,0
9897,M13000,M,304.9,315.8,1663,48.0,14,0,0,0,0,0,0
9898,M13001,M,304.9,315.8,1573,45.5,17,0,0,0,0,0,0
9899,M13002,M,304.9,315.8,1494,46.3,20,0,0,0,0,0,0
9900,H71938,H,304.9,315.8,1501,39.3,25,0,0,0,0,0,0
9901,L54961,L,304.8,315.7,1727,28.0,27,0,0,0,0,0,0
9902,L54962,L,304.9,315.7,1526,25.8,29,0,0,0,0,0,0
9903,M13003,M,304.9,315.8,1527,53.1,32,0,0,0,0,0,0
9904,M13004,M,305.0,315.9,1692,39.7,35,0,0,0,0,0,0
9905,M13005,M,305.0,315.9,1407,44.8,38,0,0,0,0,0,0
9906,M13006,M,305.1,315.9,1673,42.1,41,0,0,0,0,0,0
9907,M13007,M,305.1,316.0,1538,42.6,44,0,0,0,0,0,0
9908,M13008,M,305.1,316.0,1597,43.4,47,0,0,0,0,0,0
9909,L54963,L,305.1,316.0,1621,47.0,49,0,0,0,0,0,0
9910,H71939,H,305.2,316.1,1540,32.3,54,0,0,0,0,0,0
9911,L54964,L,305.2,316.0,1872,51.8,56,1,0,0,1,0,0
9912,M13009,M,305.2,316.0,1634,32.6,59,1,0,0,0,0,1
9913,H71940,H,305.2,316.1,1692,42.4,64,0,0,0,0,0,0
9914,L54965,L,305.2,316.1,1846,28.2,66,0,0,0,0,0,0
9915,L54966,L,305.2,316.1,1685,38.3,68,0,0,0,0,0,0
9916,L54967,L,305.2,316.1,1574,33.4,70,0,0,0,0,0,0
9917,M13010,M,305.2,316.1,1658,40.2,73,0,0,0,0,0,0
9918,L54968,L,305.2,316.1,1446,47.4,75,0,0,0,0,0,0
9919,L54969,L,305.3,316.2,1616,40.8,77,0,0,0,0,0,0
9920,H71941,H,305.3,316.2,1699,59.6,82,1,0,0,1,0,0
9921,L54970,L,305.2,316.2,1482,48.0,84,0,0,0,0,0,0
9922,M13011,M,305.2,316.1,1588,37.7,87,0,0,0,0,0,0
9923,M13012,M,305.2,316.2,1821,39.1,90,0,0,0,0,0,0
9924,L54971,L,305.2,316.1,1615,43.8,92,0,0,0,0,0,0
9925,L54972,L,305.2,316.2,1533,47.0,94,0,0,0,0,0,0
9926,H71942,H,305.2,316.2,1749,27.7,99,0,0,0,0,0,0
9927,M13013,M,305.3,316.2,1575,46.4,102,0,0,0,0,0,0
9928,L54973,L,305.3,316.2,1468,27.9,104,0,0,0,0,0,0
9929,M13014,M,305.2,316.2,1499,45.4,107,0,0,0,0,0,0
9930,M13015,M,305.3,316.2,1778,51.0,110,1,0,0,1,0,0
9931,L54974,L,305.3,316.2,1664,43.0,112,0,0,0,0,0,0
9932,M13016,M,305.3,316.2,1903,16.7,115,1,0,0,1,0,0
9933,L54975,L,305.3,316.2,1650,22.2,117,0,0,0,0,0,0
9934,L54976,L,305.3,316.2,1616,45.6,119,0,0,0,0,0,0
9935,H71943,H,305.3,316.2,1762,15.5,124,1,0,0,1,0,0
9936,L54977,L,305.3,316.2,1569,46.1,126,0,0,0,0,0,0
9937,L54978,L,305.3,316.2,1618,49.8,128,0,0,0,0,0,0
9938,L54979,L,305.4,316.2,1491,51.4,130,0,0,0,0,0,0
9939,M13017,M,305.3,316.2,1771,37.6,133,0,0,0,0,0,0
9940,M13018,M,305.3,316.2,1669,44.4,136,0,0,0,0,0,0
9941,H71944,H,305.3,316.2,1623,42.1,141,0,0,0,0,0,0
9942,L54980,L,305.3,316.2,1739,25.3,143,0,0,0,0,0,0
9943,M13019,M,305.3,316.2,1584,47.5,146,0,0,0,0,0,0
9944,M13020,M,305.2,316.1,1423,53.9,149,0,0,0,0,0,0
9945,L54981,L,305.2,316.1,1525,46.9,151,0,0,0,0,0,0
9946,L54982,L,305.2,316.2,1660,35.0,153,0,0,0,0,0,0
9947,H71945,H,305.2,313.4,1580,47.4,158,0,0,0,0,0,0
9948,L54983,L,305.2,316.1,1641,53.0,160,1,0,0,1,0,0
9949,M13021,M,305.2,316.2,1640,51.7,163,0,0,0,0,0,0
9950,M13022,M,305.2,316.1,1546,50.3,166,0,0,0,0,0,0
9951,L54984,L,305.2,316.1,1647,24.1,168,0,0,0,0,0,0
9952,H71946,H,305.2,316.2,1697,44.0,173,0,0,0,0,0,0
9953,H71947,H,305.2,316.1,1633,46.5,178,0,0,0,0,0,0
9954,L54985,L,305.2,316.1,1540,50.4,180,0,0,0,0,0,0
9955,M13023,M,305.2,316.2,1520,45.2,183,0,0,0,0,0,0
9956,L54986,L,305.2,316.2,1508,55.5,185,0,0,0,0,0,0
9957,M13024,M,305.2,316.2,1780,21.7,188,0,0,0,0,0,0
9958,L54987,L,305.2,316.2,1773,45.6,190,0,0,0,0,0,0
9959,L54988,L,305.3,316.2,1606,44.8,192,0,0,0,0,0,0
9960,L54989,L,305.3,316.3,1528,49.0,194,0,0,0,0,0,0
9961,L54990,L,305.3,316.2,1764,55.4,196,1,0,0,1,0,0
9962,L54991,L,305.3,316.2,1663,31.1,198,0,0,0,0,0,0
9963,L54992,L,305.3,316.2,1500,55.1,200,1,0,0,0,1,0
9964,H71948,H,305.3,316.3,1571,48.1,205,1,1,0,0,0,0
9965,L54993,L,305.3,316.3,1619,38.1,207,1,1,0,0,0,0
9966,L54994,L,305.2,316.2,1812,30.9,209,1,1,0,0,0,0
9967,L54995,L,305.3,316.3,1489,42.0,211,1,1,0,0,0,0
9968,M13025,M,305.2,316.3,1689,42.9,214,0,0,0,0,0,0
9969,L54996,L,305.3,316.3,1631,43.4,15,0,0,0,0,0,0
9970,M13026,M,305.2,316.3,1632,33.7,18,0,0,0,0,0,0
9971,M13027,M,305.2,316.3,1588,46.1,21,0,0,0,0,0,0
9972,L54997,L,305.3,316.4,1649,35.9,23,0,0,0,0,0,0
9973,H71949,H,305.3,316.3,1595,52.2,28,0,0,0,0,0,0
9974,L54998,L,305.3,316.3,1520,57.1,30,1,0,0,1,0,0
9975,M13028,M,305.3,316.3,1686,31.9,33,0,0,0,0,0,0
9976,L54999,L,305.2,316.3,1577,40.6,35,0,0,0,0,0,0
9977,M13029,M,305.2,316.3,1796,49.7,38,1,0,0,1,0,0
9978,H71950,H,305.2,316.2,1726,42.8,1,0,0,0,0,0,0
9979,L55000,L,305.3,316.3,1764,26.5,3,0,0,0,0,0,0
9980,L55001,L,305.3,316.3,1565,48.6,5,0,0,0,0,0,0
9981,L55002,L,305.3,316.3,1755,33.9,7,0,0,0,0,0,0
9982,L55003,L,305.3,316.3,1667,42.0,9,0,0,0,0,0,0
9983,H71951,H,305.3,316.2,1712,30.1,14,0,0,0,0,0,0
9984,M13030,M,305.3,316.3,1561,47.9,17,0,0,0,0,0,0
9985,M13031,M,305.3,316.3,1697,35.8,20,0,0,0,0,0,0
9986,H71952,H,305.4,316.4,1755,49.0,25,1,0,0,1,0,0
9987,H71953,H,305.5,316.4,1668,37.9,30,0,0,0,0,0,0
9988,H71954,H,305.5,316.4,1651,35.2,35,0,0,0,0,0,0
9989,L55004,L,305.5,316.5,1637,44.1,37,0,0,0,0,0,0
9990,L55005,L,305.5,316.5,1710,29.3,39,0,0,0,0,0,0
9991,L55006,L,305.5,316.5,1507,58.0,41,1,0,0,1,0,0
9992,L55007,L,305.5,316.5,1574,41.9,43,0,0,0,0,0,0
9993,L55008,L,305.5,316.5,1751,34.3,45,0,0,0,0,0,0
9994,L55009,L,305.5,316.5,1779,36.0,47,0,0,0,0,0,0
9995,L55010,L,305.5,316.5,1853,40.2,49,0,0,0,0,0,0
9996,L55011,L,305.5,316.5,1639,50.0,51,0,0,0,0,0,0
9997,L55012,L,305.5,316.5,1707,31.1,53,0,0,0,0,0,0
9998,L55013,L,305.5,316.5,1750,36.3,55,0,0,0,0,0,0
9999,L55014,L,305.5,316.5,1571,39.5,57,0,0,0,0,0,0
10000,L55015,L,305.5,316.6,1628,55.4,59,1,0,0,1,0,0
